series,date,parameter,ineff,mcse,geweke_z,geweke_p
trend_inflation,01-Apr-1947,trend_inflation[1],4.29635252704857,0.0273092669170106,1.26898905669584,0.204444967123854
trend_inflation,01-Jul-1947,trend_inflation[2],53.4630290227742,0.154461967518014,NaN,NaN
trend_inflation,01-Oct-1947,trend_inflation[3],64.5429262778761,0.231338035129829,NaN,NaN
trend_inflation,01-Jan-1948,trend_inflation[4],23.9950559431123,0.0726435774201254,NaN,NaN
trend_inflation,01-Apr-1948,trend_inflation[5],20.2557704123542,0.0610007061806206,NaN,NaN
trend_inflation,01-Jul-1948,trend_inflation[6],37.4472407834737,0.108996365900497,NaN,NaN
trend_inflation,01-Oct-1948,trend_inflation[7],42.7058335313352,0.114210072501009,NaN,NaN
trend_inflation,01-Jan-1949,trend_inflation[8],59.4691707734705,0.178585035055783,NaN,NaN
trend_inflation,01-Apr-1949,trend_inflation[9],56.9628943097111,0.159779697923711,NaN,NaN
trend_inflation,01-Jul-1949,trend_inflation[10],55.7207290508457,0.149125165659315,NaN,NaN
trend_inflation,01-Oct-1949,trend_inflation[11],38.4106637045527,0.0949257489993303,NaN,NaN
trend_inflation,01-Jan-1950,trend_inflation[12],38.2975286922574,0.0970688722711433,NaN,NaN
trend_inflation,01-Apr-1950,trend_inflation[13],3.0934873265787,0.0207329693869494,NaN,NaN
trend_inflation,01-Jul-1950,trend_inflation[14],60.3220622012816,0.190100316358827,NaN,NaN
trend_inflation,01-Oct-1950,trend_inflation[15],58.1829040302194,0.173887387839458,NaN,NaN
trend_inflation,01-Jan-1951,trend_inflation[16],67.146978146715,0.319457558957196,NaN,NaN
trend_inflation,01-Apr-1951,trend_inflation[17],14.8150687307155,0.0501553209193487,NaN,NaN
trend_inflation,01-Jul-1951,trend_inflation[18],12.5146219138046,0.0475789248901092,NaN,NaN
trend_inflation,01-Oct-1951,trend_inflation[19],36.934458594332,0.0854352397329881,NaN,NaN
trend_inflation,01-Jan-1952,trend_inflation[20],2.2730161261999,0.0137449585290712,NaN,NaN
trend_inflation,01-Apr-1952,trend_inflation[21],21.8053299176523,0.0495344965895961,NaN,NaN
trend_inflation,01-Jul-1952,trend_inflation[22],4.64109299152545,0.0181267193957343,NaN,NaN
trend_inflation,01-Oct-1952,trend_inflation[23],7.18707691583942,0.0210582243665819,NaN,NaN
trend_inflation,01-Jan-1953,trend_inflation[24],1.24142439073724,0.00786133727803858,NaN,NaN
trend_inflation,01-Apr-1953,trend_inflation[25],5.09108169939499,0.0160911633799574,NaN,NaN
trend_inflation,01-Jul-1953,trend_inflation[26],6.38823479027518,0.0176677174917651,NaN,NaN
trend_inflation,01-Oct-1953,trend_inflation[27],3.83682552369482,0.0132637569784344,NaN,NaN
trend_inflation,01-Jan-1954,trend_inflation[28],5.25161244845979,0.0156950679079751,NaN,NaN
trend_inflation,01-Apr-1954,trend_inflation[29],16.7598374599633,0.0310465503024706,NaN,NaN
trend_inflation,01-Jul-1954,trend_inflation[30],24.619742220112,0.043367786999656,NaN,NaN
trend_inflation,01-Oct-1954,trend_inflation[31],15.9607141340363,0.0282705327385932,NaN,NaN
trend_inflation,01-Jan-1955,trend_inflation[32],3.08453318399077,0.0102347218123278,NaN,NaN
trend_inflation,01-Apr-1955,trend_inflation[33],4.79389297335927,0.0125801841581114,NaN,NaN
trend_inflation,01-Jul-1955,trend_inflation[34],0.94486157170714,0.00523679067586139,NaN,NaN
trend_inflation,01-Oct-1955,trend_inflation[35],2.35091228098698,0.00837933666247931,NaN,NaN
trend_inflation,01-Jan-1956,trend_inflation[36],0.858692470353664,0.00489973192622457,NaN,NaN
trend_inflation,01-Apr-1956,trend_inflation[37],4.40612215141351,0.0115653459309531,NaN,NaN
trend_inflation,01-Jul-1956,trend_inflation[38],11.3943247162166,0.0216365584196085,NaN,NaN
trend_inflation,01-Oct-1956,trend_inflation[39],4.18578773738422,0.0113253516837536,NaN,NaN
trend_inflation,01-Jan-1957,trend_inflation[40],7.46358493858738,0.0163463431828645,NaN,NaN
trend_inflation,01-Apr-1957,trend_inflation[41],4.21574120705245,0.0112319691065501,0.660532045473507,0.508912461029213
trend_inflation,01-Jul-1957,trend_inflation[42],6.14772675673325,0.0142012851731523,NaN,NaN
trend_inflation,01-Oct-1957,trend_inflation[43],2.6821696114982,0.00918586775053827,NaN,NaN
trend_inflation,01-Jan-1958,trend_inflation[44],9.72516655663695,0.0241250310993391,NaN,NaN
trend_inflation,01-Apr-1958,trend_inflation[45],3.72618200836443,0.01152310369464,NaN,NaN
trend_inflation,01-Jul-1958,trend_inflation[46],8.53765844656101,0.0194071770651475,NaN,NaN
trend_inflation,01-Oct-1958,trend_inflation[47],9.25213147780507,0.0199877825373811,NaN,NaN
trend_inflation,01-Jan-1959,trend_inflation[48],1.81360444182351,0.00669706493435532,NaN,NaN
trend_inflation,01-Apr-1959,trend_inflation[49],1.25650598503483,0.00514969449701815,NaN,NaN
trend_inflation,01-Jul-1959,trend_inflation[50],1.95432742445742,0.00654787150859958,NaN,NaN
trend_inflation,01-Oct-1959,trend_inflation[51],1.49365233951624,0.00533635124439205,NaN,NaN
trend_inflation,01-Jan-1960,trend_inflation[52],1.54061450897082,0.00536347009074509,NaN,NaN
trend_inflation,01-Apr-1960,trend_inflation[53],1.56856882698942,0.00503640201969572,NaN,NaN
trend_inflation,01-Jul-1960,trend_inflation[54],1.24230941117969,0.00426115776553432,NaN,NaN
trend_inflation,01-Oct-1960,trend_inflation[55],1.42671648477106,0.00451969706398286,NaN,NaN
trend_inflation,01-Jan-1961,trend_inflation[56],1.71797070727175,0.00499053011494428,NaN,NaN
trend_inflation,01-Apr-1961,trend_inflation[57],3.84690339689868,0.00829612740606003,NaN,NaN
trend_inflation,01-Jul-1961,trend_inflation[58],0.944095746304672,0.0033663290695516,NaN,NaN
trend_inflation,01-Oct-1961,trend_inflation[59],2.15692156340089,0.00518145522040959,NaN,NaN
trend_inflation,01-Jan-1962,trend_inflation[60],1.08765460257078,0.00342976527088948,NaN,NaN
trend_inflation,01-Apr-1962,trend_inflation[61],0.627484488352482,0.00246245191649245,NaN,NaN
trend_inflation,01-Jul-1962,trend_inflation[62],0.606500628316516,0.00231855382722414,NaN,NaN
trend_inflation,01-Oct-1962,trend_inflation[63],0.745250291268014,0.00253788825755889,NaN,NaN
trend_inflation,01-Jan-1963,trend_inflation[64],0.964150639246048,0.00288400957912744,NaN,NaN
trend_inflation,01-Apr-1963,trend_inflation[65],1.45084381861768,0.00376274212986369,NaN,NaN
trend_inflation,01-Jul-1963,trend_inflation[66],1.46402305190646,0.00371873194450844,NaN,NaN
trend_inflation,01-Oct-1963,trend_inflation[67],1.31902579423111,0.00335760812076097,NaN,NaN
trend_inflation,01-Jan-1964,trend_inflation[68],1.08477426704325,0.00310605897147343,NaN,NaN
trend_inflation,01-Apr-1964,trend_inflation[69],1.25720190302386,0.00345974636844056,NaN,NaN
trend_inflation,01-Jul-1964,trend_inflation[70],1.12837776413212,0.00311871674973831,NaN,NaN
trend_inflation,01-Oct-1964,trend_inflation[71],0.947048656245348,0.0028441687695812,NaN,NaN
trend_inflation,01-Jan-1965,trend_inflation[72],1.09085147436196,0.00316040332391765,NaN,NaN
trend_inflation,01-Apr-1965,trend_inflation[73],0.944952049937987,0.00309196916259465,NaN,NaN
trend_inflation,01-Jul-1965,trend_inflation[74],1.37473610287594,0.00388231390840126,NaN,NaN
trend_inflation,01-Oct-1965,trend_inflation[75],1.70090674698039,0.00496828781147299,NaN,NaN
trend_inflation,01-Jan-1966,trend_inflation[76],1.67746412089438,0.00510174439441051,NaN,NaN
trend_inflation,01-Apr-1966,trend_inflation[77],1.09861050276594,0.00424935733448341,NaN,NaN
trend_inflation,01-Jul-1966,trend_inflation[78],0.895191847127817,0.0035365405964412,NaN,NaN
trend_inflation,01-Oct-1966,trend_inflation[79],1.16308015787084,0.00398312229019772,NaN,NaN
trend_inflation,01-Jan-1967,trend_inflation[80],2.68646703586452,0.00864553951452673,NaN,NaN
trend_inflation,01-Apr-1967,trend_inflation[81],1.95227052368336,0.00610065793689097,1.16029639817578,0.245928150471406
trend_inflation,01-Jul-1967,trend_inflation[82],1.15557073010178,0.00399153475296957,NaN,NaN
trend_inflation,01-Oct-1967,trend_inflation[83],0.898731257997165,0.00328391207052202,NaN,NaN
trend_inflation,01-Jan-1968,trend_inflation[84],1.08716590902711,0.0036819611940796,NaN,NaN
trend_inflation,01-Apr-1968,trend_inflation[85],1.36309064486662,0.00384603371858659,NaN,NaN
trend_inflation,01-Jul-1968,trend_inflation[86],0.884263733039337,0.00298601701363424,NaN,NaN
trend_inflation,01-Oct-1968,trend_inflation[87],1.47797816464085,0.00387445074594446,NaN,NaN
trend_inflation,01-Jan-1969,trend_inflation[88],0.840773172207344,0.0031242315544928,NaN,NaN
trend_inflation,01-Apr-1969,trend_inflation[89],2.35594696515629,0.00532630391436339,NaN,NaN
trend_inflation,01-Jul-1969,trend_inflation[90],1.56775834553503,0.00417913869870965,NaN,NaN
trend_inflation,01-Oct-1969,trend_inflation[91],1.2446366898528,0.00366242190954278,NaN,NaN
trend_inflation,01-Jan-1970,trend_inflation[92],0.932615535081626,0.00327742016758696,NaN,NaN
trend_inflation,01-Apr-1970,trend_inflation[93],1.02669198222244,0.00357266878486923,NaN,NaN
trend_inflation,01-Jul-1970,trend_inflation[94],1.25679469602724,0.00421088903482738,NaN,NaN
trend_inflation,01-Oct-1970,trend_inflation[95],1.42542240156615,0.00497242903021315,NaN,NaN
trend_inflation,01-Jan-1971,trend_inflation[96],1.31942490983424,0.00461134777644056,NaN,NaN
trend_inflation,01-Apr-1971,trend_inflation[97],1.19469740000467,0.00457200921103674,NaN,NaN
trend_inflation,01-Jul-1971,trend_inflation[98],1.24141197551733,0.00463291292927509,NaN,NaN
trend_inflation,01-Oct-1971,trend_inflation[99],1.43057303532376,0.00607498507004489,NaN,NaN
trend_inflation,01-Jan-1972,trend_inflation[100],1.16816479448979,0.0052756469440697,NaN,NaN
trend_inflation,01-Apr-1972,trend_inflation[101],1.29141517780862,0.00607636638746598,NaN,NaN
trend_inflation,01-Jul-1972,trend_inflation[102],1.20880776414871,0.00530628191606392,NaN,NaN
trend_inflation,01-Oct-1972,trend_inflation[103],1.45518815204727,0.0066266017984246,NaN,NaN
trend_inflation,01-Jan-1973,trend_inflation[104],1.17039437988335,0.00574238542917909,NaN,NaN
trend_inflation,01-Apr-1973,trend_inflation[105],1.80159942808623,0.00805505734806984,NaN,NaN
trend_inflation,01-Jul-1973,trend_inflation[106],0.875105242513878,0.00515290537617221,NaN,NaN
trend_inflation,01-Oct-1973,trend_inflation[107],1.40338422675478,0.00680602725641533,NaN,NaN
trend_inflation,01-Jan-1974,trend_inflation[108],2.1974789788283,0.0108620280463011,NaN,NaN
trend_inflation,01-Apr-1974,trend_inflation[109],1.45919055341579,0.00763682133796459,NaN,NaN
trend_inflation,01-Jul-1974,trend_inflation[110],1.00291670404868,0.00615684898986864,NaN,NaN
trend_inflation,01-Oct-1974,trend_inflation[111],1.93152933670663,0.00874117430837057,NaN,NaN
trend_inflation,01-Jan-1975,trend_inflation[112],0.858266265009359,0.00540264509805385,NaN,NaN
trend_inflation,01-Apr-1975,trend_inflation[113],3.56073071765365,0.0143688757717758,NaN,NaN
trend_inflation,01-Jul-1975,trend_inflation[114],1.35396767042181,0.00720802278943352,NaN,NaN
trend_inflation,01-Oct-1975,trend_inflation[115],1.18112527423964,0.00650469788969749,NaN,NaN
trend_inflation,01-Jan-1976,trend_inflation[116],2.42485173458638,0.00979555795483204,NaN,NaN
trend_inflation,01-Apr-1976,trend_inflation[117],2.99789279354471,0.0128799396971262,NaN,NaN
trend_inflation,01-Jul-1976,trend_inflation[118],0.951256222977279,0.00538846960165597,NaN,NaN
trend_inflation,01-Oct-1976,trend_inflation[119],0.89877479011491,0.00505485044703329,NaN,NaN
trend_inflation,01-Jan-1977,trend_inflation[120],1.93354327597049,0.0077520145303292,NaN,NaN
trend_inflation,01-Apr-1977,trend_inflation[121],1.25865801999357,0.0059669862865675,1.33843240626061,0.180755520937873
trend_inflation,01-Jul-1977,trend_inflation[122],0.923690336682551,0.00507389179387518,NaN,NaN
trend_inflation,01-Oct-1977,trend_inflation[123],1.39670122960928,0.00663060987034693,NaN,NaN
trend_inflation,01-Jan-1978,trend_inflation[124],0.604303412466656,0.00406509473112969,NaN,NaN
trend_inflation,01-Apr-1978,trend_inflation[125],1.4113941413261,0.00683782051905239,NaN,NaN
trend_inflation,01-Jul-1978,trend_inflation[126],0.850058444036024,0.00505914484580812,NaN,NaN
trend_inflation,01-Oct-1978,trend_inflation[127],0.884393268361563,0.00514122604152768,NaN,NaN
trend_inflation,01-Jan-1979,trend_inflation[128],2.22820221119926,0.00913444985477639,NaN,NaN
trend_inflation,01-Apr-1979,trend_inflation[129],3.01157984311651,0.0119442633587154,NaN,NaN
trend_inflation,01-Jul-1979,trend_inflation[130],1.18316542712756,0.00626504198682709,NaN,NaN
trend_inflation,01-Oct-1979,trend_inflation[131],0.687139203303706,0.00483505042982586,NaN,NaN
trend_inflation,01-Jan-1980,trend_inflation[132],3.41695744390504,0.0136349199967111,NaN,NaN
trend_inflation,01-Apr-1980,trend_inflation[133],0.835529884422868,0.0054783147614522,NaN,NaN
trend_inflation,01-Jul-1980,trend_inflation[134],0.690980249904499,0.00494562229719013,NaN,NaN
trend_inflation,01-Oct-1980,trend_inflation[135],1.23446408647158,0.00688389756676372,NaN,NaN
trend_inflation,01-Jan-1981,trend_inflation[136],2.10880193084411,0.0106863004203106,NaN,NaN
trend_inflation,01-Apr-1981,trend_inflation[137],1.70070287878498,0.00838607072335385,NaN,NaN
trend_inflation,01-Jul-1981,trend_inflation[138],0.867688545050537,0.00566953189180021,NaN,NaN
trend_inflation,01-Oct-1981,trend_inflation[139],0.899951808650783,0.0055871760969708,NaN,NaN
trend_inflation,01-Jan-1982,trend_inflation[140],0.92574360567772,0.00557045602899636,NaN,NaN
trend_inflation,01-Apr-1982,trend_inflation[141],1.61985469091461,0.00787303852676061,NaN,NaN
trend_inflation,01-Jul-1982,trend_inflation[142],1.69942728537502,0.00845391195639992,NaN,NaN
trend_inflation,01-Oct-1982,trend_inflation[143],0.956544433467001,0.00553030817965771,NaN,NaN
trend_inflation,01-Jan-1983,trend_inflation[144],1.74234538511428,0.00768286798770221,NaN,NaN
trend_inflation,01-Apr-1983,trend_inflation[145],1.44570574873334,0.00664998452147438,NaN,NaN
trend_inflation,01-Jul-1983,trend_inflation[146],0.959299115883283,0.00580265674443174,NaN,NaN
trend_inflation,01-Oct-1983,trend_inflation[147],1.31037838512002,0.00644817745388798,NaN,NaN
trend_inflation,01-Jan-1984,trend_inflation[148],0.944036484500344,0.00515010599166062,NaN,NaN
trend_inflation,01-Apr-1984,trend_inflation[149],1.05928990100832,0.00530127359681201,NaN,NaN
trend_inflation,01-Jul-1984,trend_inflation[150],0.75422849466906,0.00446432627082233,NaN,NaN
trend_inflation,01-Oct-1984,trend_inflation[151],1.03324618019948,0.00542277437406094,NaN,NaN
trend_inflation,01-Jan-1985,trend_inflation[152],1.07918245806164,0.00599287009737172,NaN,NaN
trend_inflation,01-Apr-1985,trend_inflation[153],1.54578997400514,0.00634725573207125,NaN,NaN
trend_inflation,01-Jul-1985,trend_inflation[154],1.03519620106294,0.00530920534206903,NaN,NaN
trend_inflation,01-Oct-1985,trend_inflation[155],1.17190510925106,0.00567392803291573,NaN,NaN
trend_inflation,01-Jan-1986,trend_inflation[156],1.70544563664426,0.00729855995435537,NaN,NaN
trend_inflation,01-Apr-1986,trend_inflation[157],3.83111570586717,0.016798113850917,NaN,NaN
trend_inflation,01-Jul-1986,trend_inflation[158],2.77008128204156,0.0100103317023133,NaN,NaN
trend_inflation,01-Oct-1986,trend_inflation[159],1.30322191184499,0.00590956934358886,NaN,NaN
trend_inflation,01-Jan-1987,trend_inflation[160],1.34322348219906,0.0056233556341738,NaN,NaN
trend_inflation,01-Apr-1987,trend_inflation[161],1.79842116946052,0.00631773326092056,-0.993224806725755,0.320600411869661
trend_inflation,01-Jul-1987,trend_inflation[162],1.28521989508381,0.00515423632951405,NaN,NaN
trend_inflation,01-Oct-1987,trend_inflation[163],1.10387441114522,0.00471005135039383,NaN,NaN
trend_inflation,01-Jan-1988,trend_inflation[164],1.13767558535618,0.00486974631512466,NaN,NaN
trend_inflation,01-Apr-1988,trend_inflation[165],0.733549957109163,0.00396322626796324,NaN,NaN
trend_inflation,01-Jul-1988,trend_inflation[166],1.25634873079407,0.00549081739460596,NaN,NaN
trend_inflation,01-Oct-1988,trend_inflation[167],0.920261237749129,0.00445597664210272,NaN,NaN
trend_inflation,01-Jan-1989,trend_inflation[168],1.41655818937224,0.00579792545103688,NaN,NaN
trend_inflation,01-Apr-1989,trend_inflation[169],1.509905180185,0.00638237101447481,NaN,NaN
trend_inflation,01-Jul-1989,trend_inflation[170],1.50612912143071,0.00670792493329192,NaN,NaN
trend_inflation,01-Oct-1989,trend_inflation[171],0.86117561118724,0.00466010408203289,NaN,NaN
trend_inflation,01-Jan-1990,trend_inflation[172],3.02288088245487,0.0101596412314881,NaN,NaN
trend_inflation,01-Apr-1990,trend_inflation[173],1.4115666225443,0.00598567599062968,NaN,NaN
trend_inflation,01-Jul-1990,trend_inflation[174],2.35853345039351,0.00876606765357707,NaN,NaN
trend_inflation,01-Oct-1990,trend_inflation[175],2.34340681254634,0.00863483447739928,NaN,NaN
trend_inflation,01-Jan-1991,trend_inflation[176],1.85549298327685,0.00629211836134381,NaN,NaN
trend_inflation,01-Apr-1991,trend_inflation[177],1.59787006705365,0.00546637699809296,NaN,NaN
trend_inflation,01-Jul-1991,trend_inflation[178],0.840874463400645,0.00336242092735697,NaN,NaN
trend_inflation,01-Oct-1991,trend_inflation[179],0.786986416322259,0.00299171943012834,NaN,NaN
trend_inflation,01-Jan-1992,trend_inflation[180],0.947158843205401,0.00312918425716568,NaN,NaN
trend_inflation,01-Apr-1992,trend_inflation[181],1.15451230075666,0.00328554585810844,NaN,NaN
trend_inflation,01-Jul-1992,trend_inflation[182],0.678509477697241,0.00239890173241425,NaN,NaN
trend_inflation,01-Oct-1992,trend_inflation[183],1.04280480770996,0.00293726391062005,NaN,NaN
trend_inflation,01-Jan-1993,trend_inflation[184],0.703311917639038,0.00232224892560475,NaN,NaN
trend_inflation,01-Apr-1993,trend_inflation[185],1.42635724373473,0.0032524172100599,NaN,NaN
trend_inflation,01-Jul-1993,trend_inflation[186],1.61027416231322,0.0035504876597816,NaN,NaN
trend_inflation,01-Oct-1993,trend_inflation[187],0.945794142451824,0.00262599434873668,NaN,NaN
trend_inflation,01-Jan-1994,trend_inflation[188],1.58041277880152,0.00369238451532579,NaN,NaN
trend_inflation,01-Apr-1994,trend_inflation[189],0.690462808101574,0.00219121532600766,NaN,NaN
trend_inflation,01-Jul-1994,trend_inflation[190],2.12291465760397,0.00419055968711806,NaN,NaN
trend_inflation,01-Oct-1994,trend_inflation[191],1.17046542200173,0.00284313467778778,NaN,NaN
trend_inflation,01-Jan-1995,trend_inflation[192],1.1755689040091,0.00280602375308502,NaN,NaN
trend_inflation,01-Apr-1995,trend_inflation[193],0.837848635548706,0.00236612273783368,NaN,NaN
trend_inflation,01-Jul-1995,trend_inflation[194],0.831334935431771,0.00243064206455693,NaN,NaN
trend_inflation,01-Oct-1995,trend_inflation[195],0.907164843237603,0.00249646282484813,NaN,NaN
trend_inflation,01-Jan-1996,trend_inflation[196],1.74781587455488,0.00359625570876863,NaN,NaN
trend_inflation,01-Apr-1996,trend_inflation[197],2.30750004249463,0.00463320886686365,NaN,NaN
trend_inflation,01-Jul-1996,trend_inflation[198],1.31023218902193,0.00324940688287206,NaN,NaN
trend_inflation,01-Oct-1996,trend_inflation[199],1.81955275645085,0.00442222713607241,NaN,NaN
trend_inflation,01-Jan-1997,trend_inflation[200],0.968012901309428,0.002858675467377,NaN,NaN
trend_inflation,01-Apr-1997,trend_inflation[201],1.93643664665558,0.00430027875244852,1.43916211748367,0.150104595770315
trend_inflation,01-Jul-1997,trend_inflation[202],2.16315357873057,0.00462332596320377,NaN,NaN
trend_inflation,01-Oct-1997,trend_inflation[203],2.25014074308102,0.00480626035135274,NaN,NaN
trend_inflation,01-Jan-1998,trend_inflation[204],4.66200103809432,0.00878891332024549,NaN,NaN
trend_inflation,01-Apr-1998,trend_inflation[205],3.29467137166462,0.00653330783054274,NaN,NaN
trend_inflation,01-Jul-1998,trend_inflation[206],2.03599475684274,0.00472279330555459,NaN,NaN
trend_inflation,01-Oct-1998,trend_inflation[207],2.71149986202378,0.00551351166835666,NaN,NaN
trend_inflation,01-Jan-1999,trend_inflation[208],2.09823253476741,0.00506123494536486,NaN,NaN
trend_inflation,01-Apr-1999,trend_inflation[209],0.870532600783267,0.00315288559288445,NaN,NaN
trend_inflation,01-Jul-1999,trend_inflation[210],1.59957184480901,0.00438657378879121,NaN,NaN
trend_inflation,01-Oct-1999,trend_inflation[211],2.50522816502172,0.00589094169297739,NaN,NaN
trend_inflation,01-Jan-2000,trend_inflation[212],3.68417488041615,0.00807968166941034,NaN,NaN
trend_inflation,01-Apr-2000,trend_inflation[213],1.09880564389448,0.0037507683990056,NaN,NaN
trend_inflation,01-Jul-2000,trend_inflation[214],1.70213963773849,0.00486688285902322,NaN,NaN
trend_inflation,01-Oct-2000,trend_inflation[215],1.74739621708974,0.00494572307846096,NaN,NaN
trend_inflation,01-Jan-2001,trend_inflation[216],1.98778514140337,0.00571437824468866,NaN,NaN
trend_inflation,01-Apr-2001,trend_inflation[217],1.94769647279835,0.00548410683094919,NaN,NaN
trend_inflation,01-Jul-2001,trend_inflation[218],7.47063440253275,0.0148856073436886,NaN,NaN
trend_inflation,01-Oct-2001,trend_inflation[219],7.03929829721807,0.0151842076172083,NaN,NaN
trend_inflation,01-Jan-2002,trend_inflation[220],4.12819287713468,0.00962372621730419,NaN,NaN
trend_inflation,01-Apr-2002,trend_inflation[221],1.44248800477401,0.00495917843637401,NaN,NaN
trend_inflation,01-Jul-2002,trend_inflation[222],1.3972117128434,0.00469975035221547,NaN,NaN
trend_inflation,01-Oct-2002,trend_inflation[223],1.06437858350271,0.00411485009414711,NaN,NaN
trend_inflation,01-Jan-2003,trend_inflation[224],1.94362031693285,0.0057043613865748,NaN,NaN
trend_inflation,01-Apr-2003,trend_inflation[225],3.97738916572619,0.00881900398400842,NaN,NaN
trend_inflation,01-Jul-2003,trend_inflation[226],0.766004919869212,0.00351704166696712,NaN,NaN
trend_inflation,01-Oct-2003,trend_inflation[227],0.628740986901108,0.00309862781140148,NaN,NaN
trend_inflation,01-Jan-2004,trend_inflation[228],1.53002619640492,0.00505429505756945,NaN,NaN
trend_inflation,01-Apr-2004,trend_inflation[229],1.25234990803693,0.0044991876063943,NaN,NaN
trend_inflation,01-Jul-2004,trend_inflation[230],1.2002893982706,0.00441323270234639,NaN,NaN
trend_inflation,01-Oct-2004,trend_inflation[231],2.80222509183454,0.00714601560433424,NaN,NaN
trend_inflation,01-Jan-2005,trend_inflation[232],2.15521508539984,0.00623292484629934,NaN,NaN
trend_inflation,01-Apr-2005,trend_inflation[233],3.0386569508878,0.007764461405506,NaN,NaN
trend_inflation,01-Jul-2005,trend_inflation[234],8.52771904108625,0.0148811357173956,NaN,NaN
trend_inflation,01-Oct-2005,trend_inflation[235],4.02902099159978,0.00968206363034453,NaN,NaN
trend_inflation,01-Jan-2006,trend_inflation[236],1.67054421649933,0.0061688355425308,NaN,NaN
trend_inflation,01-Apr-2006,trend_inflation[237],3.18565079052983,0.00893748657490402,NaN,NaN
trend_inflation,01-Jul-2006,trend_inflation[238],1.18753893388267,0.00544782027768662,NaN,NaN
trend_inflation,01-Oct-2006,trend_inflation[239],21.0859087247865,0.0308923280971921,NaN,NaN
trend_inflation,01-Jan-2007,trend_inflation[240],4.35618983629172,0.0115861097713417,NaN,NaN
trend_inflation,01-Apr-2007,trend_inflation[241],4.80899681667326,0.0126032253393553,0.807078381406719,0.41962132642437
trend_inflation,01-Jul-2007,trend_inflation[242],1.33101531858335,0.00657190817917837,NaN,NaN
trend_inflation,01-Oct-2007,trend_inflation[243],13.2420220791082,0.0238715372423542,NaN,NaN
trend_inflation,01-Jan-2008,trend_inflation[244],6.74568803469705,0.0167178432952255,NaN,NaN
trend_inflation,01-Apr-2008,trend_inflation[245],13.9217205893035,0.0263013352403897,NaN,NaN
trend_inflation,01-Jul-2008,trend_inflation[246],13.4961057566309,0.0269459966061335,NaN,NaN
trend_inflation,01-Oct-2008,trend_inflation[247],52.9494036846525,0.134352667438831,NaN,NaN
trend_inflation,01-Jan-2009,trend_inflation[248],42.2248222456156,0.0799689854031153,NaN,NaN
trend_inflation,01-Apr-2009,trend_inflation[249],4.51439054754372,0.0140811932888989,NaN,NaN
trend_inflation,01-Jul-2009,trend_inflation[250],4.25036387226238,0.0129828556944188,NaN,NaN
trend_inflation,01-Oct-2009,trend_inflation[251],7.3589283043758,0.0165038980743681,NaN,NaN
trend_inflation,01-Jan-2010,trend_inflation[252],2.83579571113648,0.00961598687826603,NaN,NaN
trend_inflation,01-Apr-2010,trend_inflation[253],9.96667805648605,0.0186414023407296,NaN,NaN
trend_inflation,01-Jul-2010,trend_inflation[254],7.48421948834728,0.0152028323139596,NaN,NaN
trend_inflation,01-Oct-2010,trend_inflation[255],2.74740336326101,0.00879269902471434,NaN,NaN
trend_inflation,01-Jan-2011,trend_inflation[256],8.58514437711173,0.0169115356286921,NaN,NaN
trend_inflation,01-Apr-2011,trend_inflation[257],10.9986146074097,0.0198606223107455,NaN,NaN
trend_inflation,01-Jul-2011,trend_inflation[258],1.41862987209169,0.00574976068046013,NaN,NaN
trend_inflation,01-Oct-2011,trend_inflation[259],1.25933174893372,0.00521516554584738,NaN,NaN
trend_inflation,01-Jan-2012,trend_inflation[260],1.18539992169378,0.00505666149828997,NaN,NaN
trend_inflation,01-Apr-2012,trend_inflation[261],2.15589641312373,0.00662108193316379,NaN,NaN
trend_inflation,01-Jul-2012,trend_inflation[262],1.50753448838558,0.00536154608674773,NaN,NaN
trend_inflation,01-Oct-2012,trend_inflation[263],0.991448471945316,0.00433427832495354,NaN,NaN
trend_inflation,01-Jan-2013,trend_inflation[264],1.23609900710633,0.00479142814817366,NaN,NaN
trend_inflation,01-Apr-2013,trend_inflation[265],3.89948381609706,0.00912435930938437,NaN,NaN
trend_inflation,01-Jul-2013,trend_inflation[266],1.53235259557503,0.00541233737442629,NaN,NaN
trend_inflation,01-Oct-2013,trend_inflation[267],0.864882221676839,0.00407862916342184,NaN,NaN
trend_inflation,01-Jan-2014,trend_inflation[268],1.32763681626281,0.00528739474331151,NaN,NaN
trend_inflation,01-Apr-2014,trend_inflation[269],1.41558547029739,0.00552680224681204,NaN,NaN
trend_inflation,01-Jul-2014,trend_inflation[270],1.71332639641459,0.00622526871364858,NaN,NaN
trend_inflation,01-Oct-2014,trend_inflation[271],5.68590618255292,0.0142920455833833,NaN,NaN
trend_inflation,01-Jan-2015,trend_inflation[272],7.58988103747322,0.0194973784530668,NaN,NaN
trend_inflation,01-Apr-2015,trend_inflation[273],1.71214237295203,0.00698601782451295,NaN,NaN
trend_inflation,01-Jul-2015,trend_inflation[274],1.56208369298869,0.00630704313415884,NaN,NaN
trend_inflation,01-Oct-2015,trend_inflation[275],2.77054566251138,0.0092763471428552,NaN,NaN
trend_inflation,01-Jan-2016,trend_inflation[276],1.80872533092144,0.00692149536368261,NaN,NaN
trend_inflation,01-Apr-2016,trend_inflation[277],2.17110289198098,0.00732700110110316,NaN,NaN
trend_inflation,01-Jul-2016,trend_inflation[278],1.10954907626888,0.00476775712777547,NaN,NaN
trend_inflation,01-Oct-2016,trend_inflation[279],1.28307808972885,0.00523120720314205,NaN,NaN
trend_inflation,01-Jan-2017,trend_inflation[280],1.32365942927755,0.00534126017359694,NaN,NaN
trend_inflation,01-Apr-2017,trend_inflation[281],1.03006366082467,0.00475130923845496,-0.34432498042785,0.730601899908545
trend_inflation,01-Jul-2017,trend_inflation[282],1.13042921785285,0.00473248092707104,NaN,NaN
trend_inflation,01-Oct-2017,trend_inflation[283],1.24131011711166,0.00529146771053893,NaN,NaN
trend_inflation,01-Jan-2018,trend_inflation[284],1.97953115263368,0.00716895273378941,NaN,NaN
trend_inflation,01-Apr-2018,trend_inflation[285],0.827572122839466,0.00418738523665149,NaN,NaN
trend_inflation,01-Jul-2018,trend_inflation[286],1.21671519724942,0.00510393299835175,NaN,NaN
trend_inflation,01-Oct-2018,trend_inflation[287],0.678553178871227,0.00385919642225289,NaN,NaN
trend_inflation,01-Jan-2019,trend_inflation[288],1.71031286813165,0.00657988991613167,NaN,NaN
trend_inflation,01-Apr-2019,trend_inflation[289],1.0888210928312,0.00544334918847926,NaN,NaN
trend_inflation,01-Jul-2019,trend_inflation[290],1.0463836583705,0.00547760893019093,NaN,NaN
trend_inflation,01-Oct-2019,trend_inflation[291],0.91699140261504,0.00531806703434066,NaN,NaN
trend_inflation,01-Jan-2020,trend_inflation[292],1.21202780194111,0.00671246069677623,NaN,NaN
trend_inflation,01-Apr-2020,trend_inflation[293],6.13154685385349,0.0269903135998052,NaN,NaN
trend_inflation,01-Jul-2020,trend_inflation[294],1.54941597693544,0.00841140408882005,NaN,NaN
trend_inflation,01-Oct-2020,trend_inflation[295],3.21537004615985,0.0118661410526247,NaN,NaN
trend_inflation,01-Jan-2021,trend_inflation[296],1.3303409437697,0.0071154149096059,NaN,NaN
trend_inflation,01-Apr-2021,trend_inflation[297],2.1561985005221,0.00972948405539366,NaN,NaN
trend_inflation,01-Jul-2021,trend_inflation[298],0.923524406812751,0.0056790472422012,NaN,NaN
trend_inflation,01-Oct-2021,trend_inflation[299],1.12634209924438,0.00654179867665892,NaN,NaN
trend_inflation,01-Jan-2022,trend_inflation[300],2.54518964676411,0.0113793156247555,NaN,NaN
trend_inflation,01-Apr-2022,trend_inflation[301],2.60337226189272,0.0113489951263769,NaN,NaN
trend_inflation,01-Jul-2022,trend_inflation[302],1.54360403185771,0.0066173144901559,NaN,NaN
trend_inflation,01-Oct-2022,trend_inflation[303],0.981880625196979,0.00499461868816464,NaN,NaN
trend_inflation,01-Jan-2023,trend_inflation[304],0.794119695590997,0.00428736184956807,NaN,NaN
trend_inflation,01-Apr-2023,trend_inflation[305],1.22311340531585,0.00530373572514072,NaN,NaN
trend_inflation,01-Jul-2023,trend_inflation[306],1.18357143137414,0.00503044170429425,NaN,NaN
trend_inflation,01-Oct-2023,trend_inflation[307],1.88175322105374,0.00704925994987212,NaN,NaN
trend_inflation,01-Jan-2024,trend_inflation[308],1.41355642466363,0.00581259769600389,NaN,NaN
trend_inflation,01-Apr-2024,trend_inflation[309],1.21977331212128,0.00487870437006793,NaN,NaN
trend_inflation,01-Jul-2024,trend_inflation[310],1.8477211652495,0.00668292046726961,NaN,NaN
trend_inflation,01-Oct-2024,trend_inflation[311],0.821484374060952,0.00393708071137569,NaN,NaN
trend_inflation,01-Jan-2025,trend_inflation[312],1.34265784688444,0.00528705167594703,NaN,NaN
trend_inflation,01-Apr-2025,trend_inflation[313],1.39492879475175,0.00560890044004374,NaN,NaN
trend_inflation,01-Jul-2025,trend_inflation[314],1.0351430650916,0.0045287326075147,NaN,NaN
trend_inflation,01-Oct-2025,trend_inflation[315],1.37833865677435,0.00543154303302249,NaN,NaN
trend_inflation,01-Jan-2026,trend_inflation[316],1.35617912022928,0.00590979451840323,NaN,NaN
trend_inflation,01-Apr-2026,trend_inflation[317],1.54166481266037,0.00765504732696319,0.712964650697193,0.475867631501654
parameters,NaT,omega_h2,23.1097406920762,0.00222150468446796,-2.40301568901292,0.016260489792279
parameters,NaT,omega_g2,27.9684523365129,0.00318161521565413,1.3037163661304,0.192330307168051
parameters,NaT,h0,50.5536935637053,0.118834160220657,-2.31738586079011,0.0204827218660712
parameters,NaT,g0,66.8735802385879,0.141865427095479,4.21834462540756,2.46102469880068e-05
parameters,NaT,tau0,4.08595710704821,0.0449717333259448,-2.15627132173206,0.0310624852374686
trend_inflation,01-Jul-1947,trend_inflation[1],1.19349230336446,0.015897841937611,-0.485918510834396,0.627024943505133
trend_inflation,01-Oct-1947,trend_inflation[2],1.12976683773663,0.015391940915303,NaN,NaN
trend_inflation,01-Jan-1948,trend_inflation[3],1.05433612966926,0.01465992276993,NaN,NaN
trend_inflation,01-Apr-1948,trend_inflation[4],1.13030000071258,0.0149778791871735,NaN,NaN
trend_inflation,01-Jul-1948,trend_inflation[5],1.12544870593362,0.0147121615627227,NaN,NaN
trend_inflation,01-Oct-1948,trend_inflation[6],1.15038504413316,0.014715398151888,NaN,NaN
trend_inflation,01-Jan-1949,trend_inflation[7],1.01861743812643,0.0137895806156006,NaN,NaN
trend_inflation,01-Apr-1949,trend_inflation[8],1.00475458788645,0.01363855171434,NaN,NaN
trend_inflation,01-Jul-1949,trend_inflation[9],0.987463728567091,0.0133521328605819,NaN,NaN
trend_inflation,01-Oct-1949,trend_inflation[10],1.03554627101087,0.0135405194230569,NaN,NaN
trend_inflation,01-Jan-1950,trend_inflation[11],1.11659741078927,0.0138900360051665,NaN,NaN
trend_inflation,01-Apr-1950,trend_inflation[12],1.15575820540294,0.0140215762956933,NaN,NaN
trend_inflation,01-Jul-1950,trend_inflation[13],1.25141596938578,0.0143698406433075,NaN,NaN
trend_inflation,01-Oct-1950,trend_inflation[14],1.28678026658785,0.0144094760289916,NaN,NaN
trend_inflation,01-Jan-1951,trend_inflation[15],1.22826315054424,0.01381971841322,NaN,NaN
trend_inflation,01-Apr-1951,trend_inflation[16],1.20023813567019,0.0135291245385277,NaN,NaN
trend_inflation,01-Jul-1951,trend_inflation[17],1.24930186925024,0.0136099301339154,NaN,NaN
trend_inflation,01-Oct-1951,trend_inflation[18],1.23350346272628,0.0134025158462636,NaN,NaN
trend_inflation,01-Jan-1952,trend_inflation[19],1.08365216989898,0.0124140441242705,NaN,NaN
trend_inflation,01-Apr-1952,trend_inflation[20],1.00979522953021,0.0118720025031127,NaN,NaN
trend_inflation,01-Jul-1952,trend_inflation[21],1.12750903461579,0.0124359644386692,NaN,NaN
trend_inflation,01-Oct-1952,trend_inflation[22],1.16373134511625,0.0124308241770716,NaN,NaN
trend_inflation,01-Jan-1953,trend_inflation[23],1.08448143399121,0.0118443070303642,NaN,NaN
trend_inflation,01-Apr-1953,trend_inflation[24],1.15258787266205,0.0121210306475847,NaN,NaN
trend_inflation,01-Jul-1953,trend_inflation[25],1.12399790244409,0.0118223722292795,NaN,NaN
trend_inflation,01-Oct-1953,trend_inflation[26],1.27043187804692,0.0124750935866683,NaN,NaN
trend_inflation,01-Jan-1954,trend_inflation[27],1.25086987630494,0.0122639811978319,NaN,NaN
trend_inflation,01-Apr-1954,trend_inflation[28],1.3427909952919,0.0125617738602437,NaN,NaN
trend_inflation,01-Jul-1954,trend_inflation[29],1.493080344474,0.0131565084454581,NaN,NaN
trend_inflation,01-Oct-1954,trend_inflation[30],1.57612586256875,0.0132287938543164,NaN,NaN
trend_inflation,01-Jan-1955,trend_inflation[31],1.57734151245929,0.012974165670512,NaN,NaN
trend_inflation,01-Apr-1955,trend_inflation[32],1.39097225473493,0.0120540956134434,NaN,NaN
trend_inflation,01-Jul-1955,trend_inflation[33],1.1560761721542,0.0108843216638551,NaN,NaN
trend_inflation,01-Oct-1955,trend_inflation[34],1.03825930785843,0.0101898813439622,NaN,NaN
trend_inflation,01-Jan-1956,trend_inflation[35],1.09187327387611,0.0103456200895827,NaN,NaN
trend_inflation,01-Apr-1956,trend_inflation[36],0.936776887458383,0.00954203664590118,NaN,NaN
trend_inflation,01-Jul-1956,trend_inflation[37],1.01113907332639,0.00987155656727673,NaN,NaN
trend_inflation,01-Oct-1956,trend_inflation[38],1.00555585086701,0.0097536831317992,NaN,NaN
trend_inflation,01-Jan-1957,trend_inflation[39],1.11281327716672,0.0103351293291193,NaN,NaN
trend_inflation,01-Apr-1957,trend_inflation[40],1.24797058940474,0.0108993003505143,NaN,NaN
trend_inflation,01-Jul-1957,trend_inflation[41],1.32437661288444,0.0111972935317964,-1.67200022996468,0.0945242767262178
trend_inflation,01-Oct-1957,trend_inflation[42],1.21616822642967,0.0106787818751137,NaN,NaN
trend_inflation,01-Jan-1958,trend_inflation[43],1.44828301048378,0.0117082251750899,NaN,NaN
trend_inflation,01-Apr-1958,trend_inflation[44],1.55903754500227,0.0119796776440435,NaN,NaN
trend_inflation,01-Jul-1958,trend_inflation[45],1.48672950948821,0.0116078500093928,NaN,NaN
trend_inflation,01-Oct-1958,trend_inflation[46],1.46239665582438,0.0114236454173244,NaN,NaN
trend_inflation,01-Jan-1959,trend_inflation[47],1.76091880036356,0.0124804240219746,NaN,NaN
trend_inflation,01-Apr-1959,trend_inflation[48],1.88316094152884,0.0130965675580667,NaN,NaN
trend_inflation,01-Jul-1959,trend_inflation[49],1.93248734082439,0.013200310482541,NaN,NaN
trend_inflation,01-Oct-1959,trend_inflation[50],1.96924758366764,0.0133922621421127,NaN,NaN
trend_inflation,01-Jan-1960,trend_inflation[51],2.13516697027163,0.0140606765203627,NaN,NaN
trend_inflation,01-Apr-1960,trend_inflation[52],1.91132753614505,0.0132892648686245,NaN,NaN
trend_inflation,01-Jul-1960,trend_inflation[53],2.13833970848868,0.0140683603552289,NaN,NaN
trend_inflation,01-Oct-1960,trend_inflation[54],2.18416547627481,0.0142336544230511,NaN,NaN
trend_inflation,01-Jan-1961,trend_inflation[55],2.38488519369504,0.0150428308906294,NaN,NaN
trend_inflation,01-Apr-1961,trend_inflation[56],2.47655195207158,0.0154741745141731,NaN,NaN
trend_inflation,01-Jul-1961,trend_inflation[57],2.23401490784582,0.0145691018687792,NaN,NaN
trend_inflation,01-Oct-1961,trend_inflation[58],2.32190757051724,0.014984354679074,NaN,NaN
trend_inflation,01-Jan-1962,trend_inflation[59],2.39044544638531,0.0150340175492435,NaN,NaN
trend_inflation,01-Apr-1962,trend_inflation[60],2.33525457495149,0.0146977777733878,NaN,NaN
trend_inflation,01-Jul-1962,trend_inflation[61],2.32178273886655,0.0146692800762676,NaN,NaN
trend_inflation,01-Oct-1962,trend_inflation[62],2.0524865308393,0.013774882541917,NaN,NaN
trend_inflation,01-Jan-1963,trend_inflation[63],2.07617154730767,0.0136552056749471,NaN,NaN
trend_inflation,01-Apr-1963,trend_inflation[64],2.09644609339097,0.0137650873165057,NaN,NaN
trend_inflation,01-Jul-1963,trend_inflation[65],1.89865277070841,0.0129076189890428,NaN,NaN
trend_inflation,01-Oct-1963,trend_inflation[66],1.83058371763505,0.0126231312265486,NaN,NaN
trend_inflation,01-Jan-1964,trend_inflation[67],1.9007500100851,0.0128097477675617,NaN,NaN
trend_inflation,01-Apr-1964,trend_inflation[68],1.69134795731719,0.0122021984817524,NaN,NaN
trend_inflation,01-Jul-1964,trend_inflation[69],1.87254750160899,0.0127726233430623,NaN,NaN
trend_inflation,01-Oct-1964,trend_inflation[70],1.62091568561767,0.0119183211132772,NaN,NaN
trend_inflation,01-Jan-1965,trend_inflation[71],1.50601625216374,0.011354937346201,NaN,NaN
trend_inflation,01-Apr-1965,trend_inflation[72],1.36126395213792,0.0107955441946407,NaN,NaN
trend_inflation,01-Jul-1965,trend_inflation[73],1.22717150434256,0.0103273183897009,NaN,NaN
trend_inflation,01-Oct-1965,trend_inflation[74],1.32343278000806,0.0107015116408054,NaN,NaN
trend_inflation,01-Jan-1966,trend_inflation[75],1.33228956202069,0.010906653394218,NaN,NaN
trend_inflation,01-Apr-1966,trend_inflation[76],1.17679617885222,0.0103352836289069,NaN,NaN
trend_inflation,01-Jul-1966,trend_inflation[77],1.16652260746811,0.0105438341165293,NaN,NaN
trend_inflation,01-Oct-1966,trend_inflation[78],1.1098049134044,0.0103623442802371,NaN,NaN
trend_inflation,01-Jan-1967,trend_inflation[79],1.14775684332366,0.0106794486779178,NaN,NaN
trend_inflation,01-Apr-1967,trend_inflation[80],1.20025373078113,0.0112746143299061,NaN,NaN
trend_inflation,01-Jul-1967,trend_inflation[81],1.17651217170127,0.0115166351969894,-0.669142917453964,0.503404315104704
trend_inflation,01-Oct-1967,trend_inflation[82],1.1556981724942,0.0116015278218663,NaN,NaN
trend_inflation,01-Jan-1968,trend_inflation[83],1.25994470866768,0.0124838148891353,NaN,NaN
trend_inflation,01-Apr-1968,trend_inflation[84],1.29327999968325,0.0128396331548369,NaN,NaN
trend_inflation,01-Jul-1968,trend_inflation[85],1.38063055194427,0.0137088481208762,NaN,NaN
trend_inflation,01-Oct-1968,trend_inflation[86],1.47561790551019,0.0145076890299595,NaN,NaN
trend_inflation,01-Jan-1969,trend_inflation[87],1.50474267269496,0.0150162859744459,NaN,NaN
trend_inflation,01-Apr-1969,trend_inflation[88],1.5740847603595,0.0157863082017673,NaN,NaN
trend_inflation,01-Jul-1969,trend_inflation[89],1.71336118313573,0.0166801034853701,NaN,NaN
trend_inflation,01-Oct-1969,trend_inflation[90],1.77732681796263,0.0171495883238519,NaN,NaN
trend_inflation,01-Jan-1970,trend_inflation[91],1.856040834996,0.0177831384146965,NaN,NaN
trend_inflation,01-Apr-1970,trend_inflation[92],1.90105563249154,0.0182239027141212,NaN,NaN
trend_inflation,01-Jul-1970,trend_inflation[93],1.87303955837408,0.0182490130050089,NaN,NaN
trend_inflation,01-Oct-1970,trend_inflation[94],1.85895562942596,0.0183641489767622,NaN,NaN
trend_inflation,01-Jan-1971,trend_inflation[95],1.78361955100179,0.0178439973106654,NaN,NaN
trend_inflation,01-Apr-1971,trend_inflation[96],1.84634805568201,0.0181937548444219,NaN,NaN
trend_inflation,01-Jul-1971,trend_inflation[97],1.66145491075894,0.0173674977801253,NaN,NaN
trend_inflation,01-Oct-1971,trend_inflation[98],1.7892840624543,0.0179284744798825,NaN,NaN
trend_inflation,01-Jan-1972,trend_inflation[99],1.81879722089516,0.0182338612471141,NaN,NaN
trend_inflation,01-Apr-1972,trend_inflation[100],1.751299082201,0.0179329417670631,NaN,NaN
trend_inflation,01-Jul-1972,trend_inflation[101],1.777999509658,0.0183019593984528,NaN,NaN
trend_inflation,01-Oct-1972,trend_inflation[102],1.786834909912,0.0185125090213781,NaN,NaN
trend_inflation,01-Jan-1973,trend_inflation[103],1.88741955715832,0.0192679627713813,NaN,NaN
trend_inflation,01-Apr-1973,trend_inflation[104],2.02749986881244,0.0200611980389678,NaN,NaN
trend_inflation,01-Jul-1973,trend_inflation[105],1.97356888333816,0.0200529402743979,NaN,NaN
trend_inflation,01-Oct-1973,trend_inflation[106],1.99774416074171,0.0202460103174929,NaN,NaN
trend_inflation,01-Jan-1974,trend_inflation[107],2.0307729700873,0.0205537226017598,NaN,NaN
trend_inflation,01-Apr-1974,trend_inflation[108],2.04567707649733,0.0207167005067056,NaN,NaN
trend_inflation,01-Jul-1974,trend_inflation[109],2.01196450605469,0.0204167698624499,NaN,NaN
trend_inflation,01-Oct-1974,trend_inflation[110],1.92368805732077,0.0199671754362228,NaN,NaN
trend_inflation,01-Jan-1975,trend_inflation[111],1.73497588121425,0.0188453879835981,NaN,NaN
trend_inflation,01-Apr-1975,trend_inflation[112],1.85044466064994,0.0195984656957504,NaN,NaN
trend_inflation,01-Jul-1975,trend_inflation[113],1.91755745573949,0.0199629545885918,NaN,NaN
trend_inflation,01-Oct-1975,trend_inflation[114],1.91968844092379,0.0200108096887735,NaN,NaN
trend_inflation,01-Jan-1976,trend_inflation[115],1.90483262366899,0.0198459164648592,NaN,NaN
trend_inflation,01-Apr-1976,trend_inflation[116],2.06473546618639,0.0206595704615529,NaN,NaN
trend_inflation,01-Jul-1976,trend_inflation[117],2.02683434273685,0.0205473410019347,NaN,NaN
trend_inflation,01-Oct-1976,trend_inflation[118],1.8678391516944,0.0197530554115571,NaN,NaN
trend_inflation,01-Jan-1977,trend_inflation[119],1.98570954490108,0.020294664533838,NaN,NaN
trend_inflation,01-Apr-1977,trend_inflation[120],2.07502786977542,0.0207568109614237,NaN,NaN
trend_inflation,01-Jul-1977,trend_inflation[121],2.17799885352982,0.0211357753430267,0.366594264513518,0.713921687067969
trend_inflation,01-Oct-1977,trend_inflation[122],1.9548209041609,0.0200277679353757,NaN,NaN
trend_inflation,01-Jan-1978,trend_inflation[123],1.77919609016384,0.0191781824170086,NaN,NaN
trend_inflation,01-Apr-1978,trend_inflation[124],1.92707155184091,0.0199085464163283,NaN,NaN
trend_inflation,01-Jul-1978,trend_inflation[125],2.06498631062894,0.020498661447967,NaN,NaN
trend_inflation,01-Oct-1978,trend_inflation[126],2.04069819753552,0.0201938624626321,NaN,NaN
trend_inflation,01-Jan-1979,trend_inflation[127],1.99856953222422,0.0199788894907995,NaN,NaN
trend_inflation,01-Apr-1979,trend_inflation[128],1.94013531640146,0.019630690333025,NaN,NaN
trend_inflation,01-Jul-1979,trend_inflation[129],1.90249000804147,0.0193361804454279,NaN,NaN
trend_inflation,01-Oct-1979,trend_inflation[130],2.00650871351944,0.0196198597152421,NaN,NaN
trend_inflation,01-Jan-1980,trend_inflation[131],2.01284423394261,0.0194319589409909,NaN,NaN
trend_inflation,01-Apr-1980,trend_inflation[132],2.04269878237117,0.0194082396064232,NaN,NaN
trend_inflation,01-Jul-1980,trend_inflation[133],2.07437907541425,0.0194080377346095,NaN,NaN
trend_inflation,01-Oct-1980,trend_inflation[134],2.11670385765064,0.0194979970294888,NaN,NaN
trend_inflation,01-Jan-1981,trend_inflation[135],2.18112429202694,0.0197558010835444,NaN,NaN
trend_inflation,01-Apr-1981,trend_inflation[136],2.20851961572768,0.0195134643270916,NaN,NaN
trend_inflation,01-Jul-1981,trend_inflation[137],2.4482115281521,0.0203806163608424,NaN,NaN
trend_inflation,01-Oct-1981,trend_inflation[138],2.55290415569445,0.020458231283862,NaN,NaN
trend_inflation,01-Jan-1982,trend_inflation[139],2.5613074769407,0.0202084275640888,NaN,NaN
trend_inflation,01-Apr-1982,trend_inflation[140],2.55295664828487,0.0199369440664529,NaN,NaN
trend_inflation,01-Jul-1982,trend_inflation[141],2.46065630952019,0.019366522756745,NaN,NaN
trend_inflation,01-Oct-1982,trend_inflation[142],2.4387580897898,0.0189762145282688,NaN,NaN
trend_inflation,01-Jan-1983,trend_inflation[143],2.35771858422633,0.0183823150882977,NaN,NaN
trend_inflation,01-Apr-1983,trend_inflation[144],2.30684732711087,0.0177623945845187,NaN,NaN
trend_inflation,01-Jul-1983,trend_inflation[145],2.16094728457644,0.0170593194961146,NaN,NaN
trend_inflation,01-Oct-1983,trend_inflation[146],2.0814683644038,0.0164080584315358,NaN,NaN
trend_inflation,01-Jan-1984,trend_inflation[147],2.0543101605425,0.0159763854500324,NaN,NaN
trend_inflation,01-Apr-1984,trend_inflation[148],2.08352218208784,0.0157119673846003,NaN,NaN
trend_inflation,01-Jul-1984,trend_inflation[149],1.86932850034936,0.0145956213792907,NaN,NaN
trend_inflation,01-Oct-1984,trend_inflation[150],2.03890166304426,0.0150100946465993,NaN,NaN
trend_inflation,01-Jan-1985,trend_inflation[151],1.92582148251298,0.0144385864160015,NaN,NaN
trend_inflation,01-Apr-1985,trend_inflation[152],2.02986597963626,0.0147258464583602,NaN,NaN
trend_inflation,01-Jul-1985,trend_inflation[153],1.86096918180279,0.0139480957532396,NaN,NaN
trend_inflation,01-Oct-1985,trend_inflation[154],1.86664223840569,0.0139066904472239,NaN,NaN
trend_inflation,01-Jan-1986,trend_inflation[155],1.68480067279006,0.013140825355163,NaN,NaN
trend_inflation,01-Apr-1986,trend_inflation[156],2.05540678409997,0.014395311157602,NaN,NaN
trend_inflation,01-Jul-1986,trend_inflation[157],2.06198838774448,0.0141301569627932,NaN,NaN
trend_inflation,01-Oct-1986,trend_inflation[158],1.92945179537438,0.0135907723343686,NaN,NaN
trend_inflation,01-Jan-1987,trend_inflation[159],2.25091077735452,0.0145376264375766,NaN,NaN
trend_inflation,01-Apr-1987,trend_inflation[160],2.1805287547167,0.0141791909326155,NaN,NaN
trend_inflation,01-Jul-1987,trend_inflation[161],2.15623084147098,0.0139674445171493,1.15632727670983,0.247547315322436
trend_inflation,01-Oct-1987,trend_inflation[162],2.02823018224966,0.0133598646376841,NaN,NaN
trend_inflation,01-Jan-1988,trend_inflation[163],1.98092110668818,0.0130410359054841,NaN,NaN
trend_inflation,01-Apr-1988,trend_inflation[164],1.93928120559406,0.0129582926835843,NaN,NaN
trend_inflation,01-Jul-1988,trend_inflation[165],2.03189959981716,0.0131075467374278,NaN,NaN
trend_inflation,01-Oct-1988,trend_inflation[166],1.91538681394525,0.0127802683210864,NaN,NaN
trend_inflation,01-Jan-1989,trend_inflation[167],1.98805573090858,0.0128416167649208,NaN,NaN
trend_inflation,01-Apr-1989,trend_inflation[168],1.78363326436451,0.0120586012956325,NaN,NaN
trend_inflation,01-Jul-1989,trend_inflation[169],1.69618946543116,0.0114879811018754,NaN,NaN
trend_inflation,01-Oct-1989,trend_inflation[170],1.4867539100527,0.0106844408170838,NaN,NaN
trend_inflation,01-Jan-1990,trend_inflation[171],1.50512995920024,0.0105480518597002,NaN,NaN
trend_inflation,01-Apr-1990,trend_inflation[172],1.50463896969123,0.010321944234677,NaN,NaN
trend_inflation,01-Jul-1990,trend_inflation[173],1.45324616342047,0.0100608013059012,NaN,NaN
trend_inflation,01-Oct-1990,trend_inflation[174],1.23740192219614,0.00899158967584131,NaN,NaN
trend_inflation,01-Jan-1991,trend_inflation[175],0.856863628225032,0.00704178669462418,NaN,NaN
trend_inflation,01-Apr-1991,trend_inflation[176],0.89829315671895,0.00688836801716422,NaN,NaN
trend_inflation,01-Jul-1991,trend_inflation[177],0.833881401812923,0.00636659452994175,NaN,NaN
trend_inflation,01-Oct-1991,trend_inflation[178],1.06145458254018,0.00696017364147676,NaN,NaN
trend_inflation,01-Jan-1992,trend_inflation[179],1.01371750132025,0.00658725010246466,NaN,NaN
trend_inflation,01-Apr-1992,trend_inflation[180],0.994406993175429,0.00624837486894917,NaN,NaN
trend_inflation,01-Jul-1992,trend_inflation[181],0.956222496407153,0.00593335059184752,NaN,NaN
trend_inflation,01-Oct-1992,trend_inflation[182],1.00697968712768,0.00601346423973489,NaN,NaN
trend_inflation,01-Jan-1993,trend_inflation[183],0.969217221660639,0.00571490842954311,NaN,NaN
trend_inflation,01-Apr-1993,trend_inflation[184],0.901922932403235,0.00548210820258359,NaN,NaN
trend_inflation,01-Jul-1993,trend_inflation[185],1.11952428373997,0.00608679895991626,NaN,NaN
trend_inflation,01-Oct-1993,trend_inflation[186],1.26752197756037,0.00638769026186229,NaN,NaN
trend_inflation,01-Jan-1994,trend_inflation[187],1.33433298016663,0.00653487250326981,NaN,NaN
trend_inflation,01-Apr-1994,trend_inflation[188],1.4617736975745,0.00676197121090541,NaN,NaN
trend_inflation,01-Jul-1994,trend_inflation[189],1.3251485042923,0.00632151093609925,NaN,NaN
trend_inflation,01-Oct-1994,trend_inflation[190],1.44391002346449,0.00658699253282747,NaN,NaN
trend_inflation,01-Jan-1995,trend_inflation[191],1.16274257938376,0.00583123809211088,NaN,NaN
trend_inflation,01-Apr-1995,trend_inflation[192],1.12313679123776,0.00572510706797748,NaN,NaN
trend_inflation,01-Jul-1995,trend_inflation[193],0.848525280016897,0.00506098120671501,NaN,NaN
trend_inflation,01-Oct-1995,trend_inflation[194],1.19687760614321,0.00599101077433099,NaN,NaN
trend_inflation,01-Jan-1996,trend_inflation[195],1.18027357716035,0.00601710851770197,NaN,NaN
trend_inflation,01-Apr-1996,trend_inflation[196],0.898678936704789,0.00530680320140692,NaN,NaN
trend_inflation,01-Jul-1996,trend_inflation[197],0.714287594426858,0.00484570242386961,NaN,NaN
trend_inflation,01-Oct-1996,trend_inflation[198],0.795644729874725,0.00522512502458997,NaN,NaN
trend_inflation,01-Jan-1997,trend_inflation[199],1.0372741966116,0.00616178077096397,NaN,NaN
trend_inflation,01-Apr-1997,trend_inflation[200],1.27010374878218,0.00723295832037398,NaN,NaN
trend_inflation,01-Jul-1997,trend_inflation[201],1.24421865676737,0.00726972550533441,-0.439499069955629,0.660299955777547
trend_inflation,01-Oct-1997,trend_inflation[202],1.19356581912324,0.00733179363237001,NaN,NaN
trend_inflation,01-Jan-1998,trend_inflation[203],1.32084087906524,0.00803063071071667,NaN,NaN
trend_inflation,01-Apr-1998,trend_inflation[204],1.14744881269608,0.00729606179282774,NaN,NaN
trend_inflation,01-Jul-1998,trend_inflation[205],0.942252211254647,0.00655972592984986,NaN,NaN
trend_inflation,01-Oct-1998,trend_inflation[206],1.11497885561496,0.00686896956124883,NaN,NaN
trend_inflation,01-Jan-1999,trend_inflation[207],0.940372168035707,0.00620982563481833,NaN,NaN
trend_inflation,01-Apr-1999,trend_inflation[208],0.815267344241594,0.00566594973773875,NaN,NaN
trend_inflation,01-Jul-1999,trend_inflation[209],0.59139847320881,0.0046896992355583,NaN,NaN
trend_inflation,01-Oct-1999,trend_inflation[210],0.756311729144743,0.00530673563457251,NaN,NaN
trend_inflation,01-Jan-2000,trend_inflation[211],1.00906215206479,0.00626529848435902,NaN,NaN
trend_inflation,01-Apr-2000,trend_inflation[212],1.13690326440148,0.00670145048053564,NaN,NaN
trend_inflation,01-Jul-2000,trend_inflation[213],1.25420688359563,0.00698001153158685,NaN,NaN
trend_inflation,01-Oct-2000,trend_inflation[214],1.26040933954458,0.00711700290578146,NaN,NaN
trend_inflation,01-Jan-2001,trend_inflation[215],0.998373604250104,0.00630185567341996,NaN,NaN
trend_inflation,01-Apr-2001,trend_inflation[216],1.23936050273206,0.00716536796852345,NaN,NaN
trend_inflation,01-Jul-2001,trend_inflation[217],1.39195749913643,0.00777999800795168,NaN,NaN
trend_inflation,01-Oct-2001,trend_inflation[218],1.42626661620976,0.0079408767507745,NaN,NaN
trend_inflation,01-Jan-2002,trend_inflation[219],0.965670361159526,0.00656247012694849,NaN,NaN
trend_inflation,01-Apr-2002,trend_inflation[220],1.01345871552128,0.00677741916384944,NaN,NaN
trend_inflation,01-Jul-2002,trend_inflation[221],0.721383313497423,0.00575527075942339,NaN,NaN
trend_inflation,01-Oct-2002,trend_inflation[222],0.818071616048438,0.00610515342837403,NaN,NaN
trend_inflation,01-Jan-2003,trend_inflation[223],0.824883794561059,0.00618058206580383,NaN,NaN
trend_inflation,01-Apr-2003,trend_inflation[224],1.10797149763133,0.00719920689617666,NaN,NaN
trend_inflation,01-Jul-2003,trend_inflation[225],1.05350721960657,0.00714610033749465,NaN,NaN
trend_inflation,01-Oct-2003,trend_inflation[226],0.880551449658866,0.00662761475056578,NaN,NaN
trend_inflation,01-Jan-2004,trend_inflation[227],0.792237922702259,0.00647508646233369,NaN,NaN
trend_inflation,01-Apr-2004,trend_inflation[228],0.969195466058002,0.00729520584865334,NaN,NaN
trend_inflation,01-Jul-2004,trend_inflation[229],1.01281573839703,0.00756364761221363,NaN,NaN
trend_inflation,01-Oct-2004,trend_inflation[230],1.05443940822536,0.00785047033111019,NaN,NaN
trend_inflation,01-Jan-2005,trend_inflation[231],1.29935729820225,0.00882722491062822,NaN,NaN
trend_inflation,01-Apr-2005,trend_inflation[232],1.11472461260855,0.00821986399787923,NaN,NaN
trend_inflation,01-Jul-2005,trend_inflation[233],1.14342415355615,0.00844676574502063,NaN,NaN
trend_inflation,01-Oct-2005,trend_inflation[234],1.16200332309139,0.00863718198495739,NaN,NaN
trend_inflation,01-Jan-2006,trend_inflation[235],1.32307779603151,0.00928519662906812,NaN,NaN
trend_inflation,01-Apr-2006,trend_inflation[236],1.28809541602835,0.0093320902085759,NaN,NaN
trend_inflation,01-Jul-2006,trend_inflation[237],1.34980036655463,0.00959573337345895,NaN,NaN
trend_inflation,01-Oct-2006,trend_inflation[238],1.25094341054538,0.00932094065816826,NaN,NaN
trend_inflation,01-Jan-2007,trend_inflation[239],1.23281271047859,0.00929551162131551,NaN,NaN
trend_inflation,01-Apr-2007,trend_inflation[240],1.18024694310049,0.00912087589872148,NaN,NaN
trend_inflation,01-Jul-2007,trend_inflation[241],1.06621778351004,0.00870096378226999,0.827026852529167,0.408221841744311
trend_inflation,01-Oct-2007,trend_inflation[242],1.27412851593157,0.00958423366365416,NaN,NaN
trend_inflation,01-Jan-2008,trend_inflation[243],1.18063656816393,0.00925444637279706,NaN,NaN
trend_inflation,01-Apr-2008,trend_inflation[244],1.00666494132447,0.00856850423746593,NaN,NaN
trend_inflation,01-Jul-2008,trend_inflation[245],1.11952835599267,0.00904170925975654,NaN,NaN
trend_inflation,01-Oct-2008,trend_inflation[246],0.965589224148216,0.00838785337426353,NaN,NaN
trend_inflation,01-Jan-2009,trend_inflation[247],0.978108094825201,0.00847006751965586,NaN,NaN
trend_inflation,01-Apr-2009,trend_inflation[248],1.01198643903303,0.00858326265099531,NaN,NaN
trend_inflation,01-Jul-2009,trend_inflation[249],1.26940913729539,0.00948650329134875,NaN,NaN
trend_inflation,01-Oct-2009,trend_inflation[250],1.16290462851182,0.00906387862717486,NaN,NaN
trend_inflation,01-Jan-2010,trend_inflation[251],1.09251724666635,0.0086860090587641,NaN,NaN
trend_inflation,01-Apr-2010,trend_inflation[252],1.21723741351224,0.00912610056085734,NaN,NaN
trend_inflation,01-Jul-2010,trend_inflation[253],1.14183935013122,0.00884561030107615,NaN,NaN
trend_inflation,01-Oct-2010,trend_inflation[254],1.07140730941479,0.00856571216409301,NaN,NaN
trend_inflation,01-Jan-2011,trend_inflation[255],0.883252554012215,0.0077117102930834,NaN,NaN
trend_inflation,01-Apr-2011,trend_inflation[256],0.794729427257606,0.00721946158989363,NaN,NaN
trend_inflation,01-Jul-2011,trend_inflation[257],1.02308344248712,0.00824551192377938,NaN,NaN
trend_inflation,01-Oct-2011,trend_inflation[258],1.17502526701679,0.00885607123373814,NaN,NaN
trend_inflation,01-Jan-2012,trend_inflation[259],1.19011582604297,0.00885933087375293,NaN,NaN
trend_inflation,01-Apr-2012,trend_inflation[260],1.38291395979152,0.00962624987502306,NaN,NaN
trend_inflation,01-Jul-2012,trend_inflation[261],1.30667220908316,0.00946383483838364,NaN,NaN
trend_inflation,01-Oct-2012,trend_inflation[262],1.40660516729682,0.0098881980638695,NaN,NaN
trend_inflation,01-Jan-2013,trend_inflation[263],1.46015265231689,0.0101338461470824,NaN,NaN
trend_inflation,01-Apr-2013,trend_inflation[264],1.31446537227891,0.00976356635495929,NaN,NaN
trend_inflation,01-Jul-2013,trend_inflation[265],1.30635681026074,0.00973802813730175,NaN,NaN
trend_inflation,01-Oct-2013,trend_inflation[266],1.232341855001,0.00947875376553332,NaN,NaN
trend_inflation,01-Jan-2014,trend_inflation[267],1.44916196917244,0.0103011916233952,NaN,NaN
trend_inflation,01-Apr-2014,trend_inflation[268],1.59702649389628,0.0110155603644395,NaN,NaN
trend_inflation,01-Jul-2014,trend_inflation[269],1.76949280524087,0.0119235431905566,NaN,NaN
trend_inflation,01-Oct-2014,trend_inflation[270],1.96850351544925,0.0126100648932907,NaN,NaN
trend_inflation,01-Jan-2015,trend_inflation[271],1.83626031114896,0.0123399307894417,NaN,NaN
trend_inflation,01-Apr-2015,trend_inflation[272],1.83761111417892,0.0123213570848767,NaN,NaN
trend_inflation,01-Jul-2015,trend_inflation[273],1.90533299201603,0.012668041677669,NaN,NaN
trend_inflation,01-Oct-2015,trend_inflation[274],1.83776433998081,0.0123929145833665,NaN,NaN
trend_inflation,01-Jan-2016,trend_inflation[275],1.79486468128726,0.0122049797514157,NaN,NaN
trend_inflation,01-Apr-2016,trend_inflation[276],1.70193602274495,0.0117181084414922,NaN,NaN
trend_inflation,01-Jul-2016,trend_inflation[277],1.53508791091546,0.0111341223046109,NaN,NaN
trend_inflation,01-Oct-2016,trend_inflation[278],1.62104711029167,0.0114947168355096,NaN,NaN
trend_inflation,01-Jan-2017,trend_inflation[279],1.74290885187763,0.0119838695303569,NaN,NaN
trend_inflation,01-Apr-2017,trend_inflation[280],1.79835061060247,0.0121323377087828,NaN,NaN
trend_inflation,01-Jul-2017,trend_inflation[281],1.37362906662964,0.0106060032583095,-1.14743224251852,0.25120302192522
trend_inflation,01-Oct-2017,trend_inflation[282],1.34115828847974,0.0105359840430237,NaN,NaN
trend_inflation,01-Jan-2018,trend_inflation[283],1.39680115056615,0.0108096238361798,NaN,NaN
trend_inflation,01-Apr-2018,trend_inflation[284],1.37024082058451,0.0109737188742498,NaN,NaN
trend_inflation,01-Jul-2018,trend_inflation[285],1.5197711919805,0.0115993259795528,NaN,NaN
trend_inflation,01-Oct-2018,trend_inflation[286],1.58599371192034,0.0119927792080464,NaN,NaN
trend_inflation,01-Jan-2019,trend_inflation[287],1.67831668497683,0.0125613562055273,NaN,NaN
trend_inflation,01-Apr-2019,trend_inflation[288],1.54945261286273,0.0122094826958176,NaN,NaN
trend_inflation,01-Jul-2019,trend_inflation[289],1.47485317131373,0.0121763651282766,NaN,NaN
trend_inflation,01-Oct-2019,trend_inflation[290],1.40054379330627,0.0121536534913212,NaN,NaN
trend_inflation,01-Jan-2020,trend_inflation[291],1.28926416766963,0.0118629499045794,NaN,NaN
trend_inflation,01-Apr-2020,trend_inflation[292],1.41699009438008,0.0126494336278011,NaN,NaN
trend_inflation,01-Jul-2020,trend_inflation[293],1.43668052881063,0.0129614075074847,NaN,NaN
trend_inflation,01-Oct-2020,trend_inflation[294],1.27675593227344,0.0123913129505708,NaN,NaN
trend_inflation,01-Jan-2021,trend_inflation[295],1.23366908889831,0.0125512650700123,NaN,NaN
trend_inflation,01-Apr-2021,trend_inflation[296],1.29074745026844,0.0131070102554483,NaN,NaN
trend_inflation,01-Jul-2021,trend_inflation[297],1.30711200470109,0.0134223356375104,NaN,NaN
trend_inflation,01-Oct-2021,trend_inflation[298],1.29759358086252,0.0135856589417939,NaN,NaN
trend_inflation,01-Jan-2022,trend_inflation[299],1.35568392737168,0.0141342113435187,NaN,NaN
trend_inflation,01-Apr-2022,trend_inflation[300],1.37817666358274,0.0143742977925565,NaN,NaN
trend_inflation,01-Jul-2022,trend_inflation[301],1.36013447660874,0.0142733969475685,NaN,NaN
trend_inflation,01-Oct-2022,trend_inflation[302],1.41641934707384,0.0145751074815523,NaN,NaN
trend_inflation,01-Jan-2023,trend_inflation[303],1.4472094505264,0.0148257017913115,NaN,NaN
trend_inflation,01-Apr-2023,trend_inflation[304],1.41229444301274,0.0147869999326758,NaN,NaN
trend_inflation,01-Jul-2023,trend_inflation[305],1.34052393494525,0.0144883840956461,NaN,NaN
trend_inflation,01-Oct-2023,trend_inflation[306],1.27596261075796,0.014260108618662,NaN,NaN
trend_inflation,01-Jan-2024,trend_inflation[307],1.39708244797789,0.01504982961756,NaN,NaN
trend_inflation,01-Apr-2024,trend_inflation[308],1.45033916157045,0.0152632496190771,NaN,NaN
trend_inflation,01-Jul-2024,trend_inflation[309],1.36390838083687,0.0149778400178635,NaN,NaN
trend_inflation,01-Oct-2024,trend_inflation[310],1.33396903149391,0.0150441929449399,NaN,NaN
trend_inflation,01-Jan-2025,trend_inflation[311],1.3457149795763,0.0153105686131221,NaN,NaN
trend_inflation,01-Apr-2025,trend_inflation[312],1.28663896245468,0.0151985193873318,NaN,NaN
trend_inflation,01-Jul-2025,trend_inflation[313],1.31564460478605,0.015611882782015,NaN,NaN
trend_inflation,01-Oct-2025,trend_inflation[314],1.30240600922002,0.0158274473422993,NaN,NaN
trend_inflation,01-Jan-2026,trend_inflation[315],1.32875652260508,0.016431123965138,NaN,NaN
trend_inflation,01-Apr-2026,trend_inflation[316],1.27425933342183,0.0163447137332709,0.160421287006148,0.872549222165749
parameters,NaT,sigtau,5.62814321794184,0.000357436952559777,0.940435053076779,0.346994449056644
parameters,NaT,sigrho,7.06002968898254,2.07313370011651e-05,-0.373978876864819,0.70842003161861
parameters,NaT,sigh,3.02414113453506,0.000570896610688536,-1.05250025002144,0.292570095876504
trend_inflation,01-Apr-1960,trend_inflation[1],72.8606047104563,0.0108893505950264,0.136822699951487,0.891170940416035
trend_inflation,01-Jul-1960,trend_inflation[2],74.4421162182137,0.0108668544366286,NaN,NaN
trend_inflation,01-Oct-1960,trend_inflation[3],76.9583354225092,0.0109531938201276,NaN,NaN
trend_inflation,01-Jan-1961,trend_inflation[4],78.7662290688499,0.0109674360984227,NaN,NaN
trend_inflation,01-Apr-1961,trend_inflation[5],80.3095343276438,0.0109962561928491,NaN,NaN
trend_inflation,01-Jul-1961,trend_inflation[6],82.7246489593334,0.0111346982236932,NaN,NaN
trend_inflation,01-Oct-1961,trend_inflation[7],85.181458295569,0.011193395569658,NaN,NaN
trend_inflation,01-Jan-1962,trend_inflation[8],87.5494583773679,0.0113520684295129,NaN,NaN
trend_inflation,01-Apr-1962,trend_inflation[9],88.706968386772,0.0113682224641537,NaN,NaN
trend_inflation,01-Jul-1962,trend_inflation[10],90.4524482600579,0.0114219020407882,NaN,NaN
trend_inflation,01-Oct-1962,trend_inflation[11],92.5058779372521,0.0115286055093183,NaN,NaN
trend_inflation,01-Jan-1963,trend_inflation[12],94.6861564847274,0.0116259872465023,NaN,NaN
trend_inflation,01-Apr-1963,trend_inflation[13],97.0363342233686,0.0117599566688162,NaN,NaN
trend_inflation,01-Jul-1963,trend_inflation[14],99.1738597049006,0.0118968146787365,NaN,NaN
trend_inflation,01-Oct-1963,trend_inflation[15],100.288998747337,0.0119315346897666,NaN,NaN
trend_inflation,01-Jan-1964,trend_inflation[16],102.518841211831,0.012101268472904,NaN,NaN
trend_inflation,01-Apr-1964,trend_inflation[17],103.91846006685,0.0121868403829172,NaN,NaN
trend_inflation,01-Jul-1964,trend_inflation[18],105.660843424429,0.0123714843868988,NaN,NaN
trend_inflation,01-Oct-1964,trend_inflation[19],108.009627512394,0.0125156035734218,NaN,NaN
trend_inflation,01-Jan-1965,trend_inflation[20],109.186752275134,0.0126466756012943,NaN,NaN
trend_inflation,01-Apr-1965,trend_inflation[21],111.114110726007,0.0128815804989997,NaN,NaN
trend_inflation,01-Jul-1965,trend_inflation[22],112.414257255058,0.0129888225525203,NaN,NaN
trend_inflation,01-Oct-1965,trend_inflation[23],113.25196410454,0.0131294595531652,NaN,NaN
trend_inflation,01-Jan-1966,trend_inflation[24],115.62435306202,0.0134389032255266,NaN,NaN
trend_inflation,01-Apr-1966,trend_inflation[25],118.29702982393,0.0136919722368004,NaN,NaN
trend_inflation,01-Jul-1966,trend_inflation[26],120.760711811605,0.0139334457588503,NaN,NaN
trend_inflation,01-Oct-1966,trend_inflation[27],122.655503183328,0.0141129915186511,NaN,NaN
trend_inflation,01-Jan-1967,trend_inflation[28],122.949960574239,0.0141394165166217,NaN,NaN
trend_inflation,01-Apr-1967,trend_inflation[29],124.256100975595,0.0143466440211255,NaN,NaN
trend_inflation,01-Jul-1967,trend_inflation[30],126.151287328813,0.0146853608235647,NaN,NaN
trend_inflation,01-Oct-1967,trend_inflation[31],128.263888822251,0.0148762032409468,NaN,NaN
trend_inflation,01-Jan-1968,trend_inflation[32],130.746765517883,0.015188876537022,NaN,NaN
trend_inflation,01-Apr-1968,trend_inflation[33],131.723263252397,0.0154476486855897,NaN,NaN
trend_inflation,01-Jul-1968,trend_inflation[34],158.972119430312,0.0187627099363691,NaN,NaN
trend_inflation,01-Oct-1968,trend_inflation[35],160.836777432669,0.0191960955795108,NaN,NaN
trend_inflation,01-Jan-1969,trend_inflation[36],161.905273144389,0.019418123244584,NaN,NaN
trend_inflation,01-Apr-1969,trend_inflation[37],166.492727929734,0.0201666989706639,NaN,NaN
trend_inflation,01-Jul-1969,trend_inflation[38],169.708195241919,0.0206267883550888,NaN,NaN
trend_inflation,01-Oct-1969,trend_inflation[39],170.418730808466,0.0207245944676721,NaN,NaN
trend_inflation,01-Jan-1970,trend_inflation[40],172.440755953529,0.0209737903376637,NaN,NaN
trend_inflation,01-Apr-1970,trend_inflation[41],173.563524470665,0.0211308113981861,-0.184126949482322,0.853913865276868
trend_inflation,01-Jul-1970,trend_inflation[42],178.93785037092,0.0218497772400282,NaN,NaN
trend_inflation,01-Oct-1970,trend_inflation[43],185.935596265609,0.0232441009635108,NaN,NaN
trend_inflation,01-Jan-1971,trend_inflation[44],188.163987386464,0.0233896647912782,NaN,NaN
trend_inflation,01-Apr-1971,trend_inflation[45],190.367578357034,0.0237657100297343,NaN,NaN
trend_inflation,01-Jul-1971,trend_inflation[46],192.536164535581,0.0240261138488747,NaN,NaN
trend_inflation,01-Oct-1971,trend_inflation[47],202.138432654318,0.0256094957673096,NaN,NaN
trend_inflation,01-Jan-1972,trend_inflation[48],204.309276672708,0.0260316337586541,NaN,NaN
trend_inflation,01-Apr-1972,trend_inflation[49],206.162461278053,0.0261835909933227,NaN,NaN
trend_inflation,01-Jul-1972,trend_inflation[50],209.110753992479,0.0266617073083501,NaN,NaN
trend_inflation,01-Oct-1972,trend_inflation[51],217.479836984624,0.0285381021045158,NaN,NaN
trend_inflation,01-Jan-1973,trend_inflation[52],220.258409076634,0.0290536881379166,NaN,NaN
trend_inflation,01-Apr-1973,trend_inflation[53],222.33514802193,0.0296051014212713,NaN,NaN
trend_inflation,01-Jul-1973,trend_inflation[54],223.670088376449,0.0298974541861909,NaN,NaN
trend_inflation,01-Oct-1973,trend_inflation[55],224.754685673221,0.0302436094609992,NaN,NaN
trend_inflation,01-Jan-1974,trend_inflation[56],230.31639915418,0.0318444545067457,NaN,NaN
trend_inflation,01-Apr-1974,trend_inflation[57],238.031883131429,0.0347523204106085,NaN,NaN
trend_inflation,01-Jul-1974,trend_inflation[58],240.956320381447,0.0357488762913469,NaN,NaN
trend_inflation,01-Oct-1974,trend_inflation[59],243.195937181829,0.0359906509051714,NaN,NaN
trend_inflation,01-Jan-1975,trend_inflation[60],244.808886618328,0.0360643589424248,NaN,NaN
trend_inflation,01-Apr-1975,trend_inflation[61],246.731090941882,0.0362373605276465,NaN,NaN
trend_inflation,01-Jul-1975,trend_inflation[62],247.859455130054,0.0367695904448125,NaN,NaN
trend_inflation,01-Oct-1975,trend_inflation[63],249.595802762777,0.0369689496596263,NaN,NaN
trend_inflation,01-Jan-1976,trend_inflation[64],246.961611853649,0.0358729245727693,NaN,NaN
trend_inflation,01-Apr-1976,trend_inflation[65],239.988366433303,0.0343102129797922,NaN,NaN
trend_inflation,01-Jul-1976,trend_inflation[66],241.293895577926,0.0349104711882239,NaN,NaN
trend_inflation,01-Oct-1976,trend_inflation[67],241.566168850486,0.035115737840499,NaN,NaN
trend_inflation,01-Jan-1977,trend_inflation[68],240.958695606131,0.0353405331036425,NaN,NaN
trend_inflation,01-Apr-1977,trend_inflation[69],241.974293993623,0.0357825398059953,NaN,NaN
trend_inflation,01-Jul-1977,trend_inflation[70],246.599185362228,0.0366639692310735,NaN,NaN
trend_inflation,01-Oct-1977,trend_inflation[71],246.27262848898,0.0367839481727858,NaN,NaN
trend_inflation,01-Jan-1978,trend_inflation[72],249.934549731152,0.0376791065143166,NaN,NaN
trend_inflation,01-Apr-1978,trend_inflation[73],255.397751525805,0.0393792632361064,NaN,NaN
trend_inflation,01-Jul-1978,trend_inflation[74],255.976864611606,0.0394401049419205,NaN,NaN
trend_inflation,01-Oct-1978,trend_inflation[75],259.434324486447,0.0405658250543202,NaN,NaN
trend_inflation,01-Jan-1979,trend_inflation[76],263.140005073775,0.0424266378191609,NaN,NaN
trend_inflation,01-Apr-1979,trend_inflation[77],263.457134741305,0.0428758008345564,NaN,NaN
trend_inflation,01-Jul-1979,trend_inflation[78],264.589108997463,0.044835718993048,NaN,NaN
trend_inflation,01-Oct-1979,trend_inflation[79],265.41993623464,0.0448520326931843,NaN,NaN
trend_inflation,01-Jan-1980,trend_inflation[80],265.51197481736,0.0451233366323765,NaN,NaN
trend_inflation,01-Apr-1980,trend_inflation[81],266.374134483959,0.045022908034062,0.104602224790548,0.916691449265372
trend_inflation,01-Jul-1980,trend_inflation[82],267.0659994253,0.0449296184754491,NaN,NaN
trend_inflation,01-Oct-1980,trend_inflation[83],267.830462400129,0.0460580408354422,NaN,NaN
trend_inflation,01-Jan-1981,trend_inflation[84],265.014200031056,0.0480957760531287,NaN,NaN
trend_inflation,01-Apr-1981,trend_inflation[85],265.989863217596,0.0463770716728042,NaN,NaN
trend_inflation,01-Jul-1981,trend_inflation[86],267.137113427503,0.0451772182097238,NaN,NaN
trend_inflation,01-Oct-1981,trend_inflation[87],265.988530830538,0.0449826654057846,NaN,NaN
trend_inflation,01-Jan-1982,trend_inflation[88],266.07809110687,0.0424572697970888,NaN,NaN
trend_inflation,01-Apr-1982,trend_inflation[89],263.222020389051,0.0405062780881192,NaN,NaN
trend_inflation,01-Jul-1982,trend_inflation[90],261.729275012995,0.0402736516322016,NaN,NaN
trend_inflation,01-Oct-1982,trend_inflation[91],258.651398640716,0.0390990989204578,NaN,NaN
trend_inflation,01-Jan-1983,trend_inflation[92],254.432321194223,0.0377146844696493,NaN,NaN
trend_inflation,01-Apr-1983,trend_inflation[93],254.811179643021,0.0382292753760791,NaN,NaN
trend_inflation,01-Jul-1983,trend_inflation[94],253.373293452793,0.038086103842541,NaN,NaN
trend_inflation,01-Oct-1983,trend_inflation[95],250.953457271479,0.0373924692436084,NaN,NaN
trend_inflation,01-Jan-1984,trend_inflation[96],248.074143882296,0.0367518226277649,NaN,NaN
trend_inflation,01-Apr-1984,trend_inflation[97],246.075083396582,0.035997954874511,NaN,NaN
trend_inflation,01-Jul-1984,trend_inflation[98],240.653001249032,0.0337214808187827,NaN,NaN
trend_inflation,01-Oct-1984,trend_inflation[99],232.987473384638,0.0319399482177537,NaN,NaN
trend_inflation,01-Jan-1985,trend_inflation[100],224.636677485522,0.0303759119694972,NaN,NaN
trend_inflation,01-Apr-1985,trend_inflation[101],225.397150500357,0.0302355472135427,NaN,NaN
trend_inflation,01-Jul-1985,trend_inflation[102],225.610628702885,0.0304428343143542,NaN,NaN
trend_inflation,01-Oct-1985,trend_inflation[103],222.67983351082,0.0297698439665996,NaN,NaN
trend_inflation,01-Jan-1986,trend_inflation[104],215.325342270322,0.0282079548942986,NaN,NaN
trend_inflation,01-Apr-1986,trend_inflation[105],212.058762241208,0.0275292942200811,NaN,NaN
trend_inflation,01-Jul-1986,trend_inflation[106],207.483920726003,0.0268403240398608,NaN,NaN
trend_inflation,01-Oct-1986,trend_inflation[107],206.083064330379,0.0264315666499263,NaN,NaN
trend_inflation,01-Jan-1987,trend_inflation[108],208.016126025968,0.0266721596700933,NaN,NaN
trend_inflation,01-Apr-1987,trend_inflation[109],206.165521077523,0.0264116903347895,NaN,NaN
trend_inflation,01-Jul-1987,trend_inflation[110],205.986150671281,0.0265515084946692,NaN,NaN
trend_inflation,01-Oct-1987,trend_inflation[111],201.807897397287,0.0252519783908105,NaN,NaN
trend_inflation,01-Jan-1988,trend_inflation[112],200.589303312259,0.0251047207764436,NaN,NaN
trend_inflation,01-Apr-1988,trend_inflation[113],197.464985516362,0.0243954871355229,NaN,NaN
trend_inflation,01-Jul-1988,trend_inflation[114],192.925187575529,0.0236685815295014,NaN,NaN
trend_inflation,01-Oct-1988,trend_inflation[115],186.689563435818,0.0225639069691186,NaN,NaN
trend_inflation,01-Jan-1989,trend_inflation[116],185.468498782777,0.0223273194856788,NaN,NaN
trend_inflation,01-Apr-1989,trend_inflation[117],185.714992222192,0.0223094423886646,NaN,NaN
trend_inflation,01-Jul-1989,trend_inflation[118],178.814486539927,0.021142944417215,NaN,NaN
trend_inflation,01-Oct-1989,trend_inflation[119],172.370921321358,0.0202663104006379,NaN,NaN
trend_inflation,01-Jan-1990,trend_inflation[120],162.787585417489,0.0193513205866616,NaN,NaN
trend_inflation,01-Apr-1990,trend_inflation[121],168.424815514418,0.0195735458202533,0.692487553329172,0.488631199679739
trend_inflation,01-Jul-1990,trend_inflation[122],170.678310433116,0.0197970098718878,NaN,NaN
trend_inflation,01-Oct-1990,trend_inflation[123],167.893435007623,0.019322212926941,NaN,NaN
trend_inflation,01-Jan-1991,trend_inflation[124],168.019245097382,0.0190475992923569,NaN,NaN
trend_inflation,01-Apr-1991,trend_inflation[125],167.699009690396,0.0188600339772262,NaN,NaN
trend_inflation,01-Jul-1991,trend_inflation[126],161.418478352393,0.0178696775695713,NaN,NaN
trend_inflation,01-Oct-1991,trend_inflation[127],158.229808496743,0.0173765449800393,NaN,NaN
trend_inflation,01-Jan-1992,trend_inflation[128],148.911382467155,0.016327523167293,NaN,NaN
trend_inflation,01-Apr-1992,trend_inflation[129],153.944298316414,0.0166028805503259,NaN,NaN
trend_inflation,01-Jul-1992,trend_inflation[130],149.513913562212,0.0159966750084678,NaN,NaN
trend_inflation,01-Oct-1992,trend_inflation[131],143.238914205312,0.0154156349437879,NaN,NaN
trend_inflation,01-Jan-1993,trend_inflation[132],139.392083201625,0.0149582241001741,NaN,NaN
trend_inflation,01-Apr-1993,trend_inflation[133],143.650179855197,0.0152713007526064,NaN,NaN
trend_inflation,01-Jul-1993,trend_inflation[134],135.786286302507,0.0144759570788062,NaN,NaN
trend_inflation,01-Oct-1993,trend_inflation[135],136.79537336725,0.0144100408040722,NaN,NaN
trend_inflation,01-Jan-1994,trend_inflation[136],136.289320594757,0.0142340157339026,NaN,NaN
trend_inflation,01-Apr-1994,trend_inflation[137],137.802867220718,0.0142741858886222,NaN,NaN
trend_inflation,01-Jul-1994,trend_inflation[138],138.549633231375,0.014206001948775,NaN,NaN
trend_inflation,01-Oct-1994,trend_inflation[139],138.352216385343,0.0140620416536358,NaN,NaN
trend_inflation,01-Jan-1995,trend_inflation[140],134.750529042787,0.0136149428334509,NaN,NaN
trend_inflation,01-Apr-1995,trend_inflation[141],135.622169760619,0.0136233623072513,NaN,NaN
trend_inflation,01-Jul-1995,trend_inflation[142],133.656662702038,0.0132656101014028,NaN,NaN
trend_inflation,01-Oct-1995,trend_inflation[143],128.203595376883,0.0128069743372206,NaN,NaN
trend_inflation,01-Jan-1996,trend_inflation[144],129.4423645907,0.0127637421139347,NaN,NaN
trend_inflation,01-Apr-1996,trend_inflation[145],130.808559244557,0.0127490607899557,NaN,NaN
trend_inflation,01-Jul-1996,trend_inflation[146],131.522622124916,0.0126606884569586,NaN,NaN
trend_inflation,01-Oct-1996,trend_inflation[147],132.459475423834,0.0125973738386309,NaN,NaN
trend_inflation,01-Jan-1997,trend_inflation[148],132.840662816686,0.0124812282138381,NaN,NaN
trend_inflation,01-Apr-1997,trend_inflation[149],130.353459446345,0.0122292292919652,NaN,NaN
trend_inflation,01-Jul-1997,trend_inflation[150],132.562311084465,0.0122489375841152,NaN,NaN
trend_inflation,01-Oct-1997,trend_inflation[151],126.179971539157,0.011819522777199,NaN,NaN
trend_inflation,01-Jan-1998,trend_inflation[152],124.379926449882,0.0115787168924433,NaN,NaN
trend_inflation,01-Apr-1998,trend_inflation[153],121.561539487673,0.0113774999676661,NaN,NaN
trend_inflation,01-Jul-1998,trend_inflation[154],121.998185893502,0.0112839562670067,NaN,NaN
trend_inflation,01-Oct-1998,trend_inflation[155],123.407672778396,0.0112226204242263,NaN,NaN
trend_inflation,01-Jan-1999,trend_inflation[156],116.547300193178,0.0109853647258538,NaN,NaN
trend_inflation,01-Apr-1999,trend_inflation[157],125.135794219914,0.0111044689872609,NaN,NaN
trend_inflation,01-Jul-1999,trend_inflation[158],126.600969572003,0.0110990764802927,NaN,NaN
trend_inflation,01-Oct-1999,trend_inflation[159],127.167881722843,0.0110147436381626,NaN,NaN
trend_inflation,01-Jan-2000,trend_inflation[160],128.852632494094,0.0110101512270719,NaN,NaN
trend_inflation,01-Apr-2000,trend_inflation[161],129.534772103502,0.0109751449932643,1.02526776401239,0.305236861781927
trend_inflation,01-Jul-2000,trend_inflation[162],130.030826999326,0.0109258897774947,NaN,NaN
trend_inflation,01-Oct-2000,trend_inflation[163],130.494609449863,0.0108708016943318,NaN,NaN
trend_inflation,01-Jan-2001,trend_inflation[164],131.16298758794,0.0108411310079397,NaN,NaN
trend_inflation,01-Apr-2001,trend_inflation[165],131.159791658389,0.0108029451701573,NaN,NaN
trend_inflation,01-Jul-2001,trend_inflation[166],131.020280463697,0.0107659666265102,NaN,NaN
trend_inflation,01-Oct-2001,trend_inflation[167],132.483972611795,0.010817878039639,NaN,NaN
trend_inflation,01-Jan-2002,trend_inflation[168],131.855993110918,0.0107896421034197,NaN,NaN
trend_inflation,01-Apr-2002,trend_inflation[169],132.003876241527,0.0108070060492772,NaN,NaN
trend_inflation,01-Jul-2002,trend_inflation[170],132.494687615127,0.0108095588053748,NaN,NaN
trend_inflation,01-Oct-2002,trend_inflation[171],132.723691955994,0.0107766842117002,NaN,NaN
trend_inflation,01-Jan-2003,trend_inflation[172],134.108690593986,0.0108446206848668,NaN,NaN
trend_inflation,01-Apr-2003,trend_inflation[173],133.241386594472,0.0107944568591126,NaN,NaN
trend_inflation,01-Jul-2003,trend_inflation[174],133.979215346353,0.0108449081047932,NaN,NaN
trend_inflation,01-Oct-2003,trend_inflation[175],134.539230227115,0.0108786136011801,NaN,NaN
trend_inflation,01-Jan-2004,trend_inflation[176],135.159440249901,0.0109311596711173,NaN,NaN
trend_inflation,01-Apr-2004,trend_inflation[177],135.290164585801,0.0109199651529004,NaN,NaN
trend_inflation,01-Jul-2004,trend_inflation[178],134.520407112282,0.0109236278631802,NaN,NaN
trend_inflation,01-Oct-2004,trend_inflation[179],135.057817047233,0.0109583522189148,NaN,NaN
trend_inflation,01-Jan-2005,trend_inflation[180],135.918984891111,0.0109933379134558,NaN,NaN
trend_inflation,01-Apr-2005,trend_inflation[181],136.35502073413,0.0110190738054767,NaN,NaN
trend_inflation,01-Jul-2005,trend_inflation[182],136.927351825362,0.0110282779000968,NaN,NaN
trend_inflation,01-Oct-2005,trend_inflation[183],137.821537909497,0.0110760887432299,NaN,NaN
trend_inflation,01-Jan-2006,trend_inflation[184],138.259038216815,0.0111029634472295,NaN,NaN
trend_inflation,01-Apr-2006,trend_inflation[185],139.299164361787,0.0111773269589282,NaN,NaN
trend_inflation,01-Jul-2006,trend_inflation[186],140.040893206115,0.0112122816825443,NaN,NaN
trend_inflation,01-Oct-2006,trend_inflation[187],139.713268899705,0.0111838781983281,NaN,NaN
trend_inflation,01-Jan-2007,trend_inflation[188],139.145004022181,0.0111774842365887,NaN,NaN
trend_inflation,01-Apr-2007,trend_inflation[189],139.035018842948,0.0111837481198155,NaN,NaN
trend_inflation,01-Jul-2007,trend_inflation[190],140.511716693795,0.0112255049620653,NaN,NaN
trend_inflation,01-Oct-2007,trend_inflation[191],141.146772817904,0.0112576738407411,NaN,NaN
trend_inflation,01-Jan-2008,trend_inflation[192],142.03771297684,0.0112735189495146,NaN,NaN
trend_inflation,01-Apr-2008,trend_inflation[193],142.548087157503,0.0112820038040214,NaN,NaN
trend_inflation,01-Jul-2008,trend_inflation[194],142.463334437191,0.0112802685450153,NaN,NaN
trend_inflation,01-Oct-2008,trend_inflation[195],142.788834041697,0.0113030639757699,NaN,NaN
trend_inflation,01-Jan-2009,trend_inflation[196],141.932089361505,0.0112828139172904,NaN,NaN
trend_inflation,01-Apr-2009,trend_inflation[197],142.270884363443,0.0113118744916605,NaN,NaN
trend_inflation,01-Jul-2009,trend_inflation[198],143.271268526776,0.0113177359902084,NaN,NaN
trend_inflation,01-Oct-2009,trend_inflation[199],142.826566351133,0.0113096868112498,NaN,NaN
trend_inflation,01-Jan-2010,trend_inflation[200],142.930474088004,0.0113169143523059,NaN,NaN
trend_inflation,01-Apr-2010,trend_inflation[201],143.037259214812,0.0113307287143559,0.778609849692443,0.436209575148232
trend_inflation,01-Jul-2010,trend_inflation[202],142.582682201695,0.0113180249503663,NaN,NaN
trend_inflation,01-Oct-2010,trend_inflation[203],141.144157569746,0.01128386939394,NaN,NaN
trend_inflation,01-Jan-2011,trend_inflation[204],142.47724719256,0.0113005070732322,NaN,NaN
trend_inflation,01-Apr-2011,trend_inflation[205],143.572829869421,0.0113852808886166,NaN,NaN
trend_inflation,01-Jul-2011,trend_inflation[206],143.685529967993,0.0113826509857833,NaN,NaN
trend_inflation,01-Oct-2011,trend_inflation[207],143.995321842494,0.0113756269498068,NaN,NaN
trend_inflation,01-Jan-2012,trend_inflation[208],145.001109569149,0.0114303912555788,NaN,NaN
trend_inflation,01-Apr-2012,trend_inflation[209],145.68050052204,0.0114707681273807,NaN,NaN
trend_inflation,01-Jul-2012,trend_inflation[210],145.894482600619,0.0115109472383241,NaN,NaN
trend_inflation,01-Oct-2012,trend_inflation[211],146.179363391406,0.0115356539455652,NaN,NaN
trend_inflation,01-Jan-2013,trend_inflation[212],144.267787745343,0.0114604438739522,NaN,NaN
trend_inflation,01-Apr-2013,trend_inflation[213],143.413702658631,0.0114623660529053,NaN,NaN
trend_inflation,01-Jul-2013,trend_inflation[214],143.353226591202,0.0115083224754306,NaN,NaN
trend_inflation,01-Oct-2013,trend_inflation[215],143.386086516051,0.0115198768234119,NaN,NaN
trend_inflation,01-Jan-2014,trend_inflation[216],142.620831911722,0.0115194707751969,NaN,NaN
trend_inflation,01-Apr-2014,trend_inflation[217],142.736469092931,0.0115424495605793,NaN,NaN
trend_inflation,01-Jul-2014,trend_inflation[218],142.748078838797,0.0115613850787941,NaN,NaN
trend_inflation,01-Oct-2014,trend_inflation[219],142.42893272251,0.0115845013056654,NaN,NaN
trend_inflation,01-Jan-2015,trend_inflation[220],141.421211304331,0.0115700163527713,NaN,NaN
trend_inflation,01-Apr-2015,trend_inflation[221],141.631220559552,0.0116246997857087,NaN,NaN
trend_inflation,01-Jul-2015,trend_inflation[222],141.089699479809,0.0116216583257237,NaN,NaN
trend_inflation,01-Oct-2015,trend_inflation[223],140.006479848864,0.0116579426587064,NaN,NaN
trend_inflation,01-Jan-2016,trend_inflation[224],141.704646941335,0.0117382508715712,NaN,NaN
trend_inflation,01-Apr-2016,trend_inflation[225],142.208715326826,0.011794947175934,NaN,NaN
trend_inflation,01-Jul-2016,trend_inflation[226],141.767471316362,0.0118166124005753,NaN,NaN
trend_inflation,01-Oct-2016,trend_inflation[227],141.516776721841,0.0118745286927971,NaN,NaN
trend_inflation,01-Jan-2017,trend_inflation[228],142.026055448649,0.011938684291661,NaN,NaN
trend_inflation,01-Apr-2017,trend_inflation[229],141.876837140889,0.0120084136013306,NaN,NaN
trend_inflation,01-Jul-2017,trend_inflation[230],141.192754425073,0.0120420388236728,NaN,NaN
trend_inflation,01-Oct-2017,trend_inflation[231],140.673371605354,0.01208895055636,NaN,NaN
trend_inflation,01-Jan-2018,trend_inflation[232],139.121021976092,0.0121032692123643,NaN,NaN
trend_inflation,01-Apr-2018,trend_inflation[233],138.532106062962,0.0121696385576129,NaN,NaN
trend_inflation,01-Jul-2018,trend_inflation[234],137.856835714408,0.0122162516491199,NaN,NaN
trend_inflation,01-Oct-2018,trend_inflation[235],137.536688042497,0.01229646254753,NaN,NaN
trend_inflation,01-Jan-2019,trend_inflation[236],137.097536884674,0.0123298861099666,NaN,NaN
trend_inflation,01-Apr-2019,trend_inflation[237],137.90838675578,0.0124616160905995,NaN,NaN
trend_inflation,01-Jul-2019,trend_inflation[238],137.667833521397,0.0125354510462323,NaN,NaN
trend_inflation,01-Oct-2019,trend_inflation[239],137.678773551435,0.0126407139379103,NaN,NaN
trend_inflation,01-Jan-2020,trend_inflation[240],136.535221365099,0.0126937993066094,NaN,NaN
trend_inflation,01-Apr-2020,trend_inflation[241],133.711343227835,0.0127882205021941,0.950695204547058,0.341759123246835
trend_inflation,01-Jul-2020,trend_inflation[242],134.250077479076,0.0129249299738055,NaN,NaN
trend_inflation,01-Oct-2020,trend_inflation[243],136.475002177222,0.0130496551089863,NaN,NaN
trend_inflation,01-Jan-2021,trend_inflation[244],139.003589364043,0.0131799610207182,NaN,NaN
trend_inflation,01-Apr-2021,trend_inflation[245],140.090126907888,0.0132997671340273,NaN,NaN
trend_inflation,01-Jul-2021,trend_inflation[246],140.823231154097,0.0134445217014077,NaN,NaN
trend_inflation,01-Oct-2021,trend_inflation[247],141.319297690136,0.0136125791315124,NaN,NaN
trend_inflation,01-Jan-2022,trend_inflation[248],142.425811264085,0.0137093149123012,NaN,NaN
trend_inflation,01-Apr-2022,trend_inflation[249],139.473846828532,0.0137909928819699,NaN,NaN
trend_inflation,01-Jul-2022,trend_inflation[250],137.86244103384,0.0138062858437625,NaN,NaN
trend_inflation,01-Oct-2022,trend_inflation[251],133.531288663056,0.0138733349950955,NaN,NaN
trend_inflation,01-Jan-2023,trend_inflation[252],139.951262896232,0.0138683004573737,NaN,NaN
trend_inflation,01-Apr-2023,trend_inflation[253],139.109385591829,0.0139002374641969,NaN,NaN
trend_inflation,01-Jul-2023,trend_inflation[254],138.464145402958,0.0139219951548544,NaN,NaN
trend_inflation,01-Oct-2023,trend_inflation[255],137.362573830769,0.013935345067124,NaN,NaN
trend_inflation,01-Jan-2024,trend_inflation[256],133.681751408682,0.013923557218987,NaN,NaN
trend_inflation,01-Apr-2024,trend_inflation[257],133.756979693668,0.0138989921575084,NaN,NaN
trend_inflation,01-Jul-2024,trend_inflation[258],134.203923859249,0.0140243464452581,NaN,NaN
trend_inflation,01-Oct-2024,trend_inflation[259],132.109354072055,0.0139586542021873,NaN,NaN
trend_inflation,01-Jan-2025,trend_inflation[260],130.275333869993,0.0139328045620671,NaN,NaN
trend_inflation,01-Apr-2025,trend_inflation[261],129.873470592818,0.0139368433047204,NaN,NaN
trend_inflation,01-Jul-2025,trend_inflation[262],128.688738852186,0.0139682875410602,NaN,NaN
trend_inflation,01-Oct-2025,trend_inflation[263],126.247355603413,0.013899307737952,NaN,NaN
trend_inflation,01-Jan-2026,trend_inflation[264],123.788052839262,0.0138613578037968,0.596067254813639,0.551130298359588
output_gap,01-Jan-1947,output_gap[1],256.247836716257,0.0885319962730912,-0.0528532075709973,0.957848867197999
output_gap,01-Apr-1947,output_gap[2],248.510801744481,0.0857643061947543,NaN,NaN
output_gap,01-Jul-1947,output_gap[3],233.615443409948,0.0829431329754599,NaN,NaN
output_gap,01-Oct-1947,output_gap[4],213.51407536787,0.0802662210382428,NaN,NaN
output_gap,01-Jan-1948,output_gap[5],190.98360744446,0.0777169641647893,NaN,NaN
output_gap,01-Apr-1948,output_gap[6],168.142950575625,0.0753175612390074,NaN,NaN
output_gap,01-Jul-1948,output_gap[7],146.666231097469,0.0729754710675971,NaN,NaN
output_gap,01-Oct-1948,output_gap[8],127.21995485073,0.0705981066500689,NaN,NaN
output_gap,01-Jan-1949,output_gap[9],109.503566804386,0.0679310863494439,NaN,NaN
output_gap,01-Apr-1949,output_gap[10],93.4368360706629,0.0652022078912901,NaN,NaN
output_gap,01-Jul-1949,output_gap[11],79.3466483695809,0.062590689516916,NaN,NaN
output_gap,01-Oct-1949,output_gap[12],66.5186608160166,0.0600873274614214,NaN,NaN
output_gap,01-Jan-1950,output_gap[13],56.6750280794278,0.0578963200961801,NaN,NaN
output_gap,01-Apr-1950,output_gap[14],48.8356181129871,0.0558525426491418,NaN,NaN
output_gap,01-Jul-1950,output_gap[15],42.6555186075876,0.0537740322162972,NaN,NaN
output_gap,01-Oct-1950,output_gap[16],37.458105223747,0.0517772678116413,NaN,NaN
output_gap,01-Jan-1951,output_gap[17],33.0453193289894,0.0498784624952725,NaN,NaN
output_gap,01-Apr-1951,output_gap[18],29.3052746648065,0.0480397941261827,NaN,NaN
output_gap,01-Jul-1951,output_gap[19],26.1421662848859,0.0462735449897045,NaN,NaN
output_gap,01-Oct-1951,output_gap[20],23.442938595583,0.044722204781548,NaN,NaN
output_gap,01-Jan-1952,output_gap[21],21.1461403482026,0.0432984831281805,NaN,NaN
output_gap,01-Apr-1952,output_gap[22],19.1766743373006,0.0420265927747245,NaN,NaN
output_gap,01-Jul-1952,output_gap[23],17.5015121170879,0.0408815225871456,NaN,NaN
output_gap,01-Oct-1952,output_gap[24],16.208061268814,0.0399652351694239,NaN,NaN
output_gap,01-Jan-1953,output_gap[25],15.275059898346,0.0394242328853356,NaN,NaN
output_gap,01-Apr-1953,output_gap[26],14.6609390380471,0.0392756572962573,NaN,NaN
output_gap,01-Jul-1953,output_gap[27],14.1182190947443,0.0391670929663632,NaN,NaN
output_gap,01-Oct-1953,output_gap[28],13.4143202356511,0.0386939606517986,NaN,NaN
output_gap,01-Jan-1954,output_gap[29],12.6535683843492,0.0380049706464267,NaN,NaN
output_gap,01-Apr-1954,output_gap[30],11.8843260696383,0.037195040892716,NaN,NaN
output_gap,01-Jul-1954,output_gap[31],11.2315921515057,0.0365031928375182,NaN,NaN
output_gap,01-Oct-1954,output_gap[32],10.7737636385278,0.0361129000662698,NaN,NaN
output_gap,01-Jan-1955,output_gap[33],10.6438951780137,0.0363225456325144,NaN,NaN
output_gap,01-Apr-1955,output_gap[34],10.6961157842748,0.0368674064574629,NaN,NaN
output_gap,01-Jul-1955,output_gap[35],10.9401398288441,0.0377885293678991,NaN,NaN
output_gap,01-Oct-1955,output_gap[36],11.2549605668361,0.0388457060482767,NaN,NaN
output_gap,01-Jan-1956,output_gap[37],11.4246660306397,0.0395853133894602,NaN,NaN
output_gap,01-Apr-1956,output_gap[38],11.7206062770428,0.040575572410803,NaN,NaN
output_gap,01-Jul-1956,output_gap[39],11.8522420344365,0.0412124465722924,NaN,NaN
output_gap,01-Oct-1956,output_gap[40],12.2807229342534,0.0424814645057074,NaN,NaN
output_gap,01-Jan-1957,output_gap[41],12.6978932534131,0.043729882130003,-1.0621573528799,0.288164256903191
output_gap,01-Apr-1957,output_gap[42],12.9259834428549,0.044551432796832,NaN,NaN
output_gap,01-Jul-1957,output_gap[43],13.2795073130965,0.0456396086798359,NaN,NaN
output_gap,01-Oct-1957,output_gap[44],13.1684226989225,0.0456854796262288,NaN,NaN
output_gap,01-Jan-1958,output_gap[45],12.2464419479682,0.0438769157297424,NaN,NaN
output_gap,01-Apr-1958,output_gap[46],11.3482523902699,0.0420876931416502,NaN,NaN
output_gap,01-Jul-1958,output_gap[47],10.7380542805069,0.0409119928810977,NaN,NaN
output_gap,01-Oct-1958,output_gap[48],10.3527887704275,0.040227205563709,NaN,NaN
output_gap,01-Jan-1959,output_gap[49],10.1147790348225,0.0398618064947202,NaN,NaN
output_gap,01-Apr-1959,output_gap[50],10.0993577931413,0.0400096329272504,NaN,NaN
output_gap,01-Jul-1959,output_gap[51],9.89794015632419,0.039691742379747,NaN,NaN
output_gap,01-Oct-1959,output_gap[52],9.60373180604732,0.0391258151832079,NaN,NaN
output_gap,01-Jan-1960,output_gap[53],9.56943808805653,0.0391680262514326,NaN,NaN
output_gap,01-Apr-1960,output_gap[54],9.23758446943526,0.0384662918684144,NaN,NaN
output_gap,01-Jul-1960,output_gap[55],8.83966427106243,0.0375783996457399,NaN,NaN
output_gap,01-Oct-1960,output_gap[56],8.06567101287846,0.0357167904616808,NaN,NaN
output_gap,01-Jan-1961,output_gap[57],7.30694694253579,0.0338284096692893,NaN,NaN
output_gap,01-Apr-1961,output_gap[58],6.66229340507428,0.0321678210060644,NaN,NaN
output_gap,01-Jul-1961,output_gap[59],6.11913623513259,0.0307234699617487,NaN,NaN
output_gap,01-Oct-1961,output_gap[60],5.6469073493422,0.0294274063728884,NaN,NaN
output_gap,01-Jan-1962,output_gap[61],5.23546550507835,0.0282611078502111,NaN,NaN
output_gap,01-Apr-1962,output_gap[62],4.83762512650175,0.0271017542243322,NaN,NaN
output_gap,01-Jul-1962,output_gap[63],4.47552977361757,0.0260151262420522,NaN,NaN
output_gap,01-Oct-1962,output_gap[64],4.15925253126868,0.0250459465939309,NaN,NaN
output_gap,01-Jan-1963,output_gap[65],3.92182674204672,0.0243087764957891,NaN,NaN
output_gap,01-Apr-1963,output_gap[66],3.77959975537624,0.0238754233231533,NaN,NaN
output_gap,01-Jul-1963,output_gap[67],3.66165134857563,0.023506424794765,NaN,NaN
output_gap,01-Oct-1963,output_gap[68],3.68016591997893,0.0236086511825999,NaN,NaN
output_gap,01-Jan-1964,output_gap[69],3.69808147344389,0.0236957311212769,NaN,NaN
output_gap,01-Apr-1964,output_gap[70],3.82718668557458,0.0241572659110757,NaN,NaN
output_gap,01-Jul-1964,output_gap[71],3.97323209627049,0.0246711186496518,NaN,NaN
output_gap,01-Oct-1964,output_gap[72],4.33634754934218,0.0258991192566014,NaN,NaN
output_gap,01-Jan-1965,output_gap[73],4.59555020212153,0.0267484863377275,NaN,NaN
output_gap,01-Apr-1965,output_gap[74],4.94115405792827,0.0278522766229295,NaN,NaN
output_gap,01-Jul-1965,output_gap[75],5.17960616387395,0.0285941255739409,NaN,NaN
output_gap,01-Oct-1965,output_gap[76],5.2952571992019,0.028950579325137,NaN,NaN
output_gap,01-Jan-1966,output_gap[77],5.27690201021687,0.0288894381483065,NaN,NaN
output_gap,01-Apr-1966,output_gap[78],5.3927913292557,0.0292490400654364,NaN,NaN
output_gap,01-Jul-1966,output_gap[79],5.5339386401395,0.0296882814424172,NaN,NaN
output_gap,01-Oct-1966,output_gap[80],5.71247738224322,0.0302349594439919,NaN,NaN
output_gap,01-Jan-1967,output_gap[81],5.91665896889781,0.0308490934049144,-0.87715350676782,0.380403265325812
output_gap,01-Apr-1967,output_gap[82],6.19148259808704,0.0316682808615995,NaN,NaN
output_gap,01-Jul-1967,output_gap[83],6.47159046285067,0.0324896780552099,NaN,NaN
output_gap,01-Oct-1967,output_gap[84],6.76510424600567,0.0333380399903517,NaN,NaN
output_gap,01-Jan-1968,output_gap[85],7.02013809141471,0.0340626965447878,NaN,NaN
output_gap,01-Apr-1968,output_gap[86],7.2784739424343,0.0347853912969051,NaN,NaN
output_gap,01-Jul-1968,output_gap[87],7.55787153582543,0.0355609173082104,NaN,NaN
output_gap,01-Oct-1968,output_gap[88],7.82781259901418,0.036313484216266,NaN,NaN
output_gap,01-Jan-1969,output_gap[89],8.15183416181764,0.0372050848290973,NaN,NaN
output_gap,01-Apr-1969,output_gap[90],8.45643055686553,0.0380362653848411,NaN,NaN
output_gap,01-Jul-1969,output_gap[91],8.76570399587921,0.0388782038758003,NaN,NaN
output_gap,01-Oct-1969,output_gap[92],8.93872764754988,0.0393600454779473,NaN,NaN
output_gap,01-Jan-1970,output_gap[93],9.02217408262682,0.0395986101164117,NaN,NaN
output_gap,01-Apr-1970,output_gap[94],9.01868290812618,0.0396090353255196,NaN,NaN
output_gap,01-Jul-1970,output_gap[95],9.02473963932226,0.0396473259702669,NaN,NaN
output_gap,01-Oct-1970,output_gap[96],8.75538856036887,0.038959581329837,NaN,NaN
output_gap,01-Jan-1971,output_gap[97],8.7677943938759,0.0390186414497403,NaN,NaN
output_gap,01-Apr-1971,output_gap[98],8.69585993117176,0.0388528405611236,NaN,NaN
output_gap,01-Jul-1971,output_gap[99],8.6151243218605,0.0386647942430384,NaN,NaN
output_gap,01-Oct-1971,output_gap[100],8.46586261915659,0.0382879554935078,NaN,NaN
output_gap,01-Jan-1972,output_gap[101],8.47137963338706,0.0383261928627606,NaN,NaN
output_gap,01-Apr-1972,output_gap[102],8.64502105349877,0.0388193110630691,NaN,NaN
output_gap,01-Jul-1972,output_gap[103],8.81299562049063,0.0392914705415902,NaN,NaN
output_gap,01-Oct-1972,output_gap[104],9.11355507953155,0.0401184534191537,NaN,NaN
output_gap,01-Jan-1973,output_gap[105],9.70348874649912,0.0417051483642926,NaN,NaN
output_gap,01-Apr-1973,output_gap[106],10.3818610673879,0.043500195858724,NaN,NaN
output_gap,01-Jul-1973,output_gap[107],10.8692925151505,0.0447780300020811,NaN,NaN
output_gap,01-Oct-1973,output_gap[108],11.4958661025649,0.046406764126465,NaN,NaN
output_gap,01-Jan-1974,output_gap[109],11.8138162547028,0.0472239237068061,NaN,NaN
output_gap,01-Apr-1974,output_gap[110],12.1126845976243,0.0479870285848583,NaN,NaN
output_gap,01-Jul-1974,output_gap[111],12.0595174144021,0.0478413027805044,NaN,NaN
output_gap,01-Oct-1974,output_gap[112],11.8012351728528,0.0471614340123424,NaN,NaN
output_gap,01-Jan-1975,output_gap[113],11.0794560130286,0.0452959776984521,NaN,NaN
output_gap,01-Apr-1975,output_gap[114],10.3861397960555,0.0435064988842683,NaN,NaN
output_gap,01-Jul-1975,output_gap[115],9.88675624114071,0.042213867679313,NaN,NaN
output_gap,01-Oct-1975,output_gap[116],9.461146962357,0.0411107370562509,NaN,NaN
output_gap,01-Jan-1976,output_gap[117],9.335944981548,0.0407919420327224,NaN,NaN
output_gap,01-Apr-1976,output_gap[118],9.15775720468558,0.0403331401018627,NaN,NaN
output_gap,01-Jul-1976,output_gap[119],8.92680364392784,0.0397344849184261,NaN,NaN
output_gap,01-Oct-1976,output_gap[120],8.68692075803224,0.0391113471595707,NaN,NaN
output_gap,01-Jan-1977,output_gap[121],8.52566890115254,0.0386936977857284,-1.16253510190255,0.245018174920578
output_gap,01-Apr-1977,output_gap[122],8.57581131406051,0.0388441039691705,NaN,NaN
output_gap,01-Jul-1977,output_gap[123],8.792950017007,0.0394417453558805,NaN,NaN
output_gap,01-Oct-1977,output_gap[124],8.85330747863437,0.0396172467663415,NaN,NaN
output_gap,01-Jan-1978,output_gap[125],8.84329705004648,0.0396133600000309,NaN,NaN
output_gap,01-Apr-1978,output_gap[126],9.44462529078289,0.0412236448345494,NaN,NaN
output_gap,01-Jul-1978,output_gap[127],10.0768985515953,0.0428816842755001,NaN,NaN
output_gap,01-Oct-1978,output_gap[128],10.8959894179974,0.0449956610642245,NaN,NaN
output_gap,01-Jan-1979,output_gap[129],11.6609719615213,0.0469345076805121,NaN,NaN
output_gap,01-Apr-1979,output_gap[130],12.3727747087363,0.0487172021488924,NaN,NaN
output_gap,01-Jul-1979,output_gap[131],13.1811859036441,0.0507263386693954,NaN,NaN
output_gap,01-Oct-1979,output_gap[132],13.9658889328939,0.0526470077061167,NaN,NaN
output_gap,01-Jan-1980,output_gap[133],14.7496423651387,0.0545482580560564,NaN,NaN
output_gap,01-Apr-1980,output_gap[134],14.9337670762787,0.054908445645773,NaN,NaN
output_gap,01-Jul-1980,output_gap[135],15.0220360819558,0.0550243714985287,NaN,NaN
output_gap,01-Oct-1980,output_gap[136],15.4090788822788,0.0558947204171469,NaN,NaN
output_gap,01-Jan-1981,output_gap[137],16.0656320787907,0.057441925286828,NaN,NaN
output_gap,01-Apr-1981,output_gap[138],16.3694091574704,0.0580972382401399,NaN,NaN
output_gap,01-Jul-1981,output_gap[139],16.8566789904734,0.0592037210727417,NaN,NaN
output_gap,01-Oct-1981,output_gap[140],16.9173261832288,0.0592264652154262,NaN,NaN
output_gap,01-Jan-1982,output_gap[141],16.4849395925432,0.0580206370234692,NaN,NaN
output_gap,01-Apr-1982,output_gap[142],15.9872537224725,0.0566919859064635,NaN,NaN
output_gap,01-Jul-1982,output_gap[143],15.1879587270289,0.0546466470917798,NaN,NaN
output_gap,01-Oct-1982,output_gap[144],14.1921499770835,0.0521652691189963,NaN,NaN
output_gap,01-Jan-1983,output_gap[145],13.2519117378623,0.0498559153157826,NaN,NaN
output_gap,01-Apr-1983,output_gap[146],12.4979595096027,0.0480150128767717,NaN,NaN
output_gap,01-Jul-1983,output_gap[147],11.865642933109,0.0464715653741133,NaN,NaN
output_gap,01-Oct-1983,output_gap[148],11.3503502790712,0.0452187231989674,NaN,NaN
output_gap,01-Jan-1984,output_gap[149],10.9393695563525,0.0442153911462326,NaN,NaN
output_gap,01-Apr-1984,output_gap[150],10.6255745434336,0.0434359055680105,NaN,NaN
output_gap,01-Jul-1984,output_gap[151],10.3043008601346,0.0426385971711149,NaN,NaN
output_gap,01-Oct-1984,output_gap[152],9.97952514998632,0.0418250255535446,NaN,NaN
output_gap,01-Jan-1985,output_gap[153],9.65983400592024,0.0410243647208276,NaN,NaN
output_gap,01-Apr-1985,output_gap[154],9.33217963922408,0.040207220837377,NaN,NaN
output_gap,01-Jul-1985,output_gap[155],9.09102901373097,0.03959366190534,NaN,NaN
output_gap,01-Oct-1985,output_gap[156],8.84184888366309,0.0389567035494066,NaN,NaN
output_gap,01-Jan-1986,output_gap[157],8.61247813918905,0.0383669085083739,NaN,NaN
output_gap,01-Apr-1986,output_gap[158],8.36917435395444,0.0377329982661703,NaN,NaN
output_gap,01-Jul-1986,output_gap[159],8.14515242144097,0.0371436102771828,NaN,NaN
output_gap,01-Oct-1986,output_gap[160],7.90869275815511,0.0365151746845411,NaN,NaN
output_gap,01-Jan-1987,output_gap[161],7.67379953293841,0.0358879914635291,-0.241522451298471,0.809150217821616
output_gap,01-Apr-1987,output_gap[162],7.47696177932642,0.0353571024711727,NaN,NaN
output_gap,01-Jul-1987,output_gap[163],7.29562090895459,0.0348618579432796,NaN,NaN
output_gap,01-Oct-1987,output_gap[164],7.21124722708766,0.0346217680266007,NaN,NaN
output_gap,01-Jan-1988,output_gap[165],7.12018119495952,0.0343566550084826,NaN,NaN
output_gap,01-Apr-1988,output_gap[166],7.10260508890869,0.034291532089687,NaN,NaN
output_gap,01-Jul-1988,output_gap[167],7.08538324687543,0.034230454170658,NaN,NaN
output_gap,01-Oct-1988,output_gap[168],7.16945165025248,0.0344410627791609,NaN,NaN
output_gap,01-Jan-1989,output_gap[169],7.33032430491078,0.0348541172582106,NaN,NaN
output_gap,01-Apr-1989,output_gap[170],7.55281802588775,0.0354260363586243,NaN,NaN
output_gap,01-Jul-1989,output_gap[171],7.83304642032708,0.0361415216800725,NaN,NaN
output_gap,01-Oct-1989,output_gap[172],8.08902720496034,0.0367854862137432,NaN,NaN
output_gap,01-Jan-1990,output_gap[173],8.46921538971572,0.0377480815035496,NaN,NaN
output_gap,01-Apr-1990,output_gap[174],8.85059080764192,0.0386987582609326,NaN,NaN
output_gap,01-Jul-1990,output_gap[175],9.17566124759859,0.0394901545701815,NaN,NaN
output_gap,01-Oct-1990,output_gap[176],9.22427726286054,0.0395660482242544,NaN,NaN
output_gap,01-Jan-1991,output_gap[177],9.07441973295374,0.0391320867999645,NaN,NaN
output_gap,01-Apr-1991,output_gap[178],8.93216781224545,0.0387301872693587,NaN,NaN
output_gap,01-Jul-1991,output_gap[179],8.71931769481882,0.038153035319363,NaN,NaN
output_gap,01-Oct-1991,output_gap[180],8.40820019013696,0.0373223313884402,NaN,NaN
output_gap,01-Jan-1992,output_gap[181],8.15390276646724,0.0366401094981039,NaN,NaN
output_gap,01-Apr-1992,output_gap[182],7.91638417437941,0.036004744015556,NaN,NaN
output_gap,01-Jul-1992,output_gap[183],7.68430610641473,0.0353822117412689,NaN,NaN
output_gap,01-Oct-1992,output_gap[184],7.48039261132388,0.0348324760647526,NaN,NaN
output_gap,01-Jan-1993,output_gap[185],7.13603763127934,0.0339058874704323,NaN,NaN
output_gap,01-Apr-1993,output_gap[186],6.74716688983017,0.0328499715605944,NaN,NaN
output_gap,01-Jul-1993,output_gap[187],6.28842062994812,0.0315895049071392,NaN,NaN
output_gap,01-Oct-1993,output_gap[188],5.90676017724183,0.0305218794039395,NaN,NaN
output_gap,01-Jan-1994,output_gap[189],5.53532881847677,0.0294584180138531,NaN,NaN
output_gap,01-Apr-1994,output_gap[190],5.23516062623335,0.0285812772381467,NaN,NaN
output_gap,01-Jul-1994,output_gap[191],4.89360454472078,0.0275613456740698,NaN,NaN
output_gap,01-Oct-1994,output_gap[192],4.60813347060105,0.0266891537149452,NaN,NaN
output_gap,01-Jan-1995,output_gap[193],4.27815178839833,0.0256589547672917,NaN,NaN
output_gap,01-Apr-1995,output_gap[194],3.91251656512931,0.0244802648780689,NaN,NaN
output_gap,01-Jul-1995,output_gap[195],3.5831500670319,0.023383137467427,NaN,NaN
output_gap,01-Oct-1995,output_gap[196],3.2757238021089,0.0223229653065944,NaN,NaN
output_gap,01-Jan-1996,output_gap[197],3.01638854859982,0.0213996531923278,NaN,NaN
output_gap,01-Apr-1996,output_gap[198],2.861483460598,0.0208400602000455,NaN,NaN
output_gap,01-Jul-1996,output_gap[199],2.76451402548952,0.0204932812465639,NaN,NaN
output_gap,01-Oct-1996,output_gap[200],2.73320948608739,0.0204034706282907,NaN,NaN
output_gap,01-Jan-1997,output_gap[201],2.74951107657533,0.0205090613872324,-1.37896262972786,0.16790627625794
output_gap,01-Apr-1997,output_gap[202],2.85457259253298,0.0209550023165432,NaN,NaN
output_gap,01-Jul-1997,output_gap[203],3.02272313523961,0.0216368226961498,NaN,NaN
output_gap,01-Oct-1997,output_gap[204],3.24048031606997,0.0224893012121621,NaN,NaN
output_gap,01-Jan-1998,output_gap[205],3.5069545274544,0.0234977512075887,NaN,NaN
output_gap,01-Apr-1998,output_gap[206],3.82404178999144,0.0246570714015736,NaN,NaN
output_gap,01-Jul-1998,output_gap[207],4.19048815934783,0.0259480558880332,NaN,NaN
output_gap,01-Oct-1998,output_gap[208],4.59667159770269,0.02732388595571,NaN,NaN
output_gap,01-Jan-1999,output_gap[209],5.01781400672449,0.0287088334400309,NaN,NaN
output_gap,01-Apr-1999,output_gap[210],5.45532230097415,0.0301116002131756,NaN,NaN
output_gap,01-Jul-1999,output_gap[211],5.91800460798894,0.0315519923531529,NaN,NaN
output_gap,01-Oct-1999,output_gap[212],6.39668032513907,0.0330062110902918,NaN,NaN
output_gap,01-Jan-2000,output_gap[213],6.86469475822801,0.0344093013636585,NaN,NaN
output_gap,01-Apr-2000,output_gap[214],7.38591192326147,0.0359320850437032,NaN,NaN
output_gap,01-Jul-2000,output_gap[215],7.87092658036781,0.0373346685551674,NaN,NaN
output_gap,01-Oct-2000,output_gap[216],8.37806161517412,0.0387702983034526,NaN,NaN
output_gap,01-Jan-2001,output_gap[217],8.7958596319191,0.0399512091900225,NaN,NaN
output_gap,01-Apr-2001,output_gap[218],9.21937778963088,0.041133908968269,NaN,NaN
output_gap,01-Jul-2001,output_gap[219],9.50823870453649,0.0419572098098843,NaN,NaN
output_gap,01-Oct-2001,output_gap[220],9.75962228595308,0.0426800698758767,NaN,NaN
output_gap,01-Jan-2002,output_gap[221],10.0154263746504,0.0434086500551354,NaN,NaN
output_gap,01-Apr-2002,output_gap[222],10.2474470459137,0.0440757497739172,NaN,NaN
output_gap,01-Jul-2002,output_gap[223],10.4413688777327,0.044635070468802,NaN,NaN
output_gap,01-Oct-2002,output_gap[224],10.5690920562697,0.0450186333609726,NaN,NaN
output_gap,01-Jan-2003,output_gap[225],10.6764092886225,0.0453498365427266,NaN,NaN
output_gap,01-Apr-2003,output_gap[226],10.8139299530466,0.045752368587529,NaN,NaN
output_gap,01-Jul-2003,output_gap[227],11.0492002658882,0.0464099036431378,NaN,NaN
output_gap,01-Oct-2003,output_gap[228],11.3245371462245,0.0471695530706246,NaN,NaN
output_gap,01-Jan-2004,output_gap[229],11.5805199730692,0.0478725520694349,NaN,NaN
output_gap,01-Apr-2004,output_gap[230],11.8451413239999,0.0485956784722941,NaN,NaN
output_gap,01-Jul-2004,output_gap[231],12.1214534502281,0.0493575640003735,NaN,NaN
output_gap,01-Oct-2004,output_gap[232],12.436744806768,0.050216866704156,NaN,NaN
output_gap,01-Jan-2005,output_gap[233],12.799744864186,0.0511989425974615,NaN,NaN
output_gap,01-Apr-2005,output_gap[234],13.1284125861151,0.0520939406736793,NaN,NaN
output_gap,01-Jul-2005,output_gap[235],13.4869197307876,0.0530606260303711,NaN,NaN
output_gap,01-Oct-2005,output_gap[236],13.8469818184499,0.0540255725267787,NaN,NaN
output_gap,01-Jan-2006,output_gap[237],14.3443532558826,0.055349321248537,NaN,NaN
output_gap,01-Apr-2006,output_gap[238],14.8050565730953,0.0565703145186162,NaN,NaN
output_gap,01-Jul-2006,output_gap[239],15.2315111098217,0.0576887301465559,NaN,NaN
output_gap,01-Oct-2006,output_gap[240],15.7494680280281,0.05904118174549,NaN,NaN
output_gap,01-Jan-2007,output_gap[241],16.2583822662734,0.0603586451227912,-1.11134679266787,0.266419105297517
output_gap,01-Apr-2007,output_gap[242],16.8500888371194,0.0618767813867458,NaN,NaN
output_gap,01-Jul-2007,output_gap[243],17.5118790053775,0.0635794038081277,NaN,NaN
output_gap,01-Oct-2007,output_gap[244],18.2564784270434,0.0655080914467801,NaN,NaN
output_gap,01-Jan-2008,output_gap[245],18.8808145309769,0.0670891635113227,NaN,NaN
output_gap,01-Apr-2008,output_gap[246],19.6374993586228,0.0690245245655078,NaN,NaN
output_gap,01-Jul-2008,output_gap[247],20.2248503653003,0.0705016146959409,NaN,NaN
output_gap,01-Oct-2008,output_gap[248],20.3011259805136,0.0705185563098424,NaN,NaN
output_gap,01-Jan-2009,output_gap[249],20.1145977009773,0.0698025398587287,NaN,NaN
output_gap,01-Apr-2009,output_gap[250],19.8186710539951,0.0688117282541765,NaN,NaN
output_gap,01-Jul-2009,output_gap[251],19.4965374770054,0.0677868571150294,NaN,NaN
output_gap,01-Oct-2009,output_gap[252],19.2937566611733,0.0671187432178701,NaN,NaN
output_gap,01-Jan-2010,output_gap[253],19.0732376006997,0.0664156000391676,NaN,NaN
output_gap,01-Apr-2010,output_gap[254],18.9670511752988,0.0660232523567929,NaN,NaN
output_gap,01-Jul-2010,output_gap[255],18.9230486569272,0.0657905392873544,NaN,NaN
output_gap,01-Oct-2010,output_gap[256],18.8757962655287,0.0655624472152084,NaN,NaN
output_gap,01-Jan-2011,output_gap[257],18.6640065844396,0.0648985087324417,NaN,NaN
output_gap,01-Apr-2011,output_gap[258],18.5124987142836,0.0644090406131884,NaN,NaN
output_gap,01-Jul-2011,output_gap[259],18.2470653328262,0.0636119024164071,NaN,NaN
output_gap,01-Oct-2011,output_gap[260],18.1173766582223,0.0631927281781069,NaN,NaN
output_gap,01-Jan-2012,output_gap[261],18.0311501819694,0.0629055054697539,NaN,NaN
output_gap,01-Apr-2012,output_gap[262],17.9192983194006,0.0625509919901004,NaN,NaN
output_gap,01-Jul-2012,output_gap[263],17.7207013545119,0.0619770348104041,NaN,NaN
output_gap,01-Oct-2012,output_gap[264],17.4117965452181,0.0611518811174859,NaN,NaN
output_gap,01-Jan-2013,output_gap[265],17.179364154982,0.0605479778514695,NaN,NaN
output_gap,01-Apr-2013,output_gap[266],16.8522548745734,0.0597233878388091,NaN,NaN
output_gap,01-Jul-2013,output_gap[267],16.5898881757384,0.059068709361552,NaN,NaN
output_gap,01-Oct-2013,output_gap[268],16.3888425015684,0.0585623664656339,NaN,NaN
output_gap,01-Jan-2014,output_gap[269],15.9811679152223,0.0575628821723101,NaN,NaN
output_gap,01-Apr-2014,output_gap[270],15.7003343206362,0.056895608484339,NaN,NaN
output_gap,01-Jul-2014,output_gap[271],15.4980358077152,0.0564289283603432,NaN,NaN
output_gap,01-Oct-2014,output_gap[272],15.2764806894597,0.0559100045584009,NaN,NaN
output_gap,01-Jan-2015,output_gap[273],15.1115328326893,0.055530624544105,NaN,NaN
output_gap,01-Apr-2015,output_gap[274],14.9480779122769,0.0551542318022707,NaN,NaN
output_gap,01-Jul-2015,output_gap[275],14.7510628528182,0.0546992302153414,NaN,NaN
output_gap,01-Oct-2015,output_gap[276],14.505321673797,0.0541119241163139,NaN,NaN
output_gap,01-Jan-2016,output_gap[277],14.24897860842,0.0535067247756586,NaN,NaN
output_gap,01-Apr-2016,output_gap[278],13.9433127324445,0.0527809251760287,NaN,NaN
output_gap,01-Jul-2016,output_gap[279],13.6579369336719,0.0521092580041175,NaN,NaN
output_gap,01-Oct-2016,output_gap[280],13.3592851402605,0.0514077093193688,NaN,NaN
output_gap,01-Jan-2017,output_gap[281],13.0353049093332,0.0506494460404551,-0.426437215297389,0.669789288432219
output_gap,01-Apr-2017,output_gap[282],12.7237011819003,0.049910633558371,NaN,NaN
output_gap,01-Jul-2017,output_gap[283],12.4435315298957,0.0492407160813549,NaN,NaN
output_gap,01-Oct-2017,output_gap[284],12.2168272014464,0.0487085942901387,NaN,NaN
output_gap,01-Jan-2018,output_gap[285],11.9953797915697,0.0481984591834593,NaN,NaN
output_gap,01-Apr-2018,output_gap[286],11.774313496411,0.0476971938521452,NaN,NaN
output_gap,01-Jul-2018,output_gap[287],11.5722163092622,0.0472431733128453,NaN,NaN
output_gap,01-Oct-2018,output_gap[288],11.3238814797017,0.0466753683349942,NaN,NaN
output_gap,01-Jan-2019,output_gap[289],11.0823999651141,0.0461329372097227,NaN,NaN
output_gap,01-Apr-2019,output_gap[290],10.8826586263937,0.0457000237567678,NaN,NaN
output_gap,01-Jul-2019,output_gap[291],10.7614560501253,0.0454647557892805,NaN,NaN
output_gap,01-Oct-2019,output_gap[292],10.6641244844672,0.0453020624993919,NaN,NaN
output_gap,01-Jan-2020,output_gap[293],10.3780345939604,0.0446657183454627,NaN,NaN
output_gap,01-Apr-2020,output_gap[294],9.28429511995955,0.0419620220062555,NaN,NaN
output_gap,01-Jul-2020,output_gap[295],8.819478405284,0.0408542605192807,NaN,NaN
output_gap,01-Oct-2020,output_gap[296],8.32883467892065,0.0396767305995041,NaN,NaN
output_gap,01-Jan-2021,output_gap[297],7.86578222252964,0.0385582298923262,NaN,NaN
output_gap,01-Apr-2021,output_gap[298],7.43219581792415,0.037506205772082,NaN,NaN
output_gap,01-Jul-2021,output_gap[299],6.99447917873096,0.0364340675483273,NaN,NaN
output_gap,01-Oct-2021,output_gap[300],6.59068551346686,0.0354285530761716,NaN,NaN
output_gap,01-Jan-2022,output_gap[301],6.19596995207819,0.0344373195952785,NaN,NaN
output_gap,01-Apr-2022,output_gap[302],5.81420646915612,0.0334713530564789,NaN,NaN
output_gap,01-Jul-2022,output_gap[303],5.45026226061979,0.0325375698441906,NaN,NaN
output_gap,01-Oct-2022,output_gap[304],5.09852004083463,0.0316247457270809,NaN,NaN
output_gap,01-Jan-2023,output_gap[305],4.76783197245162,0.0307620894949274,NaN,NaN
output_gap,01-Apr-2023,output_gap[306],4.4499104979159,0.0299199406112535,NaN,NaN
output_gap,01-Jul-2023,output_gap[307],4.14712959914607,0.0291048475046877,NaN,NaN
output_gap,01-Oct-2023,output_gap[308],3.86324513120884,0.0283366527480102,NaN,NaN
output_gap,01-Jan-2024,output_gap[309],3.61149229503545,0.0276765191776634,NaN,NaN
output_gap,01-Apr-2024,output_gap[310],3.3743408962674,0.0270560665759568,NaN,NaN
output_gap,01-Jul-2024,output_gap[311],3.15213659735914,0.0264798996564371,NaN,NaN
output_gap,01-Oct-2024,output_gap[312],2.95519280982726,0.0260016687189874,NaN,NaN
output_gap,01-Jan-2025,output_gap[313],2.79555092486394,0.0256884366049329,NaN,NaN
output_gap,01-Apr-2025,output_gap[314],2.64058894033912,0.025394234329335,NaN,NaN
output_gap,01-Jul-2025,output_gap[315],2.49501408203968,0.0251458891793814,NaN,NaN
output_gap,01-Oct-2025,output_gap[316],2.37144890236332,0.0250157291817435,NaN,NaN
output_gap,01-Jan-2026,output_gap[317],2.26013862450926,0.0249639315717442,NaN,NaN
output_gap,01-Apr-2026,output_gap[318],2.16820584601062,0.0250405184489196,-2.03103448635098,0.0422514963733364
trend_growth,01-Apr-1947,trend_growth[1],19.8107281636913,0.0129640648562783,0.345297606482909,0.729870645896368
trend_growth,01-Jul-1947,trend_growth[2],21.3004687662945,0.0129627732568172,NaN,NaN
trend_growth,01-Oct-1947,trend_growth[3],21.1950110699379,0.0123863071401867,NaN,NaN
trend_growth,01-Jan-1948,trend_growth[4],21.7249857382215,0.0120849169506407,NaN,NaN
trend_growth,01-Apr-1948,trend_growth[5],22.7871710463812,0.0121359804986806,NaN,NaN
trend_growth,01-Jul-1948,trend_growth[6],22.3769279616728,0.011486555981745,NaN,NaN
trend_growth,01-Oct-1948,trend_growth[7],22.8430904633257,0.0112090711348491,NaN,NaN
trend_growth,01-Jan-1949,trend_growth[8],31.0529305538559,0.0142318683524452,NaN,NaN
trend_growth,01-Apr-1949,trend_growth[9],37.0849758451806,0.0170095916678133,NaN,NaN
trend_growth,01-Jul-1949,trend_growth[10],39.1366821422451,0.0174863759796237,NaN,NaN
trend_growth,01-Oct-1949,trend_growth[11],46.3202913615925,0.0237890941415684,NaN,NaN
trend_growth,01-Jan-1950,trend_growth[12],41.1294265087867,0.0171878432172017,NaN,NaN
trend_growth,01-Apr-1950,trend_growth[13],38.0580284632043,0.0147464521830093,NaN,NaN
trend_growth,01-Jul-1950,trend_growth[14],30.9311709400013,0.0118202355585376,NaN,NaN
trend_growth,01-Oct-1950,trend_growth[15],29.6059455981773,0.0114294949774707,NaN,NaN
trend_growth,01-Jan-1951,trend_growth[16],28.8706758754548,0.0111482908757458,NaN,NaN
trend_growth,01-Apr-1951,trend_growth[17],28.0885179843033,0.0111874676056428,NaN,NaN
trend_growth,01-Jul-1951,trend_growth[18],29.6720383245829,0.0122244255344578,NaN,NaN
trend_growth,01-Oct-1951,trend_growth[19],26.7444206043646,0.0106382174028712,NaN,NaN
trend_growth,01-Jan-1952,trend_growth[20],26.3550146528595,0.0106774745639041,NaN,NaN
trend_growth,01-Apr-1952,trend_growth[21],23.3834670690638,0.00940057157404716,NaN,NaN
trend_growth,01-Jul-1952,trend_growth[22],21.5089152964544,0.00884882261007936,NaN,NaN
trend_growth,01-Oct-1952,trend_growth[23],30.7526777587255,0.0134742331494912,NaN,NaN
trend_growth,01-Jan-1953,trend_growth[24],33.2995738952066,0.0153836545536561,NaN,NaN
trend_growth,01-Apr-1953,trend_growth[25],33.3675239714346,0.0153472135771323,NaN,NaN
trend_growth,01-Jul-1953,trend_growth[26],27.0358400763442,0.0119073976007082,NaN,NaN
trend_growth,01-Oct-1953,trend_growth[27],14.0617045695757,0.00692410337357445,NaN,NaN
trend_growth,01-Jan-1954,trend_growth[28],10.3180465329715,0.00565332204680141,NaN,NaN
trend_growth,01-Apr-1954,trend_growth[29],10.5681420487713,0.00574386039411733,NaN,NaN
trend_growth,01-Jul-1954,trend_growth[30],9.81190698934149,0.00552816172994151,NaN,NaN
trend_growth,01-Oct-1954,trend_growth[31],9.43443538161875,0.00549818880170574,NaN,NaN
trend_growth,01-Jan-1955,trend_growth[32],17.5460284870739,0.00868408393369396,NaN,NaN
trend_growth,01-Apr-1955,trend_growth[33],20.880186506019,0.0101259963372393,NaN,NaN
trend_growth,01-Jul-1955,trend_growth[34],23.7751118584349,0.0115956985267136,NaN,NaN
trend_growth,01-Oct-1955,trend_growth[35],23.07591159539,0.0113421339257462,NaN,NaN
trend_growth,01-Jan-1956,trend_growth[36],17.072684408389,0.0088205492431894,NaN,NaN
trend_growth,01-Apr-1956,trend_growth[37],19.0527943194978,0.00965300790861362,NaN,NaN
trend_growth,01-Jul-1956,trend_growth[38],14.1695800362344,0.00777568787852552,NaN,NaN
trend_growth,01-Oct-1956,trend_growth[39],19.7970427376788,0.010102850274509,NaN,NaN
trend_growth,01-Jan-1957,trend_growth[40],18.8107555792816,0.0097493847158543,NaN,NaN
trend_growth,01-Apr-1957,trend_growth[41],14.6154071645451,0.00808890533869122,0.520012811013904,0.603054646038822
trend_growth,01-Jul-1957,trend_growth[42],16.4793577926747,0.00881485641498648,NaN,NaN
trend_growth,01-Oct-1957,trend_growth[43],12.0023454035306,0.0070918450766112,NaN,NaN
trend_growth,01-Jan-1958,trend_growth[44],25.9983439467922,0.0129770911643502,NaN,NaN
trend_growth,01-Apr-1958,trend_growth[45],25.9221547635128,0.0127544885060653,NaN,NaN
trend_growth,01-Jul-1958,trend_growth[46],18.4023429752936,0.00931944991990887,NaN,NaN
trend_growth,01-Oct-1958,trend_growth[47],11.0612505973101,0.00651151242743256,NaN,NaN
trend_growth,01-Jan-1959,trend_growth[48],6.99348569574354,0.00492602764022685,NaN,NaN
trend_growth,01-Apr-1959,trend_growth[49],5.45590839811669,0.00425749916052871,NaN,NaN
trend_growth,01-Jul-1959,trend_growth[50],6.18953135118717,0.00460934487684925,NaN,NaN
trend_growth,01-Oct-1959,trend_growth[51],8.3649983275623,0.00549129979265163,NaN,NaN
trend_growth,01-Jan-1960,trend_growth[52],4.86992202878756,0.00400395401894958,NaN,NaN
trend_growth,01-Apr-1960,trend_growth[53],9.62779238341508,0.00599489574666413,NaN,NaN
trend_growth,01-Jul-1960,trend_growth[54],11.6009125350349,0.00676155378560823,NaN,NaN
trend_growth,01-Oct-1960,trend_growth[55],27.02920015909,0.0133050197118489,NaN,NaN
trend_growth,01-Jan-1961,trend_growth[56],28.5414219806851,0.014082910648616,NaN,NaN
trend_growth,01-Apr-1961,trend_growth[57],26.4943040373189,0.01284019677858,NaN,NaN
trend_growth,01-Jul-1961,trend_growth[58],23.0690156734076,0.011256204919423,NaN,NaN
trend_growth,01-Oct-1961,trend_growth[59],19.6727731722809,0.00975497678329022,NaN,NaN
trend_growth,01-Jan-1962,trend_growth[60],16.4368883960929,0.00858774422110539,NaN,NaN
trend_growth,01-Apr-1962,trend_growth[61],18.9511440293434,0.00961673278305489,NaN,NaN
trend_growth,01-Jul-1962,trend_growth[62],18.6389985843655,0.00952074886824279,NaN,NaN
trend_growth,01-Oct-1962,trend_growth[63],24.104520984373,0.0118166941751476,NaN,NaN
trend_growth,01-Jan-1963,trend_growth[64],24.6062903533723,0.0120928696058276,NaN,NaN
trend_growth,01-Apr-1963,trend_growth[65],25.7070142284407,0.0126283885898355,NaN,NaN
trend_growth,01-Jul-1963,trend_growth[66],21.3616385307717,0.0107554766809896,NaN,NaN
trend_growth,01-Oct-1963,trend_growth[67],25.4414272033045,0.0125127110238325,NaN,NaN
trend_growth,01-Jan-1964,trend_growth[68],22.0504564653111,0.0109968097242716,NaN,NaN
trend_growth,01-Apr-1964,trend_growth[69],23.1909396589301,0.011495172949174,NaN,NaN
trend_growth,01-Jul-1964,trend_growth[70],22.034816560515,0.0110452785576734,NaN,NaN
trend_growth,01-Oct-1964,trend_growth[71],25.1897040800966,0.0125474421994231,NaN,NaN
trend_growth,01-Jan-1965,trend_growth[72],21.5194566596205,0.0109312962190387,NaN,NaN
trend_growth,01-Apr-1965,trend_growth[73],21.6524955455334,0.0110385835619273,NaN,NaN
trend_growth,01-Jul-1965,trend_growth[74],20.2697395501552,0.010557571953374,NaN,NaN
trend_growth,01-Oct-1965,trend_growth[75],20.963640557825,0.010945859958987,NaN,NaN
trend_growth,01-Jan-1966,trend_growth[76],24.5885850505111,0.0127470009657825,NaN,NaN
trend_growth,01-Apr-1966,trend_growth[77],20.7359442116246,0.0108966321837317,NaN,NaN
trend_growth,01-Jul-1966,trend_growth[78],20.1892688751469,0.0106572514705191,NaN,NaN
trend_growth,01-Oct-1966,trend_growth[79],19.1782330086071,0.010203238114301,NaN,NaN
trend_growth,01-Jan-1967,trend_growth[80],19.2661134194303,0.0101007665549353,NaN,NaN
trend_growth,01-Apr-1967,trend_growth[81],14.4950575741137,0.0081383260277435,0.531836310362617,0.594839371802926
trend_growth,01-Jul-1967,trend_growth[82],14.7069594525723,0.00822285741204966,NaN,NaN
trend_growth,01-Oct-1967,trend_growth[83],13.3879457655923,0.00766959183376838,NaN,NaN
trend_growth,01-Jan-1968,trend_growth[84],19.3849601908685,0.0101440245360532,NaN,NaN
trend_growth,01-Apr-1968,trend_growth[85],23.0872871988604,0.0117931379635987,NaN,NaN
trend_growth,01-Jul-1968,trend_growth[86],22.5491611999347,0.0114276646876677,NaN,NaN
trend_growth,01-Oct-1968,trend_growth[87],20.114292931556,0.010314417334041,NaN,NaN
trend_growth,01-Jan-1969,trend_growth[88],25.5182092216897,0.012795774147675,NaN,NaN
trend_growth,01-Apr-1969,trend_growth[89],22.2228927695852,0.0112070069231956,NaN,NaN
trend_growth,01-Jul-1969,trend_growth[90],22.6681649211115,0.0113279563822633,NaN,NaN
trend_growth,01-Oct-1969,trend_growth[91],14.1191194378206,0.00782049823291853,NaN,NaN
trend_growth,01-Jan-1970,trend_growth[92],8.63611868796147,0.00571973214947341,NaN,NaN
trend_growth,01-Apr-1970,trend_growth[93],5.44845813439262,0.00436250278768943,NaN,NaN
trend_growth,01-Jul-1970,trend_growth[94],6.1751605490986,0.00468388417974586,NaN,NaN
trend_growth,01-Oct-1970,trend_growth[95],6.661816866849,0.00487515432114749,NaN,NaN
trend_growth,01-Jan-1971,trend_growth[96],5.55614146225882,0.00440979801174139,NaN,NaN
trend_growth,01-Apr-1971,trend_growth[97],3.89569770058736,0.00365209705469021,NaN,NaN
trend_growth,01-Jul-1971,trend_growth[98],4.10995956752772,0.00375261812745691,NaN,NaN
trend_growth,01-Oct-1971,trend_growth[99],4.6555503019713,0.00406111137638426,NaN,NaN
trend_growth,01-Jan-1972,trend_growth[100],4.38618062207124,0.00392330244640443,NaN,NaN
trend_growth,01-Apr-1972,trend_growth[101],10.0044485768458,0.00629599595136506,NaN,NaN
trend_growth,01-Jul-1972,trend_growth[102],9.59530542631161,0.00616615492916194,NaN,NaN
trend_growth,01-Oct-1972,trend_growth[103],15.6746304151032,0.00851082918834002,NaN,NaN
trend_growth,01-Jan-1973,trend_growth[104],26.930412299139,0.0134083917369459,NaN,NaN
trend_growth,01-Apr-1973,trend_growth[105],29.265807680861,0.0145197409436783,NaN,NaN
trend_growth,01-Jul-1973,trend_growth[106],23.6454529650759,0.0116314020484172,NaN,NaN
trend_growth,01-Oct-1973,trend_growth[107],27.5711424553468,0.0134239702799178,NaN,NaN
trend_growth,01-Jan-1974,trend_growth[108],19.7781579997344,0.00995897909179514,NaN,NaN
trend_growth,01-Apr-1974,trend_growth[109],19.8431521961564,0.00991312120914922,NaN,NaN
trend_growth,01-Jul-1974,trend_growth[110],14.6324145739586,0.00790249257231215,NaN,NaN
trend_growth,01-Oct-1974,trend_growth[111],14.1794903717282,0.0077907736529979,NaN,NaN
trend_growth,01-Jan-1975,trend_growth[112],21.2706470906931,0.0107557573824543,NaN,NaN
trend_growth,01-Apr-1975,trend_growth[113],21.2545863113752,0.0106414917359594,NaN,NaN
trend_growth,01-Jul-1975,trend_growth[114],16.6391190373769,0.00873416258160049,NaN,NaN
trend_growth,01-Oct-1975,trend_growth[115],15.0492179590306,0.00811284020395636,NaN,NaN
trend_growth,01-Jan-1976,trend_growth[116],8.19849998628836,0.00552474396752292,NaN,NaN
trend_growth,01-Apr-1976,trend_growth[117],8.83451927611756,0.00581486830936422,NaN,NaN
trend_growth,01-Jul-1976,trend_growth[118],9.90650863659289,0.00626372157072433,NaN,NaN
trend_growth,01-Oct-1976,trend_growth[119],10.195279080341,0.00639993742185418,NaN,NaN
trend_growth,01-Jan-1977,trend_growth[120],8.47180507419401,0.00571514994289295,NaN,NaN
trend_growth,01-Apr-1977,trend_growth[121],4.7344614175758,0.00408951131046983,-0.447609798820503,0.654434830078455
trend_growth,01-Jul-1977,trend_growth[122],5.54560068913519,0.00443699205339542,NaN,NaN
trend_growth,01-Oct-1977,trend_growth[123],5.26518633873722,0.00430751527564006,NaN,NaN
trend_growth,01-Jan-1978,trend_growth[124],6.09105107260027,0.00467659875863149,NaN,NaN
trend_growth,01-Apr-1978,trend_growth[125],16.6346855615419,0.00878912168875152,NaN,NaN
trend_growth,01-Jul-1978,trend_growth[126],17.4894979721739,0.00901414033339883,NaN,NaN
trend_growth,01-Oct-1978,trend_growth[127],23.2338496171648,0.0113563006915281,NaN,NaN
trend_growth,01-Jan-1979,trend_growth[128],21.3488753641946,0.0105380426691911,NaN,NaN
trend_growth,01-Apr-1979,trend_growth[129],20.1941261740044,0.00999611536227929,NaN,NaN
trend_growth,01-Jul-1979,trend_growth[130],23.0798427182129,0.0111503065969651,NaN,NaN
trend_growth,01-Oct-1979,trend_growth[131],22.586608209507,0.0108848841244339,NaN,NaN
trend_growth,01-Jan-1980,trend_growth[132],22.701685342672,0.0109131918757111,NaN,NaN
trend_growth,01-Apr-1980,trend_growth[133],13.3127925459819,0.00752945331095872,NaN,NaN
trend_growth,01-Jul-1980,trend_growth[134],13.0578014224858,0.00749185176206578,NaN,NaN
trend_growth,01-Oct-1980,trend_growth[135],13.5600356880098,0.00756788303051383,NaN,NaN
trend_growth,01-Jan-1981,trend_growth[136],18.3720153637496,0.00929372524735083,NaN,NaN
trend_growth,01-Apr-1981,trend_growth[137],13.4174382312731,0.00755230371185027,NaN,NaN
trend_growth,01-Jul-1981,trend_growth[138],15.1942200390781,0.00816568316504729,NaN,NaN
trend_growth,01-Oct-1981,trend_growth[139],13.8266499241646,0.00787173703439507,NaN,NaN
trend_growth,01-Jan-1982,trend_growth[140],22.0478524338634,0.0115747502696943,NaN,NaN
trend_growth,01-Apr-1982,trend_growth[141],22.3812723344566,0.0117116418106629,NaN,NaN
trend_growth,01-Jul-1982,trend_growth[142],29.2106843549,0.0153536891570568,NaN,NaN
trend_growth,01-Oct-1982,trend_growth[143],33.0851582715318,0.0179195030075581,NaN,NaN
trend_growth,01-Jan-1983,trend_growth[144],32.6451526343548,0.0172239753244829,NaN,NaN
trend_growth,01-Apr-1983,trend_growth[145],28.0369858525746,0.0141174545460411,NaN,NaN
trend_growth,01-Jul-1983,trend_growth[146],23.4750852295904,0.0118589951314883,NaN,NaN
trend_growth,01-Oct-1983,trend_growth[147],17.3561006407016,0.009190493360979,NaN,NaN
trend_growth,01-Jan-1984,trend_growth[148],11.4568426232025,0.00686473219042882,NaN,NaN
trend_growth,01-Apr-1984,trend_growth[149],6.89155411088675,0.00503638642130831,NaN,NaN
trend_growth,01-Jul-1984,trend_growth[150],6.95435284217668,0.00504930628320931,NaN,NaN
trend_growth,01-Oct-1984,trend_growth[151],6.87566543798157,0.00503689396663172,NaN,NaN
trend_growth,01-Jan-1985,trend_growth[152],6.50546749643849,0.00484052421293481,NaN,NaN
trend_growth,01-Apr-1985,trend_growth[153],6.63130550159898,0.00490211771331106,NaN,NaN
trend_growth,01-Jul-1985,trend_growth[154],4.46386075930295,0.0039320749813586,NaN,NaN
trend_growth,01-Oct-1985,trend_growth[155],4.68862523946903,0.00404010132395847,NaN,NaN
trend_growth,01-Jan-1986,trend_growth[156],4.41454201304072,0.00389239706958236,NaN,NaN
trend_growth,01-Apr-1986,trend_growth[157],4.7550413948682,0.0040530143094711,NaN,NaN
trend_growth,01-Jul-1986,trend_growth[158],4.8351356464112,0.00406038607287649,NaN,NaN
trend_growth,01-Oct-1986,trend_growth[159],5.24667738300156,0.00424982650264355,NaN,NaN
trend_growth,01-Jan-1987,trend_growth[160],5.23602248514998,0.00424158257475659,NaN,NaN
trend_growth,01-Apr-1987,trend_growth[161],4.51098412723762,0.00391023178285939,0.585364215217367,0.55830284502878
trend_growth,01-Jul-1987,trend_growth[162],4.22822327689517,0.00378200776426505,NaN,NaN
trend_growth,01-Oct-1987,trend_growth[163],5.31439527729458,0.00431508642589123,NaN,NaN
trend_growth,01-Jan-1988,trend_growth[164],3.99217773139168,0.00369144630688024,NaN,NaN
trend_growth,01-Apr-1988,trend_growth[165],5.89105846404965,0.00459891538970646,NaN,NaN
trend_growth,01-Jul-1988,trend_growth[166],4.92328372334624,0.00413915510718663,NaN,NaN
trend_growth,01-Oct-1988,trend_growth[167],8.79979691791368,0.00578303676200086,NaN,NaN
trend_growth,01-Jan-1989,trend_growth[168],10.9336911590893,0.00658228557326587,NaN,NaN
trend_growth,01-Apr-1989,trend_growth[169],11.7604596646004,0.00690306802977286,NaN,NaN
trend_growth,01-Jul-1989,trend_growth[170],12.8206135900875,0.00734103215142392,NaN,NaN
trend_growth,01-Oct-1989,trend_growth[171],9.95540218151533,0.00622119492028427,NaN,NaN
trend_growth,01-Jan-1990,trend_growth[172],14.9172459772509,0.0081272147138303,NaN,NaN
trend_growth,01-Apr-1990,trend_growth[173],13.0700598675358,0.00745542253728989,NaN,NaN
trend_growth,01-Jul-1990,trend_growth[174],10.1591208370041,0.00632380504763844,NaN,NaN
trend_growth,01-Oct-1990,trend_growth[175],3.21105752012845,0.00331686265297854,NaN,NaN
trend_growth,01-Jan-1991,trend_growth[176],3.75490719493243,0.00362691362328677,NaN,NaN
trend_growth,01-Apr-1991,trend_growth[177],3.30919613008005,0.0033747572911436,NaN,NaN
trend_growth,01-Jul-1991,trend_growth[178],4.00178062509366,0.00375436807293157,NaN,NaN
trend_growth,01-Oct-1991,trend_growth[179],6.29474771913637,0.00481690452989317,NaN,NaN
trend_growth,01-Jan-1992,trend_growth[180],4.28702693476646,0.00387593587285741,NaN,NaN
trend_growth,01-Apr-1992,trend_growth[181],3.67472378412738,0.00354961457266252,NaN,NaN
trend_growth,01-Jul-1992,trend_growth[182],3.37435610612688,0.00339540675801302,NaN,NaN
trend_growth,01-Oct-1992,trend_growth[183],2.89776835102635,0.00312877537093674,NaN,NaN
trend_growth,01-Jan-1993,trend_growth[184],6.20126727699922,0.00473201637428369,NaN,NaN
trend_growth,01-Apr-1993,trend_growth[185],7.8474603562909,0.00540238461182849,NaN,NaN
trend_growth,01-Jul-1993,trend_growth[186],10.7786596197905,0.00654384731018008,NaN,NaN
trend_growth,01-Oct-1993,trend_growth[187],8.07327867181541,0.00545692608278942,NaN,NaN
trend_growth,01-Jan-1994,trend_growth[188],8.63043400139826,0.00567426345268409,NaN,NaN
trend_growth,01-Apr-1994,trend_growth[189],7.19294466048245,0.00506454514044557,NaN,NaN
trend_growth,01-Jul-1994,trend_growth[190],9.48374233827635,0.00592033158087873,NaN,NaN
trend_growth,01-Oct-1994,trend_growth[191],8.40973144200209,0.00553197644839514,NaN,NaN
trend_growth,01-Jan-1995,trend_growth[192],10.6105269376146,0.00641159316930968,NaN,NaN
trend_growth,01-Apr-1995,trend_growth[193],14.1663501791615,0.00776394975940695,NaN,NaN
trend_growth,01-Jul-1995,trend_growth[194],14.537121622502,0.00792262008996571,NaN,NaN
trend_growth,01-Oct-1995,trend_growth[195],16.7333352543863,0.00873622990212911,NaN,NaN
trend_growth,01-Jan-1996,trend_growth[196],18.3606703158346,0.00938282633753716,NaN,NaN
trend_growth,01-Apr-1996,trend_growth[197],15.7050351571319,0.00829902564937003,NaN,NaN
trend_growth,01-Jul-1996,trend_growth[198],16.6475953578143,0.008709283616113,NaN,NaN
trend_growth,01-Oct-1996,trend_growth[199],16.6433478579094,0.00871344275762477,NaN,NaN
trend_growth,01-Jan-1997,trend_growth[200],18.2988815669009,0.00941109322270668,NaN,NaN
trend_growth,01-Apr-1997,trend_growth[201],15.8282876346635,0.00846252751723433,0.111788006170072,0.910991497602105
trend_growth,01-Jul-1997,trend_growth[202],15.2397657250177,0.00825791317126945,NaN,NaN
trend_growth,01-Oct-1997,trend_growth[203],15.585846687147,0.0083859395494212,NaN,NaN
trend_growth,01-Jan-1998,trend_growth[204],15.1304445971111,0.0082862558584379,NaN,NaN
trend_growth,01-Apr-1998,trend_growth[205],15.3105638857513,0.00836036309182192,NaN,NaN
trend_growth,01-Jul-1998,trend_growth[206],14.9984955250783,0.00825954800371943,NaN,NaN
trend_growth,01-Oct-1998,trend_growth[207],15.215920156444,0.0083650117601723,NaN,NaN
trend_growth,01-Jan-1999,trend_growth[208],14.049940746677,0.00798144275524436,NaN,NaN
trend_growth,01-Apr-1999,trend_growth[209],13.570347853821,0.00781451658941716,NaN,NaN
trend_growth,01-Jul-1999,trend_growth[210],14.7400088440987,0.0083165009990992,NaN,NaN
trend_growth,01-Oct-1999,trend_growth[211],17.7355187201856,0.00965172848174671,NaN,NaN
trend_growth,01-Jan-2000,trend_growth[212],15.0788404236673,0.00848178390039999,NaN,NaN
trend_growth,01-Apr-2000,trend_growth[213],21.3816616458098,0.0112078053703455,NaN,NaN
trend_growth,01-Jul-2000,trend_growth[214],17.1678876070872,0.00928091514502325,NaN,NaN
trend_growth,01-Oct-2000,trend_growth[215],17.7615483146249,0.00949575915235994,NaN,NaN
trend_growth,01-Jan-2001,trend_growth[216],11.5328797142388,0.00693197253629721,NaN,NaN
trend_growth,01-Apr-2001,trend_growth[217],12.1831185022946,0.007162696434414,NaN,NaN
trend_growth,01-Jul-2001,trend_growth[218],5.45233653950041,0.00439249356706872,NaN,NaN
trend_growth,01-Oct-2001,trend_growth[219],4.35498382392207,0.00386425026755029,NaN,NaN
trend_growth,01-Jan-2002,trend_growth[220],4.7471517516583,0.00404274089359397,NaN,NaN
trend_growth,01-Apr-2002,trend_growth[221],4.23481449601043,0.00379925372470106,NaN,NaN
trend_growth,01-Jul-2002,trend_growth[222],3.34955014904552,0.00333922283803448,NaN,NaN
trend_growth,01-Oct-2002,trend_growth[223],3.10569861317366,0.00320313335970782,NaN,NaN
trend_growth,01-Jan-2003,trend_growth[224],3.93480053134813,0.00364331019069403,NaN,NaN
trend_growth,01-Apr-2003,trend_growth[225],4.0538945627511,0.00371253396889574,NaN,NaN
trend_growth,01-Jul-2003,trend_growth[226],4.81751232527737,0.00414304069684607,NaN,NaN
trend_growth,01-Oct-2003,trend_growth[227],6.39522008948281,0.00484071259343674,NaN,NaN
trend_growth,01-Jan-2004,trend_growth[228],6.03333135406539,0.00467894345173382,NaN,NaN
trend_growth,01-Apr-2004,trend_growth[229],6.65230213776566,0.00495472897348788,NaN,NaN
trend_growth,01-Jul-2004,trend_growth[230],8.096275535238,0.00560239504559747,NaN,NaN
trend_growth,01-Oct-2004,trend_growth[231],10.683341237004,0.00660794815237899,NaN,NaN
trend_growth,01-Jan-2005,trend_growth[232],13.7532691972942,0.00783531748713454,NaN,NaN
trend_growth,01-Apr-2005,trend_growth[233],13.2577277168044,0.00766194231413426,NaN,NaN
trend_growth,01-Jul-2005,trend_growth[234],15.6887539914795,0.00860921751231587,NaN,NaN
trend_growth,01-Oct-2005,trend_growth[235],16.4398539102971,0.00888721432925486,NaN,NaN
trend_growth,01-Jan-2006,trend_growth[236],23.1349454477997,0.0116303977390292,NaN,NaN
trend_growth,01-Apr-2006,trend_growth[237],22.42061952841,0.0112622829214052,NaN,NaN
trend_growth,01-Jul-2006,trend_growth[238],22.2518457504043,0.0110607388329113,NaN,NaN
trend_growth,01-Oct-2006,trend_growth[239],25.7433210077951,0.0126684624202507,NaN,NaN
trend_growth,01-Jan-2007,trend_growth[240],25.8170141399569,0.0127083661023988,NaN,NaN
trend_growth,01-Apr-2007,trend_growth[241],28.1694221847378,0.0138474366180139,0.714369916230403,0.474998469381976
trend_growth,01-Jul-2007,trend_growth[242],29.8747537657826,0.0148437952777326,NaN,NaN
trend_growth,01-Oct-2007,trend_growth[243],31.776420973848,0.0160733630244988,NaN,NaN
trend_growth,01-Jan-2008,trend_growth[244],29.6128722076315,0.0147988398079951,NaN,NaN
trend_growth,01-Apr-2008,trend_growth[245],32.311526075783,0.016335902198991,NaN,NaN
trend_growth,01-Jul-2008,trend_growth[246],30.2590486661129,0.0151179687325082,NaN,NaN
trend_growth,01-Oct-2008,trend_growth[247],24.0161967865547,0.0121887372862847,NaN,NaN
trend_growth,01-Jan-2009,trend_growth[248],23.5683039217965,0.0121197507315262,NaN,NaN
trend_growth,01-Apr-2009,trend_growth[249],23.6969276894158,0.012254803638717,NaN,NaN
trend_growth,01-Jul-2009,trend_growth[250],23.251005895276,0.0120272205652888,NaN,NaN
trend_growth,01-Oct-2009,trend_growth[251],21.3742235131311,0.0111012528112704,NaN,NaN
trend_growth,01-Jan-2010,trend_growth[252],21.2792733488394,0.0110174055668696,NaN,NaN
trend_growth,01-Apr-2010,trend_growth[253],19.6256158208566,0.0102571463427148,NaN,NaN
trend_growth,01-Jul-2010,trend_growth[254],18.7573431721653,0.00986048720732698,NaN,NaN
trend_growth,01-Oct-2010,trend_growth[255],18.5680445081627,0.00970619107755025,NaN,NaN
trend_growth,01-Jan-2011,trend_growth[256],20.0770847279926,0.0103943624609068,NaN,NaN
trend_growth,01-Apr-2011,trend_growth[257],18.6482523926055,0.00979092275241676,NaN,NaN
trend_growth,01-Jul-2011,trend_growth[258],20.0434035561039,0.0104746496996491,NaN,NaN
trend_growth,01-Oct-2011,trend_growth[259],16.5513627496593,0.00899039243956656,NaN,NaN
trend_growth,01-Jan-2012,trend_growth[260],15.1394848247179,0.00841002653242501,NaN,NaN
trend_growth,01-Apr-2012,trend_growth[261],14.4235438438299,0.00821075046484075,NaN,NaN
trend_growth,01-Jul-2012,trend_growth[262],15.7250187289645,0.00871668255156426,NaN,NaN
trend_growth,01-Oct-2012,trend_growth[263],17.2185293039635,0.00934214857306723,NaN,NaN
trend_growth,01-Jan-2013,trend_growth[264],14.0545711542536,0.00806192418568623,NaN,NaN
trend_growth,01-Apr-2013,trend_growth[265],15.5228859250222,0.00870977937336389,NaN,NaN
trend_growth,01-Jul-2013,trend_growth[266],12.4452934601367,0.00755117464846093,NaN,NaN
trend_growth,01-Oct-2013,trend_growth[267],10.119770995763,0.00661369899072313,NaN,NaN
trend_growth,01-Jan-2014,trend_growth[268],16.4503291094506,0.00915732111505497,NaN,NaN
trend_growth,01-Apr-2014,trend_growth[269],10.8988464364143,0.00686637318142191,NaN,NaN
trend_growth,01-Jul-2014,trend_growth[270],7.75407320624772,0.00553917293779444,NaN,NaN
trend_growth,01-Oct-2014,trend_growth[271],8.44341621038581,0.00582037468376955,NaN,NaN
trend_growth,01-Jan-2015,trend_growth[272],6.26660493893022,0.00487054481090612,NaN,NaN
trend_growth,01-Apr-2015,trend_growth[273],5.94253761026476,0.0047319076975902,NaN,NaN
trend_growth,01-Jul-2015,trend_growth[274],6.30182510987224,0.00490672222147334,NaN,NaN
trend_growth,01-Oct-2015,trend_growth[275],8.07957001564949,0.00566557161373201,NaN,NaN
trend_growth,01-Jan-2016,trend_growth[276],7.67034307237388,0.0054725087971297,NaN,NaN
trend_growth,01-Apr-2016,trend_growth[277],9.33776689381391,0.00614488061695629,NaN,NaN
trend_growth,01-Jul-2016,trend_growth[278],8.08157096618381,0.00564843776328917,NaN,NaN
trend_growth,01-Oct-2016,trend_growth[279],8.08844463189232,0.00566196478215532,NaN,NaN
trend_growth,01-Jan-2017,trend_growth[280],8.47214054657636,0.00582132761067803,NaN,NaN
trend_growth,01-Apr-2017,trend_growth[281],8.12121410036236,0.00571531970796621,0.148735227616558,0.881762562780851
trend_growth,01-Jul-2017,trend_growth[282],6.83289093956,0.00519140198265774,NaN,NaN
trend_growth,01-Oct-2017,trend_growth[283],4.49179275540287,0.00409398503764997,NaN,NaN
trend_growth,01-Jan-2018,trend_growth[284],4.18985430650901,0.00393618516760087,NaN,NaN
trend_growth,01-Apr-2018,trend_growth[285],4.23836579690707,0.00396955349207115,NaN,NaN
trend_growth,01-Jul-2018,trend_growth[286],3.98992891181926,0.00387286728665469,NaN,NaN
trend_growth,01-Oct-2018,trend_growth[287],4.72475690670594,0.00428340447518238,NaN,NaN
trend_growth,01-Jan-2019,trend_growth[288],4.50940833725736,0.00418823927521734,NaN,NaN
trend_growth,01-Apr-2019,trend_growth[289],4.23501367901581,0.00406424047304383,NaN,NaN
trend_growth,01-Jul-2019,trend_growth[290],5.39217947509363,0.00466601153687556,NaN,NaN
trend_growth,01-Oct-2019,trend_growth[291],6.12375509445758,0.00506688952702276,NaN,NaN
trend_growth,01-Jan-2020,trend_growth[292],6.54996133417495,0.00530912848366462,NaN,NaN
trend_growth,01-Apr-2020,trend_growth[293],42.764412737319,0.0306931473201836,NaN,NaN
trend_growth,01-Jul-2020,trend_growth[294],13.178588778372,0.00818675477268408,NaN,NaN
trend_growth,01-Oct-2020,trend_growth[295],17.2130599872081,0.00987825529813959,NaN,NaN
trend_growth,01-Jan-2021,trend_growth[296],14.0036142676725,0.00856466805820896,NaN,NaN
trend_growth,01-Apr-2021,trend_growth[297],9.58093605767844,0.00675540780987601,NaN,NaN
trend_growth,01-Jul-2021,trend_growth[298],9.51782757303413,0.00678743299806671,NaN,NaN
trend_growth,01-Oct-2021,trend_growth[299],7.04263130581905,0.00578140365702518,NaN,NaN
trend_growth,01-Jan-2022,trend_growth[300],8.12677913511083,0.00634399102095065,NaN,NaN
trend_growth,01-Apr-2022,trend_growth[301],8.84597088833474,0.00678161118015401,NaN,NaN
trend_growth,01-Jul-2022,trend_growth[302],8.31541180632674,0.00663004557497301,NaN,NaN
trend_growth,01-Oct-2022,trend_growth[303],8.54138180466437,0.00681789443144015,NaN,NaN
trend_growth,01-Jan-2023,trend_growth[304],8.13163088418911,0.00673272462159908,NaN,NaN
trend_growth,01-Apr-2023,trend_growth[305],7.84745851094915,0.00672429395891689,NaN,NaN
trend_growth,01-Jul-2023,trend_growth[306],6.54280587128097,0.00619041074639253,NaN,NaN
trend_growth,01-Oct-2023,trend_growth[307],6.07262421181638,0.00607918104599173,NaN,NaN
trend_growth,01-Jan-2024,trend_growth[308],5.91786401675738,0.00611567461358652,NaN,NaN
trend_growth,01-Apr-2024,trend_growth[309],5.3478212585636,0.00594566983320202,NaN,NaN
trend_growth,01-Jul-2024,trend_growth[310],4.92258584583006,0.00585343504281251,NaN,NaN
trend_growth,01-Oct-2024,trend_growth[311],4.35215615493454,0.0056450337866526,NaN,NaN
trend_growth,01-Jan-2025,trend_growth[312],4.33035007784735,0.00576708125655885,NaN,NaN
trend_growth,01-Apr-2025,trend_growth[313],3.8499329816942,0.00559987971604449,NaN,NaN
trend_growth,01-Jul-2025,trend_growth[314],3.61942398059341,0.00562889152115852,NaN,NaN
trend_growth,01-Oct-2025,trend_growth[315],3.15217287556941,0.005417437476153,NaN,NaN
trend_growth,01-Jan-2026,trend_growth[316],2.98936299951483,0.00547881547785378,NaN,NaN
trend_growth,01-Apr-2026,trend_growth[317],2.88132588299612,0.00560048718533541,-0.596894245259504,0.550577989659854
parameters,NaT,phi1,12.1922077443978,0.00113159050734031,0.50510025925101,0.613488419297382
parameters,NaT,phi2,2.50097911153736,0.000450518524088753,0.594717361152451,0.552032414884695
parameters,NaT,sigc2,2.49245553738733,0.000769264012648462,0.590704219731398,0.554718620115794
parameters,NaT,sigtau2,45.957949797034,6.16687422589754e-05,0.467415880968765,0.640202362638865
parameters,NaT,rho,52.2664483893282,0.0201019101493789,1.79375788380334,0.0728518218785914
parameters,NaT,tau0_1,255.472075170422,0.0912538784904166,0.029792168266362,0.976232804814031
parameters,NaT,tau0_2,246.629582750898,0.0941494524667585,0.015050704043644,0.987991728975723
output_gap,01-Jan-1947,output_gap[1],2.39195166497255,0.0107677680618141,0.459705072540195,0.645727928061894
output_gap,01-Apr-1947,output_gap[2],13.5686488874596,0.034875131244084,NaN,NaN
output_gap,01-Jul-1947,output_gap[3],21.5719982756492,0.0515143310432521,NaN,NaN
output_gap,01-Oct-1947,output_gap[4],7.38482297770956,0.030015783741747,NaN,NaN
output_gap,01-Jan-1948,output_gap[5],6.61302555829681,0.0318351554794471,NaN,NaN
output_gap,01-Apr-1948,output_gap[6],8.76876264009374,0.0403116613582071,NaN,NaN
output_gap,01-Jul-1948,output_gap[7],8.23424260161775,0.0422161475497199,NaN,NaN
output_gap,01-Oct-1948,output_gap[8],14.6977096976062,0.0603199048806471,NaN,NaN
output_gap,01-Jan-1949,output_gap[9],38.0497868316764,0.119199967037705,NaN,NaN
output_gap,01-Apr-1949,output_gap[10],49.8279512031978,0.151419501159593,NaN,NaN
output_gap,01-Jul-1949,output_gap[11],49.4951111346206,0.152986932723716,NaN,NaN
output_gap,01-Oct-1949,output_gap[12],57.8466030560541,0.178286558286419,NaN,NaN
output_gap,01-Jan-1950,output_gap[13],34.9193864478041,0.103865742774269,NaN,NaN
output_gap,01-Apr-1950,output_gap[14],12.4642402107688,0.0520732409042306,NaN,NaN
output_gap,01-Jul-1950,output_gap[15],7.24841968645651,0.037377437035654,NaN,NaN
output_gap,01-Oct-1950,output_gap[16],11.1356923151588,0.0473498559090174,NaN,NaN
output_gap,01-Jan-1951,output_gap[17],12.5771821464823,0.0504790013705699,NaN,NaN
output_gap,01-Apr-1951,output_gap[18],18.2635879040212,0.0626670797435127,NaN,NaN
output_gap,01-Jul-1951,output_gap[19],26.4232466250079,0.0804454345500946,NaN,NaN
output_gap,01-Oct-1951,output_gap[20],16.9131887531035,0.0625398225236642,NaN,NaN
output_gap,01-Jan-1952,output_gap[21],16.5975085037571,0.0668653508420589,NaN,NaN
output_gap,01-Apr-1952,output_gap[22],14.6027050219698,0.0621869154901702,NaN,NaN
output_gap,01-Jul-1952,output_gap[23],19.7523364159184,0.0709024923740058,NaN,NaN
output_gap,01-Oct-1952,output_gap[24],43.5402012439745,0.124235061160763,NaN,NaN
output_gap,01-Jan-1953,output_gap[25],48.1500777969951,0.136912861504869,NaN,NaN
output_gap,01-Apr-1953,output_gap[26],38.6946462569302,0.113242443615797,NaN,NaN
output_gap,01-Jul-1953,output_gap[27],16.3567573357197,0.0610363016980433,NaN,NaN
output_gap,01-Oct-1953,output_gap[28],2.08694545048668,0.0197739837225354,NaN,NaN
output_gap,01-Jan-1954,output_gap[29],7.38259372502955,0.0386955986063652,NaN,NaN
output_gap,01-Apr-1954,output_gap[30],10.6439256190961,0.0476127342485992,NaN,NaN
output_gap,01-Jul-1954,output_gap[31],6.09236529808769,0.0348067947738754,NaN,NaN
output_gap,01-Oct-1954,output_gap[32],2.93937681117247,0.0238250162527428,NaN,NaN
output_gap,01-Jan-1955,output_gap[33],17.2657568838591,0.0624068720627386,NaN,NaN
output_gap,01-Apr-1955,output_gap[34],23.045053004413,0.0753038969042678,NaN,NaN
output_gap,01-Jul-1955,output_gap[35],25.9648736704707,0.0817756607222725,NaN,NaN
output_gap,01-Oct-1955,output_gap[36],22.0671810490923,0.0733442293158975,NaN,NaN
output_gap,01-Jan-1956,output_gap[37],12.0584576642468,0.0511703679983805,NaN,NaN
output_gap,01-Apr-1956,output_gap[38],12.89299764573,0.0547274223344577,NaN,NaN
output_gap,01-Jul-1956,output_gap[39],8.53161225132684,0.0443110016751701,NaN,NaN
output_gap,01-Oct-1956,output_gap[40],16.176724729806,0.0641979628048949,NaN,NaN
output_gap,01-Jan-1957,output_gap[41],13.812863674704,0.0590118943374308,-1.35024002990021,0.176939001760595
output_gap,01-Apr-1957,output_gap[42],8.79409424145875,0.048097096090922,NaN,NaN
output_gap,01-Jul-1957,output_gap[43],7.46047483974621,0.0433897317948049,NaN,NaN
output_gap,01-Oct-1957,output_gap[44],18.6794750101812,0.0705532341139336,NaN,NaN
output_gap,01-Jan-1958,output_gap[45],49.2783835469003,0.139833531193386,NaN,NaN
output_gap,01-Apr-1958,output_gap[46],46.6277784403665,0.128726146699012,NaN,NaN
output_gap,01-Jul-1958,output_gap[47],26.777524148067,0.0814807159514801,NaN,NaN
output_gap,01-Oct-1958,output_gap[48],10.656046671718,0.0468301357974367,NaN,NaN
output_gap,01-Jan-1959,output_gap[49],4.60820677646319,0.0306009007517386,NaN,NaN
output_gap,01-Apr-1959,output_gap[50],3.41030436677088,0.0261071095656499,NaN,NaN
output_gap,01-Jul-1959,output_gap[51],5.59188039616144,0.0344526764992,NaN,NaN
output_gap,01-Oct-1959,output_gap[52],8.74542675576739,0.0470304587061964,NaN,NaN
output_gap,01-Jan-1960,output_gap[53],6.58606200427149,0.039547580604568,NaN,NaN
output_gap,01-Apr-1960,output_gap[54],13.5086711822339,0.0587504826988521,NaN,NaN
output_gap,01-Jul-1960,output_gap[55],20.8867463324158,0.0756098496620577,NaN,NaN
output_gap,01-Oct-1960,output_gap[56],39.5957620004042,0.122085617029481,NaN,NaN
output_gap,01-Jan-1961,output_gap[57],39.4995262985066,0.120787717669478,NaN,NaN
output_gap,01-Apr-1961,output_gap[58],30.0059787822989,0.0954825209286283,NaN,NaN
output_gap,01-Jul-1961,output_gap[59],19.6264925149413,0.0717220577327421,NaN,NaN
output_gap,01-Oct-1961,output_gap[60],11.5397716344723,0.0527173474958961,NaN,NaN
output_gap,01-Jan-1962,output_gap[61],8.45510564523458,0.0440062101513612,NaN,NaN
output_gap,01-Apr-1962,output_gap[62],10.0541091859835,0.0490533503776604,NaN,NaN
output_gap,01-Jul-1962,output_gap[63],10.3719991158305,0.0502169542766918,NaN,NaN
output_gap,01-Oct-1962,output_gap[64],16.4414359857717,0.0657061236588373,NaN,NaN
output_gap,01-Jan-1963,output_gap[65],16.4564117126029,0.0655670787117091,NaN,NaN
output_gap,01-Apr-1963,output_gap[66],14.4633144256709,0.060725013399585,NaN,NaN
output_gap,01-Jul-1963,output_gap[67],8.37689352301451,0.0441129763552035,NaN,NaN
output_gap,01-Oct-1963,output_gap[68],10.0164059305155,0.0491024108456131,NaN,NaN
output_gap,01-Jan-1964,output_gap[69],6.38243766764564,0.0379315586705755,NaN,NaN
output_gap,01-Apr-1964,output_gap[70],6.66184104966312,0.0389338823203075,NaN,NaN
output_gap,01-Jul-1964,output_gap[71],8.14519856809806,0.0441344109412894,NaN,NaN
output_gap,01-Oct-1964,output_gap[72],10.8687373672928,0.0522007108126238,NaN,NaN
output_gap,01-Jan-1965,output_gap[73],8.55545115224375,0.0461322615754034,NaN,NaN
output_gap,01-Apr-1965,output_gap[74],8.4870649968344,0.0456072314291616,NaN,NaN
output_gap,01-Jul-1965,output_gap[75],14.4707769083897,0.0604085236861518,NaN,NaN
output_gap,01-Oct-1965,output_gap[76],24.9110347969468,0.0832194937196781,NaN,NaN
output_gap,01-Jan-1966,output_gap[77],33.9045103848845,0.103817350787457,NaN,NaN
output_gap,01-Apr-1966,output_gap[78],26.4602480319529,0.0851482272760028,NaN,NaN
output_gap,01-Jul-1966,output_gap[79],23.0272673202585,0.0781639120320278,NaN,NaN
output_gap,01-Oct-1966,output_gap[80],20.9168672070946,0.0738173607964651,NaN,NaN
output_gap,01-Jan-1967,output_gap[81],17.9877859723826,0.0684849114488442,-1.75379847976763,0.0794650436607524
output_gap,01-Apr-1967,output_gap[82],10.1980275804361,0.049353835164132,NaN,NaN
output_gap,01-Jul-1967,output_gap[83],10.9307338223659,0.0517612784424288,NaN,NaN
output_gap,01-Oct-1967,output_gap[84],11.2353057232689,0.0524269527651403,NaN,NaN
output_gap,01-Jan-1968,output_gap[85],22.051320366315,0.0781661197472031,NaN,NaN
output_gap,01-Apr-1968,output_gap[86],29.3667029228421,0.0947497080340503,NaN,NaN
output_gap,01-Jul-1968,output_gap[87],29.2208194814361,0.0924741696392492,NaN,NaN
output_gap,01-Oct-1968,output_gap[88],26.5541319756015,0.0845735827646711,NaN,NaN
output_gap,01-Jan-1969,output_gap[89],32.5175689593492,0.097955657664169,NaN,NaN
output_gap,01-Apr-1969,output_gap[90],26.4879050975714,0.0843424987193485,NaN,NaN
output_gap,01-Jul-1969,output_gap[91],19.8411139588786,0.0703651096444195,NaN,NaN
output_gap,01-Oct-1969,output_gap[92],6.58112043739943,0.0375080128606444,NaN,NaN
output_gap,01-Jan-1970,output_gap[93],2.68523033250083,0.0232667016296934,NaN,NaN
output_gap,01-Apr-1970,output_gap[94],2.85328215047278,0.0240013461036211,NaN,NaN
output_gap,01-Jul-1970,output_gap[95],3.24577503522808,0.025673192247226,NaN,NaN
output_gap,01-Oct-1970,output_gap[96],14.7047445382003,0.0591813026630784,NaN,NaN
output_gap,01-Jan-1971,output_gap[97],2.9204707363359,0.0246878891829628,NaN,NaN
output_gap,01-Apr-1971,output_gap[98],5.24628338526742,0.0337534921430214,NaN,NaN
output_gap,01-Jul-1971,output_gap[99],6.87833678405226,0.0398193295895599,NaN,NaN
output_gap,01-Oct-1971,output_gap[100],10.5782572839594,0.049752459978988,NaN,NaN
output_gap,01-Jan-1972,output_gap[101],3.58214505628156,0.0277820210799626,NaN,NaN
output_gap,01-Apr-1972,output_gap[102],3.2797136381423,0.0274120193977579,NaN,NaN
output_gap,01-Jul-1972,output_gap[103],4.65071750684033,0.0334118587070921,NaN,NaN
output_gap,01-Oct-1972,output_gap[104],12.1981017806332,0.0571748530995689,NaN,NaN
output_gap,01-Jan-1973,output_gap[105],27.7894680354352,0.0968005562604059,NaN,NaN
output_gap,01-Apr-1973,output_gap[106],29.78239639097,0.102400578610938,NaN,NaN
output_gap,01-Jul-1973,output_gap[107],19.66404167711,0.0781239407319783,NaN,NaN
output_gap,01-Oct-1973,output_gap[108],19.3398686168579,0.0769110166902132,NaN,NaN
output_gap,01-Jan-1974,output_gap[109],8.35501024494905,0.0482309360037785,NaN,NaN
output_gap,01-Apr-1974,output_gap[110],4.93870754876411,0.0359969565888423,NaN,NaN
output_gap,01-Jul-1974,output_gap[111],8.79952860984925,0.0478318372815478,NaN,NaN
output_gap,01-Oct-1974,output_gap[112],19.1006364030775,0.0740787674479258,NaN,NaN
output_gap,01-Jan-1975,output_gap[113],35.3254231819506,0.111877086839009,NaN,NaN
output_gap,01-Apr-1975,output_gap[114],32.1406867288005,0.102476708805537,NaN,NaN
output_gap,01-Jul-1975,output_gap[115],21.3315997263872,0.0763287133155934,NaN,NaN
output_gap,01-Oct-1975,output_gap[116],15.1852744869049,0.0625041649147862,NaN,NaN
output_gap,01-Jan-1976,output_gap[117],6.16871495380046,0.0374696159669336,NaN,NaN
output_gap,01-Apr-1976,output_gap[118],7.56055441778598,0.0414516726551304,NaN,NaN
output_gap,01-Jul-1976,output_gap[119],9.66244778751916,0.0475935792178002,NaN,NaN
output_gap,01-Oct-1976,output_gap[120],9.20242975646438,0.0457290206244868,NaN,NaN
output_gap,01-Jan-1977,output_gap[121],5.77188504946923,0.0347974698171368,2.00944374671322,0.0444900947688337
output_gap,01-Apr-1977,output_gap[122],2.20210035096838,0.0212295400710012,NaN,NaN
output_gap,01-Jul-1977,output_gap[123],4.76208090164112,0.0331047489431934,NaN,NaN
output_gap,01-Oct-1977,output_gap[124],3.72320130937974,0.029819343486816,NaN,NaN
output_gap,01-Jan-1978,output_gap[125],2.94150581825815,0.0261230098096835,NaN,NaN
output_gap,01-Apr-1978,output_gap[126],23.4848586575021,0.0835760525970483,NaN,NaN
output_gap,01-Jul-1978,output_gap[127],27.8897247915906,0.0929684945918137,NaN,NaN
output_gap,01-Oct-1978,output_gap[128],30.3491854227773,0.0995654636296391,NaN,NaN
output_gap,01-Jan-1979,output_gap[129],24.8482307809686,0.0858007813210435,NaN,NaN
output_gap,01-Apr-1979,output_gap[130],19.3100004503697,0.073599470022429,NaN,NaN
output_gap,01-Jul-1979,output_gap[131],18.7012474147925,0.0726909449427624,NaN,NaN
output_gap,01-Oct-1979,output_gap[132],14.0860008842649,0.0604772227536192,NaN,NaN
output_gap,01-Jan-1980,output_gap[133],8.94769407628952,0.0467108820967903,NaN,NaN
output_gap,01-Apr-1980,output_gap[134],6.34184593309751,0.0376324847708226,NaN,NaN
output_gap,01-Jul-1980,output_gap[135],6.60247353635584,0.038806771676055,NaN,NaN
output_gap,01-Oct-1980,output_gap[136],4.20452254507055,0.031830790240249,NaN,NaN
output_gap,01-Jan-1981,output_gap[137],9.18555707827911,0.0489659919997849,NaN,NaN
output_gap,01-Apr-1981,output_gap[138],6.5348399369193,0.0424221897114,NaN,NaN
output_gap,01-Jul-1981,output_gap[139],6.79574764416567,0.0437424405263456,NaN,NaN
output_gap,01-Oct-1981,output_gap[140],14.798177960856,0.0677439162738095,NaN,NaN
output_gap,01-Jan-1982,output_gap[141],31.1710058053186,0.114410726828271,NaN,NaN
output_gap,01-Apr-1982,output_gap[142],35.4343159886403,0.123243619364664,NaN,NaN
output_gap,01-Jul-1982,output_gap[143],44.6522443234733,0.148865065928406,NaN,NaN
output_gap,01-Oct-1982,output_gap[144],49.508028912666,0.162149077521291,NaN,NaN
output_gap,01-Jan-1983,output_gap[145],44.6094146596579,0.142345735874019,NaN,NaN
output_gap,01-Apr-1983,output_gap[146],31.6352934333433,0.103644050596874,NaN,NaN
output_gap,01-Jul-1983,output_gap[147],19.7799935481233,0.0737621653567101,NaN,NaN
output_gap,01-Oct-1983,output_gap[148],9.54436697247838,0.0474579481107315,NaN,NaN
output_gap,01-Jan-1984,output_gap[149],3.95643598210967,0.0290433580837016,NaN,NaN
output_gap,01-Apr-1984,output_gap[150],2.80688699213705,0.023992602906759,NaN,NaN
output_gap,01-Jul-1984,output_gap[151],2.37464194863562,0.0216795800639738,NaN,NaN
output_gap,01-Oct-1984,output_gap[152],2.55683132730717,0.022529647981299,NaN,NaN
output_gap,01-Jan-1985,output_gap[153],2.50209618472662,0.0220345776175296,NaN,NaN
output_gap,01-Apr-1985,output_gap[154],2.67412581400879,0.0224950459401931,NaN,NaN
output_gap,01-Jul-1985,output_gap[155],5.57974896885654,0.0321464389482153,NaN,NaN
output_gap,01-Oct-1985,output_gap[156],4.63327745539258,0.0291333728893232,NaN,NaN
output_gap,01-Jan-1986,output_gap[157],4.19270601671211,0.0274642858093108,NaN,NaN
output_gap,01-Apr-1986,output_gap[158],2.01954082061926,0.0188213460081934,NaN,NaN
output_gap,01-Jul-1986,output_gap[159],2.53574360278267,0.0213009785014756,NaN,NaN
output_gap,01-Oct-1986,output_gap[160],2.70840389227471,0.0221505814753699,NaN,NaN
output_gap,01-Jan-1987,output_gap[161],2.71893109958346,0.0222797140067064,1.55750372918223,0.119350935881949
output_gap,01-Apr-1987,output_gap[162],3.28217521215316,0.0244875430198792,NaN,NaN
output_gap,01-Jul-1987,output_gap[163],3.20821956767616,0.0240105225876054,NaN,NaN
output_gap,01-Oct-1987,output_gap[164],7.85651989237688,0.0388639378698803,NaN,NaN
output_gap,01-Jan-1988,output_gap[165],6.27540825810014,0.0346896059836176,NaN,NaN
output_gap,01-Apr-1988,output_gap[166],10.2130140328617,0.0460755650283137,NaN,NaN
output_gap,01-Jul-1988,output_gap[167],10.7697658897603,0.0464760792952901,NaN,NaN
output_gap,01-Oct-1988,output_gap[168],16.678964916623,0.0596939672995404,NaN,NaN
output_gap,01-Jan-1989,output_gap[169],20.6053874942827,0.0677842606633797,NaN,NaN
output_gap,01-Apr-1989,output_gap[170],22.105566769783,0.0708563876196013,NaN,NaN
output_gap,01-Jul-1989,output_gap[171],21.6741594300222,0.070854836422501,NaN,NaN
output_gap,01-Oct-1989,output_gap[172],17.0881181615083,0.0616105409573249,NaN,NaN
output_gap,01-Jan-1990,output_gap[173],20.8354202787731,0.0701571241807241,NaN,NaN
output_gap,01-Apr-1990,output_gap[174],15.0426399810994,0.0572542127107693,NaN,NaN
output_gap,01-Jul-1990,output_gap[175],5.9823371560416,0.0344276127368905,NaN,NaN
output_gap,01-Oct-1990,output_gap[176],3.04911197908714,0.0237008291996314,NaN,NaN
output_gap,01-Jan-1991,output_gap[177],9.53801801918598,0.0435258213587442,NaN,NaN
output_gap,01-Apr-1991,output_gap[178],7.93763956083465,0.0390374019773639,NaN,NaN
output_gap,01-Jul-1991,output_gap[179],9.68445511745582,0.04338962682559,NaN,NaN
output_gap,01-Oct-1991,output_gap[180],12.2961321452926,0.0498238897428524,NaN,NaN
output_gap,01-Jan-1992,output_gap[181],7.39123491474628,0.0379118066774785,NaN,NaN
output_gap,01-Apr-1992,output_gap[182],4.17873627290246,0.0282213817479225,NaN,NaN
output_gap,01-Jul-1992,output_gap[183],3.14417930127372,0.0241955289493054,NaN,NaN
output_gap,01-Oct-1992,output_gap[184],3.26024956699747,0.0242947459631902,NaN,NaN
output_gap,01-Jan-1993,output_gap[185],7.78093667346957,0.0385597868083927,NaN,NaN
output_gap,01-Apr-1993,output_gap[186],9.70200673241898,0.043635687947091,NaN,NaN
output_gap,01-Jul-1993,output_gap[187],10.4727595193138,0.0455805646861008,NaN,NaN
output_gap,01-Oct-1993,output_gap[188],4.87856221650482,0.0297972913342561,NaN,NaN
output_gap,01-Jan-1994,output_gap[189],3.46916036424745,0.0250613152600606,NaN,NaN
output_gap,01-Apr-1994,output_gap[190],1.83848844991225,0.0181885772371937,NaN,NaN
output_gap,01-Jul-1994,output_gap[191],2.31062682711767,0.0205605019125338,NaN,NaN
output_gap,01-Oct-1994,output_gap[192],1.76651344698948,0.0180103087829315,NaN,NaN
output_gap,01-Jan-1995,output_gap[193],4.66257167637461,0.0302297862714199,NaN,NaN
output_gap,01-Apr-1995,output_gap[194],8.99568915415312,0.0430140314151417,NaN,NaN
output_gap,01-Jul-1995,output_gap[195],9.86249786722731,0.044616597281096,NaN,NaN
output_gap,01-Oct-1995,output_gap[196],9.95895833573829,0.0453129925364878,NaN,NaN
output_gap,01-Jan-1996,output_gap[197],9.28719052889164,0.0432035041536433,NaN,NaN
output_gap,01-Apr-1996,output_gap[198],5.03215250748163,0.0305666585393237,NaN,NaN
output_gap,01-Jul-1996,output_gap[199],5.18821166170591,0.0313641967104021,NaN,NaN
output_gap,01-Oct-1996,output_gap[200],4.75970737608889,0.0304316638386359,NaN,NaN
output_gap,01-Jan-1997,output_gap[201],4.31780367752792,0.0291168095284269,0.815575272815488,0.414743096717352
output_gap,01-Apr-1997,output_gap[202],2.29304205125926,0.0208425368427062,NaN,NaN
output_gap,01-Jul-1997,output_gap[203],2.70996461599753,0.0227408971639168,NaN,NaN
output_gap,01-Oct-1997,output_gap[204],3.47274345760454,0.0260522320567302,NaN,NaN
output_gap,01-Jan-1998,output_gap[205],4.3871732383234,0.0296270279915932,NaN,NaN
output_gap,01-Apr-1998,output_gap[206],5.04304132566054,0.0319375816538538,NaN,NaN
output_gap,01-Jul-1998,output_gap[207],6.47164863252828,0.0367793773976126,NaN,NaN
output_gap,01-Oct-1998,output_gap[208],10.7742268767605,0.0494073942770013,NaN,NaN
output_gap,01-Jan-1999,output_gap[209],11.6011242455148,0.0525606440824672,NaN,NaN
output_gap,01-Apr-1999,output_gap[210],12.1902605431612,0.0541057571823203,NaN,NaN
output_gap,01-Jul-1999,output_gap[211],17.9095680896444,0.0681178618360603,NaN,NaN
output_gap,01-Oct-1999,output_gap[212],26.3146642889592,0.0879286318702653,NaN,NaN
output_gap,01-Jan-2000,output_gap[213],24.3638221126284,0.0826446300345851,NaN,NaN
output_gap,01-Apr-2000,output_gap[214],33.1509086527932,0.103539452839018,NaN,NaN
output_gap,01-Jul-2000,output_gap[215],27.2383246062647,0.0881542723076989,NaN,NaN
output_gap,01-Oct-2000,output_gap[216],23.7176728940023,0.0807322431174162,NaN,NaN
output_gap,01-Jan-2001,output_gap[217],13.7333743164291,0.0569827718613897,NaN,NaN
output_gap,01-Apr-2001,output_gap[218],11.4262444552499,0.0511196538503356,NaN,NaN
output_gap,01-Jul-2001,output_gap[219],4.20033009684289,0.0293613530019365,NaN,NaN
output_gap,01-Oct-2001,output_gap[220],2.56627858817557,0.0229716051239224,NaN,NaN
output_gap,01-Jan-2002,output_gap[221],2.60035679056483,0.0231970244174215,NaN,NaN
output_gap,01-Apr-2002,output_gap[222],1.80485690212401,0.019310355577934,NaN,NaN
output_gap,01-Jul-2002,output_gap[223],1.31815876974763,0.0164174081365504,NaN,NaN
output_gap,01-Oct-2002,output_gap[224],2.46216031669432,0.0224064961175038,NaN,NaN
output_gap,01-Jan-2003,output_gap[225],2.19770552719403,0.0212023881490841,NaN,NaN
output_gap,01-Apr-2003,output_gap[226],1.3186982709553,0.0166237390939712,NaN,NaN
output_gap,01-Jul-2003,output_gap[227],2.14273542630516,0.021483028351529,NaN,NaN
output_gap,01-Oct-2003,output_gap[228],3.90759190185853,0.0292265009035143,NaN,NaN
output_gap,01-Jan-2004,output_gap[229],3.10259015604342,0.0256508119037339,NaN,NaN
output_gap,01-Apr-2004,output_gap[230],3.52111392170315,0.0276599702279703,NaN,NaN
output_gap,01-Jul-2004,output_gap[231],5.15262342898616,0.0341849135576615,NaN,NaN
output_gap,01-Oct-2004,output_gap[232],8.1507788545804,0.044193428118,NaN,NaN
output_gap,01-Jan-2005,output_gap[233],10.6908912536982,0.0522301241317733,NaN,NaN
output_gap,01-Apr-2005,output_gap[234],9.36562556156313,0.0487722018211629,NaN,NaN
output_gap,01-Jul-2005,output_gap[235],10.0525016559191,0.0509317782220031,NaN,NaN
output_gap,01-Oct-2005,output_gap[236],10.438091053422,0.0524547644314746,NaN,NaN
output_gap,01-Jan-2006,output_gap[237],14.362946155368,0.0639042837123969,NaN,NaN
output_gap,01-Apr-2006,output_gap[238],10.2575537892691,0.0535560409842813,NaN,NaN
output_gap,01-Jul-2006,output_gap[239],7.38495016287784,0.0450132670140518,NaN,NaN
output_gap,01-Oct-2006,output_gap[240],9.90010780354185,0.0534334700348951,NaN,NaN
output_gap,01-Jan-2007,output_gap[241],11.1965456548908,0.057541144587123,-1.99034314546936,0.0465531482527113
output_gap,01-Apr-2007,output_gap[242],14.5564392612168,0.0674792199585628,NaN,NaN
output_gap,01-Jul-2007,output_gap[243],17.6669044147284,0.0763648849301411,NaN,NaN
output_gap,01-Oct-2007,output_gap[244],19.8677574398569,0.0821011208470281,NaN,NaN
output_gap,01-Jan-2008,output_gap[245],15.1032779189133,0.0706139841825639,NaN,NaN
output_gap,01-Apr-2008,output_gap[246],16.0312501716091,0.0732468011345482,NaN,NaN
output_gap,01-Jul-2008,output_gap[247],9.18640269551358,0.0510823071466611,NaN,NaN
output_gap,01-Oct-2008,output_gap[248],14.0028813137981,0.0622571725140629,NaN,NaN
output_gap,01-Jan-2009,output_gap[249],26.6604573581482,0.0899583658035386,NaN,NaN
output_gap,01-Apr-2009,output_gap[250],29.3352823790803,0.0938031987873811,NaN,NaN
output_gap,01-Jul-2009,output_gap[251],25.6833816610597,0.0857001451317631,NaN,NaN
output_gap,01-Oct-2009,output_gap[252],18.4620669163476,0.0691314350160653,NaN,NaN
output_gap,01-Jan-2010,output_gap[253],16.4487388138824,0.0657417339718859,NaN,NaN
output_gap,01-Apr-2010,output_gap[254],11.928992867361,0.0552503276007613,NaN,NaN
output_gap,01-Jul-2010,output_gap[255],10.2418077782094,0.050449939956341,NaN,NaN
output_gap,01-Oct-2010,output_gap[256],11.1037556644104,0.0519422853685,NaN,NaN
output_gap,01-Jan-2011,output_gap[257],16.0387743129068,0.0636746761399427,NaN,NaN
output_gap,01-Apr-2011,output_gap[258],13.2644294538604,0.0560159519440686,NaN,NaN
output_gap,01-Jul-2011,output_gap[259],15.632750746384,0.0615162894880333,NaN,NaN
output_gap,01-Oct-2011,output_gap[260],9.88348986109488,0.0473982095839139,NaN,NaN
output_gap,01-Jan-2012,output_gap[261],8.25685029012153,0.0422346211131549,NaN,NaN
output_gap,01-Apr-2012,output_gap[262],8.83576463849563,0.0436040268781481,NaN,NaN
output_gap,01-Jul-2012,output_gap[263],11.5381347986164,0.0503090032471443,NaN,NaN
output_gap,01-Oct-2012,output_gap[264],14.5932560494227,0.057626183714242,NaN,NaN
output_gap,01-Jan-2013,output_gap[265],10.4107077208047,0.0474785090859796,NaN,NaN
output_gap,01-Apr-2013,output_gap[266],13.1115247649706,0.0538405733720116,NaN,NaN
output_gap,01-Jul-2013,output_gap[267],10.89622363381,0.0482623646024186,NaN,NaN
output_gap,01-Oct-2013,output_gap[268],9.47004320049115,0.0436960684644464,NaN,NaN
output_gap,01-Jan-2014,output_gap[269],14.7984143054132,0.0568047990939113,NaN,NaN
output_gap,01-Apr-2014,output_gap[270],6.42389021242396,0.0353987901865264,NaN,NaN
output_gap,01-Jul-2014,output_gap[271],2.63664649163964,0.0222277979700691,NaN,NaN
output_gap,01-Oct-2014,output_gap[272],3.16721109993184,0.0242609599454731,NaN,NaN
output_gap,01-Jan-2015,output_gap[273],1.93046519984584,0.01874690027053,NaN,NaN
output_gap,01-Apr-2015,output_gap[274],1.92479664479458,0.0187070743466045,NaN,NaN
output_gap,01-Jul-2015,output_gap[275],2.86398858845939,0.0228608753308671,NaN,NaN
output_gap,01-Oct-2015,output_gap[276],4.59805397540583,0.0297215792743174,NaN,NaN
output_gap,01-Jan-2016,output_gap[277],4.84422285613463,0.0303608880024533,NaN,NaN
output_gap,01-Apr-2016,output_gap[278],6.25646082909875,0.034712065753505,NaN,NaN
output_gap,01-Jul-2016,output_gap[279],5.84071099340792,0.033534668709909,NaN,NaN
output_gap,01-Oct-2016,output_gap[280],5.18775873090888,0.0317487414957309,NaN,NaN
output_gap,01-Jan-2017,output_gap[281],5.60367952980015,0.0326270733634628,1.21478545094396,0.224447931281297
output_gap,01-Apr-2017,output_gap[282],4.63831885354343,0.0299064908592807,NaN,NaN
output_gap,01-Jul-2017,output_gap[283],2.60916550794855,0.0220911150108947,NaN,NaN
output_gap,01-Oct-2017,output_gap[284],1.28374436870054,0.015236071914089,NaN,NaN
output_gap,01-Jan-2018,output_gap[285],1.46550336237302,0.016315446242543,NaN,NaN
output_gap,01-Apr-2018,output_gap[286],1.44190595693121,0.0165448500365424,NaN,NaN
output_gap,01-Jul-2018,output_gap[287],1.48945966348103,0.0172089097877814,NaN,NaN
output_gap,01-Oct-2018,output_gap[288],2.01767493703996,0.0203139694087323,NaN,NaN
output_gap,01-Jan-2019,output_gap[289],5.09688641824522,0.0334868796765131,NaN,NaN
output_gap,01-Apr-2019,output_gap[290],8.26558230395046,0.046144512925456,NaN,NaN
output_gap,01-Jul-2019,output_gap[291],7.68032012949616,0.0460576093081619,NaN,NaN
output_gap,01-Oct-2019,output_gap[292],4.41692649541501,0.0342688693812913,NaN,NaN
output_gap,01-Jan-2020,output_gap[293],18.7138799660385,0.0877458490248871,NaN,NaN
output_gap,01-Apr-2020,output_gap[294],62.6155614407164,0.238521718675153,NaN,NaN
output_gap,01-Jul-2020,output_gap[295],19.3318528277261,0.0691349733324048,NaN,NaN
output_gap,01-Oct-2020,output_gap[296],9.37086041035204,0.0456971946592619,NaN,NaN
output_gap,01-Jan-2021,output_gap[297],6.45264553148637,0.0370194610417384,NaN,NaN
output_gap,01-Apr-2021,output_gap[298],3.09907852428969,0.0252347379731582,NaN,NaN
output_gap,01-Jul-2021,output_gap[299],2.5607464468404,0.0230960348481768,NaN,NaN
output_gap,01-Oct-2021,output_gap[300],4.70232589532758,0.0316466747148357,NaN,NaN
output_gap,01-Jan-2022,output_gap[301],1.98324897510481,0.0202409125289334,NaN,NaN
output_gap,01-Apr-2022,output_gap[302],2.22500235084673,0.0214729560131809,NaN,NaN
output_gap,01-Jul-2022,output_gap[303],1.82298244627602,0.0196016061064661,NaN,NaN
output_gap,01-Oct-2022,output_gap[304],2.14468483058141,0.0211996228437721,NaN,NaN
output_gap,01-Jan-2023,output_gap[305],2.24310356207315,0.0219412276058443,NaN,NaN
output_gap,01-Apr-2023,output_gap[306],2.34397713472377,0.0223231844322391,NaN,NaN
output_gap,01-Jul-2023,output_gap[307],3.33769851861764,0.0267437233203132,NaN,NaN
output_gap,01-Oct-2023,output_gap[308],4.61941503745091,0.0317546953650971,NaN,NaN
output_gap,01-Jan-2024,output_gap[309],2.43871998853762,0.0230561716942909,NaN,NaN
output_gap,01-Apr-2024,output_gap[310],3.1478198688089,0.026434806606154,NaN,NaN
output_gap,01-Jul-2024,output_gap[311],4.70738818161585,0.0330839769056479,NaN,NaN
output_gap,01-Oct-2024,output_gap[312],4.00027151634881,0.0306438322849038,NaN,NaN
output_gap,01-Jan-2025,output_gap[313],1.78313456613993,0.020276234781281,NaN,NaN
output_gap,01-Apr-2025,output_gap[314],2.82572601645998,0.0261795980156146,NaN,NaN
output_gap,01-Jul-2025,output_gap[315],4.8908702314076,0.035617001883401,NaN,NaN
output_gap,01-Oct-2025,output_gap[316],2.23067539394494,0.0243849658625193,NaN,NaN
output_gap,01-Jan-2026,output_gap[317],1.76706125162035,0.0224862643479577,NaN,NaN
output_gap,01-Apr-2026,output_gap[318],1.38577155755741,0.0204333781510416,-0.853007687626673,0.393655041033765
parameters,NaT,mu1,1.43897250053145,0.00134630359241992,0.257152711667759,0.797060887298187
parameters,NaT,mu2,1.09895176435031,0.00103062671806396,0.898621028602472,0.368854553926868
parameters,NaT,mu3,0.69017690762451,0.00107766692882428,0.21645928096069,0.828629761826804
parameters,NaT,phi1,54.1124828791397,0.0282876513472772,-1.00809100732004,0.313410774351889
parameters,NaT,phi2,16.352781193189,0.00949527550604488,-1.01447190021069,0.310357631096254
parameters,NaT,sigc2,43.6599053145692,0.0313002061260987,-2.07510575462959,0.0379767345202316
parameters,NaT,sigtau2,48.5835737859032,0.0359545457415632,1.12551211275387,0.260372087318486
parameters,NaT,rho,49.7149239452405,0.0298839855279233,-0.756621574463782,0.449276612137847
parameters,NaT,tau0,1.27569318279822,0.0116545477022278,0.417271091728411,0.676480130751436
