date,model,measure,value
01-Jan-1947,uc_2m,mcse,0.0885319962730912
01-Apr-1947,uc_2m,mcse,0.0857643061947543
01-Jul-1947,uc_2m,mcse,0.0829431329754599
01-Oct-1947,uc_2m,mcse,0.0802662210382428
01-Jan-1948,uc_2m,mcse,0.0777169641647893
01-Apr-1948,uc_2m,mcse,0.0753175612390074
01-Jul-1948,uc_2m,mcse,0.0729754710675971
01-Oct-1948,uc_2m,mcse,0.0705981066500689
01-Jan-1949,uc_2m,mcse,0.0679310863494439
01-Apr-1949,uc_2m,mcse,0.0652022078912901
01-Jul-1949,uc_2m,mcse,0.062590689516916
01-Oct-1949,uc_2m,mcse,0.0600873274614214
01-Jan-1950,uc_2m,mcse,0.0578963200961801
01-Apr-1950,uc_2m,mcse,0.0558525426491418
01-Jul-1950,uc_2m,mcse,0.0537740322162972
01-Oct-1950,uc_2m,mcse,0.0517772678116413
01-Jan-1951,uc_2m,mcse,0.0498784624952725
01-Apr-1951,uc_2m,mcse,0.0480397941261827
01-Jul-1951,uc_2m,mcse,0.0462735449897045
01-Oct-1951,uc_2m,mcse,0.044722204781548
01-Jan-1952,uc_2m,mcse,0.0432984831281805
01-Apr-1952,uc_2m,mcse,0.0420265927747245
01-Jul-1952,uc_2m,mcse,0.0408815225871456
01-Oct-1952,uc_2m,mcse,0.0399652351694239
01-Jan-1953,uc_2m,mcse,0.0394242328853356
01-Apr-1953,uc_2m,mcse,0.0392756572962573
01-Jul-1953,uc_2m,mcse,0.0391670929663632
01-Oct-1953,uc_2m,mcse,0.0386939606517986
01-Jan-1954,uc_2m,mcse,0.0380049706464267
01-Apr-1954,uc_2m,mcse,0.037195040892716
01-Jul-1954,uc_2m,mcse,0.0365031928375182
01-Oct-1954,uc_2m,mcse,0.0361129000662698
01-Jan-1955,uc_2m,mcse,0.0363225456325144
01-Apr-1955,uc_2m,mcse,0.0368674064574629
01-Jul-1955,uc_2m,mcse,0.0377885293678991
01-Oct-1955,uc_2m,mcse,0.0388457060482767
01-Jan-1956,uc_2m,mcse,0.0395853133894602
01-Apr-1956,uc_2m,mcse,0.040575572410803
01-Jul-1956,uc_2m,mcse,0.0412124465722924
01-Oct-1956,uc_2m,mcse,0.0424814645057074
01-Jan-1957,uc_2m,mcse,0.043729882130003
01-Apr-1957,uc_2m,mcse,0.044551432796832
01-Jul-1957,uc_2m,mcse,0.0456396086798359
01-Oct-1957,uc_2m,mcse,0.0456854796262288
01-Jan-1958,uc_2m,mcse,0.0438769157297424
01-Apr-1958,uc_2m,mcse,0.0420876931416502
01-Jul-1958,uc_2m,mcse,0.0409119928810977
01-Oct-1958,uc_2m,mcse,0.040227205563709
01-Jan-1959,uc_2m,mcse,0.0398618064947202
01-Apr-1959,uc_2m,mcse,0.0400096329272504
01-Jul-1959,uc_2m,mcse,0.039691742379747
01-Oct-1959,uc_2m,mcse,0.0391258151832079
01-Jan-1960,uc_2m,mcse,0.0391680262514326
01-Apr-1960,uc_2m,mcse,0.0384662918684144
01-Jul-1960,uc_2m,mcse,0.0375783996457399
01-Oct-1960,uc_2m,mcse,0.0357167904616808
01-Jan-1961,uc_2m,mcse,0.0338284096692893
01-Apr-1961,uc_2m,mcse,0.0321678210060644
01-Jul-1961,uc_2m,mcse,0.0307234699617487
01-Oct-1961,uc_2m,mcse,0.0294274063728884
01-Jan-1962,uc_2m,mcse,0.0282611078502111
01-Apr-1962,uc_2m,mcse,0.0271017542243322
01-Jul-1962,uc_2m,mcse,0.0260151262420522
01-Oct-1962,uc_2m,mcse,0.0250459465939309
01-Jan-1963,uc_2m,mcse,0.0243087764957891
01-Apr-1963,uc_2m,mcse,0.0238754233231533
01-Jul-1963,uc_2m,mcse,0.023506424794765
01-Oct-1963,uc_2m,mcse,0.0236086511825999
01-Jan-1964,uc_2m,mcse,0.0236957311212769
01-Apr-1964,uc_2m,mcse,0.0241572659110757
01-Jul-1964,uc_2m,mcse,0.0246711186496518
01-Oct-1964,uc_2m,mcse,0.0258991192566014
01-Jan-1965,uc_2m,mcse,0.0267484863377275
01-Apr-1965,uc_2m,mcse,0.0278522766229295
01-Jul-1965,uc_2m,mcse,0.0285941255739409
01-Oct-1965,uc_2m,mcse,0.028950579325137
01-Jan-1966,uc_2m,mcse,0.0288894381483065
01-Apr-1966,uc_2m,mcse,0.0292490400654364
01-Jul-1966,uc_2m,mcse,0.0296882814424172
01-Oct-1966,uc_2m,mcse,0.0302349594439919
01-Jan-1967,uc_2m,mcse,0.0308490934049144
01-Apr-1967,uc_2m,mcse,0.0316682808615995
01-Jul-1967,uc_2m,mcse,0.0324896780552099
01-Oct-1967,uc_2m,mcse,0.0333380399903517
01-Jan-1968,uc_2m,mcse,0.0340626965447878
01-Apr-1968,uc_2m,mcse,0.0347853912969051
01-Jul-1968,uc_2m,mcse,0.0355609173082104
01-Oct-1968,uc_2m,mcse,0.036313484216266
01-Jan-1969,uc_2m,mcse,0.0372050848290973
01-Apr-1969,uc_2m,mcse,0.0380362653848411
01-Jul-1969,uc_2m,mcse,0.0388782038758003
01-Oct-1969,uc_2m,mcse,0.0393600454779473
01-Jan-1970,uc_2m,mcse,0.0395986101164117
01-Apr-1970,uc_2m,mcse,0.0396090353255196
01-Jul-1970,uc_2m,mcse,0.0396473259702669
01-Oct-1970,uc_2m,mcse,0.038959581329837
01-Jan-1971,uc_2m,mcse,0.0390186414497403
01-Apr-1971,uc_2m,mcse,0.0388528405611236
01-Jul-1971,uc_2m,mcse,0.0386647942430384
01-Oct-1971,uc_2m,mcse,0.0382879554935078
01-Jan-1972,uc_2m,mcse,0.0383261928627606
01-Apr-1972,uc_2m,mcse,0.0388193110630691
01-Jul-1972,uc_2m,mcse,0.0392914705415902
01-Oct-1972,uc_2m,mcse,0.0401184534191537
01-Jan-1973,uc_2m,mcse,0.0417051483642926
01-Apr-1973,uc_2m,mcse,0.043500195858724
01-Jul-1973,uc_2m,mcse,0.0447780300020811
01-Oct-1973,uc_2m,mcse,0.046406764126465
01-Jan-1974,uc_2m,mcse,0.0472239237068061
01-Apr-1974,uc_2m,mcse,0.0479870285848583
01-Jul-1974,uc_2m,mcse,0.0478413027805044
01-Oct-1974,uc_2m,mcse,0.0471614340123424
01-Jan-1975,uc_2m,mcse,0.0452959776984521
01-Apr-1975,uc_2m,mcse,0.0435064988842683
01-Jul-1975,uc_2m,mcse,0.042213867679313
01-Oct-1975,uc_2m,mcse,0.0411107370562509
01-Jan-1976,uc_2m,mcse,0.0407919420327224
01-Apr-1976,uc_2m,mcse,0.0403331401018627
01-Jul-1976,uc_2m,mcse,0.0397344849184261
01-Oct-1976,uc_2m,mcse,0.0391113471595707
01-Jan-1977,uc_2m,mcse,0.0386936977857284
01-Apr-1977,uc_2m,mcse,0.0388441039691705
01-Jul-1977,uc_2m,mcse,0.0394417453558805
01-Oct-1977,uc_2m,mcse,0.0396172467663415
01-Jan-1978,uc_2m,mcse,0.0396133600000309
01-Apr-1978,uc_2m,mcse,0.0412236448345494
01-Jul-1978,uc_2m,mcse,0.0428816842755001
01-Oct-1978,uc_2m,mcse,0.0449956610642245
01-Jan-1979,uc_2m,mcse,0.0469345076805121
01-Apr-1979,uc_2m,mcse,0.0487172021488924
01-Jul-1979,uc_2m,mcse,0.0507263386693954
01-Oct-1979,uc_2m,mcse,0.0526470077061167
01-Jan-1980,uc_2m,mcse,0.0545482580560564
01-Apr-1980,uc_2m,mcse,0.054908445645773
01-Jul-1980,uc_2m,mcse,0.0550243714985287
01-Oct-1980,uc_2m,mcse,0.0558947204171469
01-Jan-1981,uc_2m,mcse,0.057441925286828
01-Apr-1981,uc_2m,mcse,0.0580972382401399
01-Jul-1981,uc_2m,mcse,0.0592037210727417
01-Oct-1981,uc_2m,mcse,0.0592264652154262
01-Jan-1982,uc_2m,mcse,0.0580206370234692
01-Apr-1982,uc_2m,mcse,0.0566919859064635
01-Jul-1982,uc_2m,mcse,0.0546466470917798
01-Oct-1982,uc_2m,mcse,0.0521652691189963
01-Jan-1983,uc_2m,mcse,0.0498559153157826
01-Apr-1983,uc_2m,mcse,0.0480150128767717
01-Jul-1983,uc_2m,mcse,0.0464715653741133
01-Oct-1983,uc_2m,mcse,0.0452187231989674
01-Jan-1984,uc_2m,mcse,0.0442153911462326
01-Apr-1984,uc_2m,mcse,0.0434359055680105
01-Jul-1984,uc_2m,mcse,0.0426385971711149
01-Oct-1984,uc_2m,mcse,0.0418250255535446
01-Jan-1985,uc_2m,mcse,0.0410243647208276
01-Apr-1985,uc_2m,mcse,0.040207220837377
01-Jul-1985,uc_2m,mcse,0.03959366190534
01-Oct-1985,uc_2m,mcse,0.0389567035494066
01-Jan-1986,uc_2m,mcse,0.0383669085083739
01-Apr-1986,uc_2m,mcse,0.0377329982661703
01-Jul-1986,uc_2m,mcse,0.0371436102771828
01-Oct-1986,uc_2m,mcse,0.0365151746845411
01-Jan-1987,uc_2m,mcse,0.0358879914635291
01-Apr-1987,uc_2m,mcse,0.0353571024711727
01-Jul-1987,uc_2m,mcse,0.0348618579432796
01-Oct-1987,uc_2m,mcse,0.0346217680266007
01-Jan-1988,uc_2m,mcse,0.0343566550084826
01-Apr-1988,uc_2m,mcse,0.034291532089687
01-Jul-1988,uc_2m,mcse,0.034230454170658
01-Oct-1988,uc_2m,mcse,0.0344410627791609
01-Jan-1989,uc_2m,mcse,0.0348541172582106
01-Apr-1989,uc_2m,mcse,0.0354260363586243
01-Jul-1989,uc_2m,mcse,0.0361415216800725
01-Oct-1989,uc_2m,mcse,0.0367854862137432
01-Jan-1990,uc_2m,mcse,0.0377480815035496
01-Apr-1990,uc_2m,mcse,0.0386987582609326
01-Jul-1990,uc_2m,mcse,0.0394901545701815
01-Oct-1990,uc_2m,mcse,0.0395660482242544
01-Jan-1991,uc_2m,mcse,0.0391320867999645
01-Apr-1991,uc_2m,mcse,0.0387301872693587
01-Jul-1991,uc_2m,mcse,0.038153035319363
01-Oct-1991,uc_2m,mcse,0.0373223313884402
01-Jan-1992,uc_2m,mcse,0.0366401094981039
01-Apr-1992,uc_2m,mcse,0.036004744015556
01-Jul-1992,uc_2m,mcse,0.0353822117412689
01-Oct-1992,uc_2m,mcse,0.0348324760647526
01-Jan-1993,uc_2m,mcse,0.0339058874704323
01-Apr-1993,uc_2m,mcse,0.0328499715605944
01-Jul-1993,uc_2m,mcse,0.0315895049071392
01-Oct-1993,uc_2m,mcse,0.0305218794039395
01-Jan-1994,uc_2m,mcse,0.0294584180138531
01-Apr-1994,uc_2m,mcse,0.0285812772381467
01-Jul-1994,uc_2m,mcse,0.0275613456740698
01-Oct-1994,uc_2m,mcse,0.0266891537149452
01-Jan-1995,uc_2m,mcse,0.0256589547672917
01-Apr-1995,uc_2m,mcse,0.0244802648780689
01-Jul-1995,uc_2m,mcse,0.023383137467427
01-Oct-1995,uc_2m,mcse,0.0223229653065944
01-Jan-1996,uc_2m,mcse,0.0213996531923278
01-Apr-1996,uc_2m,mcse,0.0208400602000455
01-Jul-1996,uc_2m,mcse,0.0204932812465639
01-Oct-1996,uc_2m,mcse,0.0204034706282907
01-Jan-1997,uc_2m,mcse,0.0205090613872324
01-Apr-1997,uc_2m,mcse,0.0209550023165432
01-Jul-1997,uc_2m,mcse,0.0216368226961498
01-Oct-1997,uc_2m,mcse,0.0224893012121621
01-Jan-1998,uc_2m,mcse,0.0234977512075887
01-Apr-1998,uc_2m,mcse,0.0246570714015736
01-Jul-1998,uc_2m,mcse,0.0259480558880332
01-Oct-1998,uc_2m,mcse,0.02732388595571
01-Jan-1999,uc_2m,mcse,0.0287088334400309
01-Apr-1999,uc_2m,mcse,0.0301116002131756
01-Jul-1999,uc_2m,mcse,0.0315519923531529
01-Oct-1999,uc_2m,mcse,0.0330062110902918
01-Jan-2000,uc_2m,mcse,0.0344093013636585
01-Apr-2000,uc_2m,mcse,0.0359320850437032
01-Jul-2000,uc_2m,mcse,0.0373346685551674
01-Oct-2000,uc_2m,mcse,0.0387702983034526
01-Jan-2001,uc_2m,mcse,0.0399512091900225
01-Apr-2001,uc_2m,mcse,0.041133908968269
01-Jul-2001,uc_2m,mcse,0.0419572098098843
01-Oct-2001,uc_2m,mcse,0.0426800698758767
01-Jan-2002,uc_2m,mcse,0.0434086500551354
01-Apr-2002,uc_2m,mcse,0.0440757497739172
01-Jul-2002,uc_2m,mcse,0.044635070468802
01-Oct-2002,uc_2m,mcse,0.0450186333609726
01-Jan-2003,uc_2m,mcse,0.0453498365427266
01-Apr-2003,uc_2m,mcse,0.045752368587529
01-Jul-2003,uc_2m,mcse,0.0464099036431378
01-Oct-2003,uc_2m,mcse,0.0471695530706246
01-Jan-2004,uc_2m,mcse,0.0478725520694349
01-Apr-2004,uc_2m,mcse,0.0485956784722941
01-Jul-2004,uc_2m,mcse,0.0493575640003735
01-Oct-2004,uc_2m,mcse,0.050216866704156
01-Jan-2005,uc_2m,mcse,0.0511989425974615
01-Apr-2005,uc_2m,mcse,0.0520939406736793
01-Jul-2005,uc_2m,mcse,0.0530606260303711
01-Oct-2005,uc_2m,mcse,0.0540255725267787
01-Jan-2006,uc_2m,mcse,0.055349321248537
01-Apr-2006,uc_2m,mcse,0.0565703145186162
01-Jul-2006,uc_2m,mcse,0.0576887301465559
01-Oct-2006,uc_2m,mcse,0.05904118174549
01-Jan-2007,uc_2m,mcse,0.0603586451227912
01-Apr-2007,uc_2m,mcse,0.0618767813867458
01-Jul-2007,uc_2m,mcse,0.0635794038081277
01-Oct-2007,uc_2m,mcse,0.0655080914467801
01-Jan-2008,uc_2m,mcse,0.0670891635113227
01-Apr-2008,uc_2m,mcse,0.0690245245655078
01-Jul-2008,uc_2m,mcse,0.0705016146959409
01-Oct-2008,uc_2m,mcse,0.0705185563098424
01-Jan-2009,uc_2m,mcse,0.0698025398587287
01-Apr-2009,uc_2m,mcse,0.0688117282541765
01-Jul-2009,uc_2m,mcse,0.0677868571150294
01-Oct-2009,uc_2m,mcse,0.0671187432178701
01-Jan-2010,uc_2m,mcse,0.0664156000391676
01-Apr-2010,uc_2m,mcse,0.0660232523567929
01-Jul-2010,uc_2m,mcse,0.0657905392873544
01-Oct-2010,uc_2m,mcse,0.0655624472152084
01-Jan-2011,uc_2m,mcse,0.0648985087324417
01-Apr-2011,uc_2m,mcse,0.0644090406131884
01-Jul-2011,uc_2m,mcse,0.0636119024164071
01-Oct-2011,uc_2m,mcse,0.0631927281781069
01-Jan-2012,uc_2m,mcse,0.0629055054697539
01-Apr-2012,uc_2m,mcse,0.0625509919901004
01-Jul-2012,uc_2m,mcse,0.0619770348104041
01-Oct-2012,uc_2m,mcse,0.0611518811174859
01-Jan-2013,uc_2m,mcse,0.0605479778514695
01-Apr-2013,uc_2m,mcse,0.0597233878388091
01-Jul-2013,uc_2m,mcse,0.059068709361552
01-Oct-2013,uc_2m,mcse,0.0585623664656339
01-Jan-2014,uc_2m,mcse,0.0575628821723101
01-Apr-2014,uc_2m,mcse,0.056895608484339
01-Jul-2014,uc_2m,mcse,0.0564289283603432
01-Oct-2014,uc_2m,mcse,0.0559100045584009
01-Jan-2015,uc_2m,mcse,0.055530624544105
01-Apr-2015,uc_2m,mcse,0.0551542318022707
01-Jul-2015,uc_2m,mcse,0.0546992302153414
01-Oct-2015,uc_2m,mcse,0.0541119241163139
01-Jan-2016,uc_2m,mcse,0.0535067247756586
01-Apr-2016,uc_2m,mcse,0.0527809251760287
01-Jul-2016,uc_2m,mcse,0.0521092580041175
01-Oct-2016,uc_2m,mcse,0.0514077093193688
01-Jan-2017,uc_2m,mcse,0.0506494460404551
01-Apr-2017,uc_2m,mcse,0.049910633558371
01-Jul-2017,uc_2m,mcse,0.0492407160813549
01-Oct-2017,uc_2m,mcse,0.0487085942901387
01-Jan-2018,uc_2m,mcse,0.0481984591834593
01-Apr-2018,uc_2m,mcse,0.0476971938521452
01-Jul-2018,uc_2m,mcse,0.0472431733128453
01-Oct-2018,uc_2m,mcse,0.0466753683349942
01-Jan-2019,uc_2m,mcse,0.0461329372097227
01-Apr-2019,uc_2m,mcse,0.0457000237567678
01-Jul-2019,uc_2m,mcse,0.0454647557892805
01-Oct-2019,uc_2m,mcse,0.0453020624993919
01-Jan-2020,uc_2m,mcse,0.0446657183454627
01-Apr-2020,uc_2m,mcse,0.0419620220062555
01-Jul-2020,uc_2m,mcse,0.0408542605192807
01-Oct-2020,uc_2m,mcse,0.0396767305995041
01-Jan-2021,uc_2m,mcse,0.0385582298923262
01-Apr-2021,uc_2m,mcse,0.037506205772082
01-Jul-2021,uc_2m,mcse,0.0364340675483273
01-Oct-2021,uc_2m,mcse,0.0354285530761716
01-Jan-2022,uc_2m,mcse,0.0344373195952785
01-Apr-2022,uc_2m,mcse,0.0334713530564789
01-Jul-2022,uc_2m,mcse,0.0325375698441906
01-Oct-2022,uc_2m,mcse,0.0316247457270809
01-Jan-2023,uc_2m,mcse,0.0307620894949274
01-Apr-2023,uc_2m,mcse,0.0299199406112535
01-Jul-2023,uc_2m,mcse,0.0291048475046877
01-Oct-2023,uc_2m,mcse,0.0283366527480102
01-Jan-2024,uc_2m,mcse,0.0276765191776634
01-Apr-2024,uc_2m,mcse,0.0270560665759568
01-Jul-2024,uc_2m,mcse,0.0264798996564371
01-Oct-2024,uc_2m,mcse,0.0260016687189874
01-Jan-2025,uc_2m,mcse,0.0256884366049329
01-Apr-2025,uc_2m,mcse,0.025394234329335
01-Jul-2025,uc_2m,mcse,0.0251458891793814
01-Oct-2025,uc_2m,mcse,0.0250157291817435
01-Jan-2026,uc_2m,mcse,0.0249639315717442
01-Apr-2026,uc_2m,mcse,0.0250405184489196
01-Jan-1947,uc_2m,mean,0.280904091764659
01-Apr-1947,uc_2m,mean,-0.938298968581337
01-Jul-1947,uc_2m,mean,-2.09934899571543
01-Oct-1947,uc_2m,mean,-1.50312199251713
01-Jan-1948,uc_2m,mean,-0.966620032321016
01-Apr-1948,uc_2m,mean,-0.285733822366608
01-Jul-1948,uc_2m,mean,-0.670698551387554
01-Oct-1948,uc_2m,mean,-1.51655315307989
01-Jan-1949,uc_2m,mean,-3.86675309045904
01-Apr-1949,uc_2m,mean,-5.17857392478754
01-Jul-1949,uc_2m,mean,-5.1296157815085
01-Oct-1949,uc_2m,mean,-6.9617389455518
01-Jan-1950,uc_2m,mean,-4.10357184531785
01-Apr-1950,uc_2m,mean,-2.10089131971701
01-Jul-1950,uc_2m,mean,0.688626556388894
01-Oct-1950,uc_2m,mean,1.58462023177453
01-Jan-1951,uc_2m,mean,1.93497720148859
01-Apr-1951,uc_2m,mean,2.65733664085739
01-Jul-1951,uc_2m,mean,3.7064467791693
01-Oct-1951,uc_2m,mean,2.94017307966787
01-Jan-1952,uc_2m,mean,3.02144537150843
01-Apr-1952,uc_2m,mean,2.25930203803581
01-Jul-1952,uc_2m,mean,2.0054930736374
01-Oct-1952,uc_2m,mean,4.27084415184885
01-Jan-1953,uc_2m,mean,5.15577847546505
01-Apr-1953,uc_2m,mean,4.97786319316894
01-Jul-1953,uc_2m,mean,3.4729681386804
01-Oct-1953,uc_2m,mean,1.01044896611027
01-Jan-1954,uc_2m,mean,-0.40420447410412
01-Apr-1954,uc_2m,mean,-1.231086504035
01-Jul-1954,uc_2m,mean,-1.04406493811914
01-Oct-1954,uc_2m,mean,-0.04109526629389
01-Jan-1955,uc_2m,mean,1.84421192426227
01-Apr-1955,uc_2m,mean,2.53263092945607
01-Jul-1955,uc_2m,mean,2.95454514091837
01-Oct-1955,uc_2m,mean,2.63981863069923
01-Jan-1956,uc_2m,mean,1.34154245471324
01-Apr-1956,uc_2m,mean,1.25904547436103
01-Jul-1956,uc_2m,mean,0.266107305996993
01-Oct-1956,uc_2m,mean,0.998740317925013
01-Jan-1957,uc_2m,mean,0.740086424241821
01-Apr-1957,uc_2m,mean,-0.374422425816245
01-Jul-1957,uc_2m,mean,-0.293162865575788
01-Oct-1957,uc_2m,mean,-2.22815618652219
01-Jan-1958,uc_2m,mean,-5.75982607018421
01-Apr-1958,uc_2m,mean,-6.01435987101509
01-Jul-1958,uc_2m,mean,-4.64345046038808
01-Oct-1958,uc_2m,mean,-3.25216481390002
01-Jan-1959,uc_2m,mean,-2.27465726223508
01-Apr-1959,uc_2m,mean,-0.970058216325115
01-Jul-1959,uc_2m,mean,-1.82605661517272
01-Oct-1959,uc_2m,mean,-2.47006296006532
01-Jan-1960,uc_2m,mean,-1.17639454645846
01-Apr-1960,uc_2m,mean,-2.64962532942132
01-Jul-1960,uc_2m,mean,-3.09869366528254
01-Oct-1960,uc_2m,mean,-5.33537092066336
01-Jan-1961,uc_2m,mean,-5.61657224600529
01-Apr-1961,uc_2m,mean,-4.89484787451905
01-Jul-1961,uc_2m,mean,-3.96100894847951
01-Oct-1961,uc_2m,mean,-2.9917388212856
01-Jan-1962,uc_2m,mean,-2.20117106709465
01-Apr-1962,uc_2m,mean,-2.28210913482099
01-Jul-1962,uc_2m,mean,-2.04547342185341
01-Oct-1962,uc_2m,mean,-2.70645762167849
01-Jan-1963,uc_2m,mean,-2.61526375353186
01-Apr-1963,uc_2m,mean,-2.49881246414163
01-Jul-1963,uc_2m,mean,-1.32651102112134
01-Oct-1963,uc_2m,mean,-1.67916165124912
01-Jan-1964,uc_2m,mean,-0.600873246780015
01-Apr-1964,uc_2m,mean,-0.527748344759252
01-Jul-1964,uc_2m,mean,0.0119789487055067
01-Oct-1964,uc_2m,mean,-0.69117398877562
01-Jan-1965,uc_2m,mean,0.688245025773416
01-Apr-1965,uc_2m,mean,0.933081142002625
01-Jul-1965,uc_2m,mean,2.12396207223175
01-Oct-1965,uc_2m,mean,3.3986012227412
01-Jan-1966,uc_2m,mean,4.80762132348488
01-Apr-1966,uc_2m,mean,4.15996781607281
01-Jul-1966,uc_2m,mean,4.02145250463895
01-Oct-1966,uc_2m,mean,3.86364562267924
01-Jan-1967,uc_2m,mean,3.77769611207781
01-Apr-1967,uc_2m,mean,2.87704108579051
01-Jul-1967,uc_2m,mean,2.86233730319132
01-Oct-1967,uc_2m,mean,2.66280811042631
01-Jan-1968,uc_2m,mean,3.73846964784937
01-Apr-1968,uc_2m,mean,4.46075444793753
01-Jul-1968,uc_2m,mean,4.30670023259003
01-Oct-1968,uc_2m,mean,3.78114008138678
01-Jan-1969,uc_2m,mean,4.42504220390893
01-Apr-1969,uc_2m,mean,3.8285040444787
01-Jul-1969,uc_2m,mean,3.59549178897272
01-Oct-1969,uc_2m,mean,2.22191612962165
01-Jan-1970,uc_2m,mean,1.19352446169567
01-Apr-1970,uc_2m,mean,0.45945833754573
01-Jul-1970,uc_2m,mean,0.50500980737813
01-Oct-1970,uc_2m,mean,-1.44279172451652
01-Jan-1971,uc_2m,mean,0.369527621637554
01-Apr-1971,uc_2m,mean,0.0445193381284815
01-Jul-1971,uc_2m,mean,0.00199229914442536
01-Oct-1971,uc_2m,mean,-0.623489496911286
01-Jan-1972,uc_2m,mean,0.339603361771279
01-Apr-1972,uc_2m,mean,1.73126058311752
01-Jul-1972,uc_2m,mean,1.82406561197815
01-Oct-1972,uc_2m,mean,2.64445892044078
01-Jan-1973,uc_2m,mean,4.25835477034553
01-Apr-1973,uc_2m,mean,4.52015120804095
01-Jul-1973,uc_2m,mean,3.18004051025912
01-Oct-1973,uc_2m,mean,3.32002681932698
01-Jan-1974,uc_2m,mean,1.65832539646913
01-Apr-1974,uc_2m,mean,1.10281063584214
01-Jul-1974,uc_2m,mean,-0.637047446285101
01-Oct-1974,uc_2m,mean,-1.8157718069803
01-Jan-1975,uc_2m,mean,-3.83289084625197
01-Apr-1975,uc_2m,mean,-3.91617434345202
01-Jul-1975,uc_2m,mean,-3.01625180699032
01-Oct-1975,uc_2m,mean,-2.47689521652682
01-Jan-1976,uc_2m,mean,-1.05079744112442
01-Apr-1976,uc_2m,mean,-1.11794922410274
01-Jul-1976,uc_2m,mean,-1.37014971069309
01-Oct-1976,uc_2m,mean,-1.44860787131955
01-Jan-1977,uc_2m,mean,-1.06749190007912
01-Apr-1977,uc_2m,mean,0.0592697996505022
01-Jul-1977,uc_2m,mean,1.05303385892769
01-Oct-1977,uc_2m,mean,0.263965140168566
01-Jan-1978,uc_2m,mean,-0.206444611036307
01-Apr-1978,uc_2m,mean,2.8013158085424
01-Jul-1978,uc_2m,mean,3.02462568297633
01-Oct-1978,uc_2m,mean,3.59013807713458
01-Jan-1979,uc_2m,mean,3.00717494594893
01-Apr-1979,uc_2m,mean,2.35752489778963
01-Jul-1979,uc_2m,mean,2.34765331660704
01-Oct-1979,uc_2m,mean,1.8529861149298
01-Jan-1980,uc_2m,mean,1.42776066658707
01-Apr-1980,uc_2m,mean,-1.39235811339958
01-Jul-1980,uc_2m,mean,-2.2503430217857
01-Oct-1980,uc_2m,mean,-1.14106477391408
01-Jan-1981,uc_2m,mean,0.0635642605174119
01-Apr-1981,uc_2m,mean,-1.41569022138214
01-Jul-1981,uc_2m,mean,-0.959897886827705
01-Oct-1981,uc_2m,mean,-2.79152454835544
01-Jan-1982,uc_2m,mean,-5.09867323111438
01-Apr-1982,uc_2m,mean,-5.39116462742916
01-Jul-1982,uc_2m,mean,-6.52985719880489
01-Oct-1982,uc_2m,mean,-7.25546049218122
01-Jan-1983,uc_2m,mean,-6.72141207838428
01-Apr-1983,uc_2m,mean,-5.25442268143135
01-Jul-1983,uc_2m,mean,-4.06422816020169
01-Oct-1983,uc_2m,mean,-2.79308020737394
01-Jan-1984,uc_2m,mean,-1.65332451578407
01-Apr-1984,uc_2m,mean,-0.737594678924572
01-Jul-1984,uc_2m,mean,-0.576166235129026
01-Oct-1984,uc_2m,mean,-0.557403359893004
01-Jan-1985,uc_2m,mean,-0.392270740168472
01-Apr-1985,uc_2m,mean,-0.315254974903434
01-Jul-1985,uc_2m,mean,0.401563803922492
01-Oct-1985,uc_2m,mean,0.344268496828676
01-Jan-1986,uc_2m,mean,0.477109127648831
01-Apr-1986,uc_2m,mean,0.13079014243896
01-Jul-1986,uc_2m,mean,0.287998278634079
01-Oct-1986,uc_2m,mean,0.0288929880240793
01-Jan-1987,uc_2m,mean,-0.0254461532134029
01-Apr-1987,uc_2m,mean,0.255128921973968
01-Jul-1987,uc_2m,mean,0.328257706609973
01-Oct-1987,uc_2m,mean,1.24282241781389
01-Jan-1988,uc_2m,mean,0.97305068226554
01-Apr-1988,uc_2m,mean,1.49637870737971
01-Jul-1988,uc_2m,mean,1.30173365004147
01-Oct-1988,uc_2m,mean,1.85085368581499
01-Jan-1989,uc_2m,mean,2.09213788580924
01-Apr-1989,uc_2m,mean,2.08689950899972
01-Jul-1989,uc_2m,mean,2.06438329075403
01-Oct-1989,uc_2m,mean,1.50469505203284
01-Jan-1990,uc_2m,mean,1.83954223867867
01-Apr-1990,uc_2m,mean,1.45417981250492
01-Jul-1990,uc_2m,mean,0.775972998519254
01-Oct-1990,uc_2m,mean,-0.882589202116113
01-Jan-1991,uc_2m,mean,-2.09674795943126
01-Apr-1991,uc_2m,mean,-2.06671623753197
01-Jul-1991,uc_2m,mean,-2.31090817119275
01-Oct-1991,uc_2m,mean,-2.71393461052341
01-Jan-1992,uc_2m,mean,-2.27695007593318
01-Apr-1992,uc_2m,mean,-1.95328323253463
01-Jul-1992,uc_2m,mean,-1.72601299058319
01-Oct-1992,uc_2m,mean,-1.44599741629322
01-Jan-1993,uc_2m,mean,-2.03859460596921
01-Apr-1993,uc_2m,mean,-2.21996845476668
01-Jul-1993,uc_2m,mean,-2.5083195804732
01-Oct-1993,uc_2m,mean,-1.9238024658734
01-Jan-1994,uc_2m,mean,-1.72594191520595
01-Apr-1994,uc_2m,mean,-1.14879046809854
01-Jul-1994,uc_2m,mean,-1.33598002808559
01-Oct-1994,uc_2m,mean,-0.967505890160639
01-Jan-1995,uc_2m,mean,-1.38515120159594
01-Apr-1995,uc_2m,mean,-1.86122950111117
01-Jul-1995,uc_2m,mean,-1.78997943246517
01-Oct-1995,uc_2m,mean,-1.8911701363573
01-Jan-1996,uc_2m,mean,-1.92546688690215
01-Apr-1996,uc_2m,mean,-1.05309725912442
01-Jul-1996,uc_2m,mean,-0.94280221266975
01-Oct-1996,uc_2m,mean,-0.692965492364337
01-Jan-1997,uc_2m,mean,-0.833984469628743
01-Apr-1997,uc_2m,mean,0.03379978194975
01-Jul-1997,uc_2m,mean,0.492210110052755
01-Oct-1997,uc_2m,mean,0.561650733869154
01-Jan-1998,uc_2m,mean,0.781426107567445
01-Apr-1998,uc_2m,mean,0.926107620966119
01-Jul-1998,uc_2m,mean,1.40322725013424
01-Oct-1998,uc_2m,mean,2.22997534587097
01-Jan-1999,uc_2m,mean,2.40066837130591
01-Apr-1999,uc_2m,mean,2.47261504256916
01-Jul-1999,uc_2m,mean,3.03612167941285
01-Oct-1999,uc_2m,mean,3.91713506534795
01-Jan-2000,uc_2m,mean,3.54029579456479
01-Apr-2000,uc_2m,mean,4.61523487346872
01-Jul-2000,uc_2m,mean,3.9960221505812
01-Oct-2000,uc_2m,mean,3.87833085097739
01-Jan-2001,uc_2m,mean,2.84448111232235
01-Apr-2001,uc_2m,mean,2.7687474276477
01-Jul-2001,uc_2m,mean,1.67459314873456
01-Oct-2001,uc_2m,mean,1.26084812569507
01-Jan-2002,uc_2m,mean,1.41073420906958
01-Apr-2002,uc_2m,mean,1.34356227037528
01-Jul-2002,uc_2m,mean,1.0755973975536
01-Oct-2002,uc_2m,mean,0.52942992436583
01-Jan-2003,uc_2m,mean,0.388507167389259
01-Apr-2003,uc_2m,mean,0.607683616441224
01-Jul-2003,uc_2m,mean,1.59980622625307
01-Oct-2003,uc_2m,mean,2.10243020728563
01-Jan-2004,uc_2m,mean,2.02206718758378
01-Apr-2004,uc_2m,mean,2.15458449217924
01-Jul-2004,uc_2m,mean,2.46632158714511
01-Oct-2004,uc_2m,mean,2.85628390752326
01-Jan-2005,uc_2m,mean,3.34277367084915
01-Apr-2005,uc_2m,mean,3.22554426791031
01-Jul-2005,uc_2m,mean,3.40641677280953
01-Oct-2005,uc_2m,mean,3.36911458196272
01-Jan-2006,uc_2m,mean,4.12364264051662
01-Apr-2006,uc_2m,mean,3.80972782844912
01-Jul-2006,uc_2m,mean,3.3961086396713
01-Oct-2006,uc_2m,mean,3.69779330156202
01-Jan-2007,uc_2m,mean,3.45370745135945
01-Apr-2007,uc_2m,mean,3.52881400888497
01-Jul-2007,uc_2m,mean,3.57824854664772
01-Oct-2007,uc_2m,mean,3.68977930855326
01-Jan-2008,uc_2m,mean,2.75615161066107
01-Apr-2008,uc_2m,mean,2.85287100495671
01-Jul-2008,uc_2m,mean,1.83687743835076
01-Oct-2008,uc_2m,mean,-0.862101811655258
01-Jan-2009,uc_2m,mean,-2.4885551081122
01-Apr-2009,uc_2m,mean,-3.1530651749853
01-Jul-2009,uc_2m,mean,-3.28958942634408
01-Oct-2009,uc_2m,mean,-2.70250933732333
01-Jan-2010,uc_2m,mean,-2.70817638387106
01-Apr-2010,uc_2m,mean,-2.2349560112397
01-Jul-2010,uc_2m,mean,-1.95675503884377
01-Oct-2010,uc_2m,mean,-1.92343411248974
01-Jan-2011,uc_2m,mean,-2.65248188123954
01-Apr-2011,uc_2m,mean,-2.47125408278508
01-Jul-2011,uc_2m,mean,-2.98885363595053
01-Oct-2011,uc_2m,mean,-2.36919498740171
01-Jan-2012,uc_2m,mean,-2.03249796157198
01-Apr-2012,uc_2m,mean,-2.08698960630724
01-Jul-2012,uc_2m,mean,-2.44509248224944
01-Oct-2012,uc_2m,mean,-2.83449851673481
01-Jan-2013,uc_2m,mean,-2.35998028261785
01-Apr-2013,uc_2m,mean,-2.60272087702293
01-Jul-2013,uc_2m,mean,-2.26744139242115
01-Oct-2013,uc_2m,mean,-1.91412537885664
01-Jan-2014,uc_2m,mean,-2.77771120229788
01-Apr-2014,uc_2m,mean,-2.01443362272118
01-Jul-2014,uc_2m,mean,-1.32791492097852
01-Oct-2014,uc_2m,mean,-1.34642577325764
01-Jan-2015,uc_2m,mean,-0.974182163094387
01-Apr-2015,uc_2m,mean,-0.8814776696985
01-Jul-2015,uc_2m,mean,-1.00794738800922
01-Oct-2015,uc_2m,mean,-1.3510490420794
01-Jan-2016,uc_2m,mean,-1.30223938509398
01-Apr-2016,uc_2m,mean,-1.51238790606748
01-Jul-2016,uc_2m,mean,-1.33803968741545
01-Oct-2016,uc_2m,mean,-1.31978052518452
01-Jan-2017,uc_2m,mean,-1.37014664037761
01-Apr-2017,uc_2m,mean,-1.34968580453582
01-Jul-2017,uc_2m,mean,-1.10367134931712
01-Oct-2017,uc_2m,mean,-0.523128471121335
01-Jan-2018,uc_2m,mean,-0.253599474269171
01-Apr-2018,uc_2m,mean,-0.26502226602466
01-Jul-2018,uc_2m,mean,-0.184025298130273
01-Oct-2018,uc_2m,mean,-0.584059894997785
01-Jan-2019,uc_2m,mean,-0.503788607752542
01-Apr-2019,uc_2m,mean,-0.214491077623501
01-Jul-2019,uc_2m,mean,0.406773301775471
01-Oct-2019,uc_2m,mean,0.545447628789424
01-Jan-2020,uc_2m,mean,-1.32188601568997
01-Apr-2020,uc_2m,mean,-10.0825003152782
01-Jul-2020,uc_2m,mean,-3.17031804656527
01-Oct-2020,uc_2m,mean,-2.61093072953847
01-Jan-2021,uc_2m,mean,-1.79634203298692
01-Apr-2021,uc_2m,mean,-0.682107814196749
01-Jul-2021,uc_2m,mean,-0.435290961288506
01-Oct-2021,uc_2m,mean,0.691458486715817
01-Jan-2022,uc_2m,mean,-0.138582955958742
01-Apr-2022,uc_2m,mean,-0.558692098617798
01-Jul-2022,uc_2m,mean,-0.417401053545855
01-Oct-2022,uc_2m,mean,-0.308924054595913
01-Jan-2023,uc_2m,mean,-0.168205207100655
01-Apr-2023,uc_2m,mean,-0.123771810977254
01-Jul-2023,uc_2m,mean,0.44186757696991
01-Oct-2023,uc_2m,mean,0.70146969890846
01-Jan-2024,uc_2m,mean,0.330331069437136
01-Apr-2024,uc_2m,mean,0.631532438409591
01-Jul-2024,uc_2m,mean,0.873174530389489
01-Oct-2024,uc_2m,mean,0.752869828382589
01-Jan-2025,uc_2m,mean,0.0110033940592108
01-Apr-2025,uc_2m,mean,0.373156722904767
01-Jul-2025,uc_2m,mean,0.865207239719478
01-Oct-2025,uc_2m,mean,0.407152796305852
01-Jan-2026,uc_2m,mean,0.345880921640666
01-Apr-2026,uc_2m,mean,0.135795198403153
01-Jan-1947,uc_2m,p05,-1.51519191159383
01-Apr-1947,uc_2m,p05,-2.71984033497154
01-Jul-1947,uc_2m,p05,-3.87916799200161
01-Oct-1947,uc_2m,p05,-3.31299093360298
01-Jan-1948,uc_2m,p05,-2.83276823512892
01-Apr-1948,uc_2m,p05,-2.21533427656982
01-Jul-1948,uc_2m,p05,-2.66646913199435
01-Oct-1948,uc_2m,p05,-3.5830387354556
01-Jan-1949,uc_2m,p05,-5.99078441599005
01-Apr-1949,uc_2m,p05,-7.35187068041864
01-Jul-1949,uc_2m,p05,-7.36388258959875
01-Oct-1949,uc_2m,p05,-9.23777709789613
01-Jan-1950,uc_2m,p05,-6.43744896645671
01-Apr-1950,uc_2m,p05,-4.49546243333032
01-Jul-1950,uc_2m,p05,-1.78427145872018
01-Oct-1950,uc_2m,p05,-0.978047299844491
01-Jan-1951,uc_2m,p05,-0.702338607671606
01-Apr-1951,uc_2m,p05,-0.0574413977265067
01-Jul-1951,uc_2m,p05,0.910481888453091
01-Oct-1951,uc_2m,p05,0.0613378958187241
01-Jan-1952,uc_2m,p05,0.0599291323144371
01-Apr-1952,uc_2m,p05,-0.782485058697091
01-Jul-1952,uc_2m,p05,-1.10245318716579
01-Oct-1952,uc_2m,p05,1.05911622252552
01-Jan-1953,uc_2m,p05,1.83504687832732
01-Apr-1953,uc_2m,p05,1.54053234738154
01-Jul-1953,uc_2m,p05,-0.0676764885718626
01-Oct-1953,uc_2m,p05,-2.5970570026592
01-Jan-1954,uc_2m,p05,-4.04590756780408
01-Apr-1954,uc_2m,p05,-4.90098557103966
01-Jul-1954,uc_2m,p05,-4.73308920237548
01-Oct-1954,uc_2m,p05,-3.78785473183842
01-Jan-1955,uc_2m,p05,-1.9656480209124
01-Apr-1955,uc_2m,p05,-1.36173767830411
01-Jul-1955,uc_2m,p05,-1.03067451618955
01-Oct-1955,uc_2m,p05,-1.43294326922222
01-Jan-1956,uc_2m,p05,-2.80910268862777
01-Apr-1956,uc_2m,p05,-2.96717599217487
01-Jul-1956,uc_2m,p05,-4.03011978259343
01-Oct-1956,uc_2m,p05,-3.37098230218066
01-Jan-1957,uc_2m,p05,-3.69633313608978
01-Apr-1957,uc_2m,p05,-4.85561230576678
01-Jul-1957,uc_2m,p05,-4.82500534654645
01-Oct-1957,uc_2m,p05,-6.77825050618753
01-Jan-1958,uc_2m,p05,-10.2529078181643
01-Apr-1958,uc_2m,p05,-10.4538552295234
01-Jul-1958,uc_2m,p05,-9.06004996128979
01-Oct-1958,uc_2m,p05,-7.65186134048542
01-Jan-1959,uc_2m,p05,-6.69205824789435
01-Apr-1959,uc_2m,p05,-5.38839002148427
01-Jul-1959,uc_2m,p05,-6.26673826241671
01-Oct-1959,uc_2m,p05,-6.8967415230826
01-Jan-1960,uc_2m,p05,-5.59845707038158
01-Apr-1960,uc_2m,p05,-7.05399801245215
01-Jul-1960,uc_2m,p05,-7.48430775722903
01-Oct-1960,uc_2m,p05,-9.65596999083112
01-Jan-1961,uc_2m,p05,-9.8795608705903
01-Apr-1961,uc_2m,p05,-9.11540603884549
01-Jul-1961,uc_2m,p05,-8.14797516038931
01-Oct-1961,uc_2m,p05,-7.13402549510943
01-Jan-1962,uc_2m,p05,-6.28689767921668
01-Apr-1962,uc_2m,p05,-6.33346425013514
01-Jul-1962,uc_2m,p05,-6.065791417198
01-Oct-1962,uc_2m,p05,-6.68701908455296
01-Jan-1963,uc_2m,p05,-6.54703416510836
01-Apr-1963,uc_2m,p05,-6.38086620942363
01-Jul-1963,uc_2m,p05,-5.17096610517808
01-Oct-1963,uc_2m,p05,-5.50529542113037
01-Jan-1964,uc_2m,p05,-4.38841236894518
01-Apr-1964,uc_2m,p05,-4.27668173830398
01-Jul-1964,uc_2m,p05,-3.72615427285149
01-Oct-1964,uc_2m,p05,-4.39297118514384
01-Jan-1965,uc_2m,p05,-2.99885980474807
01-Apr-1965,uc_2m,p05,-2.74843021836296
01-Jul-1965,uc_2m,p05,-1.5494081360448
01-Oct-1965,uc_2m,p05,-0.2737435042377
01-Jan-1966,uc_2m,p05,1.13172787815029
01-Apr-1966,uc_2m,p05,0.460711779257338
01-Jul-1966,uc_2m,p05,0.304619102525805
01-Oct-1966,uc_2m,p05,0.132137515427758
01-Jan-1967,uc_2m,p05,0.0271488425509574
01-Apr-1967,uc_2m,p05,-0.892968737632316
01-Jul-1967,uc_2m,p05,-0.929248196817809
01-Oct-1967,uc_2m,p05,-1.14829957931556
01-Jan-1968,uc_2m,p05,-0.0954714031596495
01-Apr-1968,uc_2m,p05,0.576313709255658
01-Jul-1968,uc_2m,p05,0.380599221707996
01-Oct-1968,uc_2m,p05,-0.177643451431436
01-Jan-1969,uc_2m,p05,0.408191828840813
01-Apr-1969,uc_2m,p05,-0.231218720976358
01-Jul-1969,uc_2m,p05,-0.514855259292915
01-Oct-1969,uc_2m,p05,-1.9131750171735
01-Jan-1970,uc_2m,p05,-2.96902101950388
01-Apr-1970,uc_2m,p05,-3.71348165248537
01-Jul-1970,uc_2m,p05,-3.67162779085675
01-Oct-1970,uc_2m,p05,-5.58857170827821
01-Jan-1971,uc_2m,p05,-3.77659230879385
01-Apr-1971,uc_2m,p05,-4.10706068565577
01-Jul-1971,uc_2m,p05,-4.14263108412922
01-Oct-1971,uc_2m,p05,-4.76059527496648
01-Jan-1972,uc_2m,p05,-3.79729809017715
01-Apr-1972,uc_2m,p05,-2.43098914323872
01-Jul-1972,uc_2m,p05,-2.36355752030579
01-Oct-1972,uc_2m,p05,-1.58543783508571
01-Jan-1973,uc_2m,p05,-0.0401469152853338
01-Apr-1973,uc_2m,p05,0.131856795102237
01-Jul-1973,uc_2m,p05,-1.27393910624039
01-Oct-1973,uc_2m,p05,-1.21446001543774
01-Jan-1974,uc_2m,p05,-2.92739222495555
01-Apr-1974,uc_2m,p05,-3.51421602361222
01-Jul-1974,uc_2m,p05,-5.26035338853029
01-Oct-1974,uc_2m,p05,-6.40357063419441
01-Jan-1975,uc_2m,p05,-8.37118472448736
01-Apr-1975,uc_2m,p05,-8.40884496889458
01-Jul-1975,uc_2m,p05,-7.4742352857948
01-Oct-1975,uc_2m,p05,-6.90568872579877
01-Jan-1976,uc_2m,p05,-5.47723883887346
01-Apr-1976,uc_2m,p05,-5.54369476484561
01-Jul-1976,uc_2m,p05,-5.78822803595278
01-Oct-1976,uc_2m,p05,-5.86584533765574
01-Jan-1977,uc_2m,p05,-5.47345494546437
01-Apr-1977,uc_2m,p05,-4.35575608615648
01-Jul-1977,uc_2m,p05,-3.39095334352857
01-Oct-1977,uc_2m,p05,-4.19883909289325
01-Jan-1978,uc_2m,p05,-4.67538164156434
01-Apr-1978,uc_2m,p05,-1.72275643384421
01-Jul-1978,uc_2m,p05,-1.573474661906
01-Oct-1978,uc_2m,p05,-1.10223798573992
01-Jan-1979,uc_2m,p05,-1.76690841679158
01-Apr-1979,uc_2m,p05,-2.49314928074324
01-Jul-1979,uc_2m,p05,-2.54339914492101
01-Oct-1979,uc_2m,p05,-3.10427387179044
01-Jan-1980,uc_2m,p05,-3.58335797081133
01-Apr-1980,uc_2m,p05,-6.41239325943894
01-Jul-1980,uc_2m,p05,-7.27184661577843
01-Oct-1980,uc_2m,p05,-6.18745814803805
01-Jan-1981,uc_2m,p05,-5.03492394496976
01-Apr-1981,uc_2m,p05,-6.54940653639443
01-Jul-1981,uc_2m,p05,-6.12276531650031
01-Oct-1981,uc_2m,p05,-7.94758112762105
01-Jan-1982,uc_2m,p05,-10.2147967329565
01-Apr-1982,uc_2m,p05,-10.4661043795491
01-Jul-1982,uc_2m,p05,-11.5590280015566
01-Oct-1982,uc_2m,p05,-12.2013579660943
01-Jan-1983,uc_2m,p05,-11.6114100703974
01-Apr-1983,uc_2m,p05,-10.0777390306879
01-Jul-1983,uc_2m,p05,-8.84971728005911
01-Oct-1983,uc_2m,p05,-7.54478602771383
01-Jan-1984,uc_2m,p05,-6.3819754161882
01-Apr-1984,uc_2m,p05,-5.42944088483404
01-Jul-1984,uc_2m,p05,-5.24645211412275
01-Oct-1984,uc_2m,p05,-5.20035524904301
01-Jan-1985,uc_2m,p05,-5.01865669510619
01-Apr-1985,uc_2m,p05,-4.91243575588959
01-Jul-1985,uc_2m,p05,-4.18550411667439
01-Oct-1985,uc_2m,p05,-4.23496021349968
01-Jan-1986,uc_2m,p05,-4.08344481506896
01-Apr-1986,uc_2m,p05,-4.40484320291358
01-Jul-1986,uc_2m,p05,-4.21493178470445
01-Oct-1986,uc_2m,p05,-4.4512005356479
01-Jan-1987,uc_2m,p05,-4.48526256857929
01-Apr-1987,uc_2m,p05,-4.18355579438588
01-Jul-1987,uc_2m,p05,-4.09134505469348
01-Oct-1987,uc_2m,p05,-3.17664284081434
01-Jan-1988,uc_2m,p05,-3.42939760796475
01-Apr-1988,uc_2m,p05,-2.89919199240876
01-Jul-1988,uc_2m,p05,-3.08237758324145
01-Oct-1988,uc_2m,p05,-2.53862552191958
01-Jan-1989,uc_2m,p05,-2.30378150687505
01-Apr-1989,uc_2m,p05,-2.33339871343748
01-Jul-1989,uc_2m,p05,-2.37644597679349
01-Oct-1989,uc_2m,p05,-2.95939058384909
01-Jan-1990,uc_2m,p05,-2.64492675896025
01-Apr-1990,uc_2m,p05,-3.04528635446258
01-Jul-1990,uc_2m,p05,-3.72826581080346
01-Oct-1990,uc_2m,p05,-5.37241450173889
01-Jan-1991,uc_2m,p05,-6.54396846153725
01-Apr-1991,uc_2m,p05,-6.49318706058409
01-Jul-1991,uc_2m,p05,-6.70857037751654
01-Oct-1991,uc_2m,p05,-7.08924009860095
01-Jan-1992,uc_2m,p05,-6.62470050889402
01-Apr-1992,uc_2m,p05,-6.28090120859343
01-Jul-1992,uc_2m,p05,-6.04063667526475
01-Oct-1992,uc_2m,p05,-5.73462389641304
01-Jan-1993,uc_2m,p05,-6.30024014193401
01-Apr-1993,uc_2m,p05,-6.44682273975519
01-Jul-1993,uc_2m,p05,-6.69163629847026
01-Oct-1993,uc_2m,p05,-6.07348847526777
01-Jan-1994,uc_2m,p05,-5.82703446299956
01-Apr-1994,uc_2m,p05,-5.23679770028042
01-Jul-1994,uc_2m,p05,-5.39236434917012
01-Oct-1994,uc_2m,p05,-4.99896786524926
01-Jan-1995,uc_2m,p05,-5.39049940902464
01-Apr-1995,uc_2m,p05,-5.84584761890375
01-Jul-1995,uc_2m,p05,-5.75287107604186
01-Oct-1995,uc_2m,p05,-5.81681537253843
01-Jan-1996,uc_2m,p05,-5.82082328847167
01-Apr-1996,uc_2m,p05,-4.91801648853715
01-Jul-1996,uc_2m,p05,-4.77617564439311
01-Oct-1996,uc_2m,p05,-4.49750507902388
01-Jan-1997,uc_2m,p05,-4.6102175438927
01-Apr-1997,uc_2m,p05,-3.72499511444164
01-Jul-1997,uc_2m,p05,-3.26865625486181
01-Oct-1997,uc_2m,p05,-3.19893239674121
01-Jan-1998,uc_2m,p05,-2.98931132844706
01-Apr-1998,uc_2m,p05,-2.83845709327733
01-Jul-1998,uc_2m,p05,-2.36618584301488
01-Oct-1998,uc_2m,p05,-1.53168713338857
01-Jan-1999,uc_2m,p05,-1.3846930244398
01-Apr-1999,uc_2m,p05,-1.32931343761379
01-Jul-1999,uc_2m,p05,-0.791252941913456
01-Oct-1999,uc_2m,p05,0.044849009783718
01-Jan-2000,uc_2m,p05,-0.365201645347099
01-Apr-2000,uc_2m,p05,0.650423833770276
01-Jul-2000,uc_2m,p05,-0.00441123257314757
01-Oct-2000,uc_2m,p05,-0.172398961350439
01-Jan-2001,uc_2m,p05,-1.24443795169486
01-Apr-2001,uc_2m,p05,-1.36937085375621
01-Jul-2001,uc_2m,p05,-2.48447285803712
01-Oct-2001,uc_2m,p05,-2.90371648475696
01-Jan-2002,uc_2m,p05,-2.76681526669836
01-Apr-2002,uc_2m,p05,-2.84731953977246
01-Jul-2002,uc_2m,p05,-3.1327516165918
01-Oct-2002,uc_2m,p05,-3.67658084074412
01-Jan-2003,uc_2m,p05,-3.83035553505459
01-Apr-2003,uc_2m,p05,-3.59916022870539
01-Jul-2003,uc_2m,p05,-2.63250926430624
01-Oct-2003,uc_2m,p05,-2.16137730011656
01-Jan-2004,uc_2m,p05,-2.27028641265508
01-Apr-2004,uc_2m,p05,-2.15483582447786
01-Jul-2004,uc_2m,p05,-1.87684442461693
01-Oct-2004,uc_2m,p05,-1.52384339982683
01-Jan-2005,uc_2m,p05,-1.08933028005259
01-Apr-2005,uc_2m,p05,-1.25116412554792
01-Jul-2005,uc_2m,p05,-1.12854337183779
01-Oct-2005,uc_2m,p05,-1.22257005708582
01-Jan-2006,uc_2m,p05,-0.543897309988836
01-Apr-2006,uc_2m,p05,-0.93051305318545
01-Jul-2006,uc_2m,p05,-1.41985767365378
01-Oct-2006,uc_2m,p05,-1.23223860636438
01-Jan-2007,uc_2m,p05,-1.55869972298837
01-Apr-2007,uc_2m,p05,-1.57024015026371
01-Jul-2007,uc_2m,p05,-1.61177660510612
01-Oct-2007,uc_2m,p05,-1.60419061638828
01-Jan-2008,uc_2m,p05,-2.63567683727848
01-Apr-2008,uc_2m,p05,-2.64058059442198
01-Jul-2008,uc_2m,p05,-3.71015189645783
01-Oct-2008,uc_2m,p05,-6.40704811742643
01-Jan-2009,uc_2m,p05,-8.0166379055504
01-Apr-2009,uc_2m,p05,-8.65150548807526
01-Jul-2009,uc_2m,p05,-8.75514234689371
01-Oct-2009,uc_2m,p05,-8.16891889347869
01-Jan-2010,uc_2m,p05,-8.14801772453166
01-Apr-2010,uc_2m,p05,-7.6756315129511
01-Jul-2010,uc_2m,p05,-7.40800079278984
01-Oct-2010,uc_2m,p05,-7.38162904834434
01-Jan-2011,uc_2m,p05,-8.09384146044005
01-Apr-2011,uc_2m,p05,-7.90311250620715
01-Jul-2011,uc_2m,p05,-8.40191264205026
01-Oct-2011,uc_2m,p05,-7.78391230274786
01-Jan-2012,uc_2m,p05,-7.44692025355516
01-Apr-2012,uc_2m,p05,-7.49911033126534
01-Jul-2012,uc_2m,p05,-7.83319740762403
01-Oct-2012,uc_2m,p05,-8.19091170440578
01-Jan-2013,uc_2m,p05,-7.69831321817452
01-Apr-2013,uc_2m,p05,-7.9251328681446
01-Jul-2013,uc_2m,p05,-7.57429816492765
01-Oct-2013,uc_2m,p05,-7.21543014673358
01-Jan-2014,uc_2m,p05,-8.04076499220037
01-Apr-2014,uc_2m,p05,-7.25049150758048
01-Jul-2014,uc_2m,p05,-6.55548070593369
01-Oct-2014,uc_2m,p05,-6.55107274044633
01-Jan-2015,uc_2m,p05,-6.16451030106725
01-Apr-2015,uc_2m,p05,-6.05733410462
01-Jul-2015,uc_2m,p05,-6.16544742525332
01-Oct-2015,uc_2m,p05,-6.48860631348361
01-Jan-2016,uc_2m,p05,-6.41365715450792
01-Apr-2016,uc_2m,p05,-6.6016491040848
01-Jul-2016,uc_2m,p05,-6.4012199459163
01-Oct-2016,uc_2m,p05,-6.38389063165312
01-Jan-2017,uc_2m,p05,-6.4194155463004
01-Apr-2017,uc_2m,p05,-6.37602561000341
01-Jul-2017,uc_2m,p05,-6.10350305973577
01-Oct-2017,uc_2m,p05,-5.5163002395779
01-Jan-2018,uc_2m,p05,-5.23147422364752
01-Apr-2018,uc_2m,p05,-5.22985909012147
01-Jul-2018,uc_2m,p05,-5.15261794816087
01-Oct-2018,uc_2m,p05,-5.53798076307442
01-Jan-2019,uc_2m,p05,-5.43392832146168
01-Apr-2019,uc_2m,p05,-5.13245965052869
01-Jul-2019,uc_2m,p05,-4.50078215202529
01-Oct-2019,uc_2m,p05,-4.34857746715232
01-Jan-2020,uc_2m,p05,-6.1964859213237
01-Apr-2020,uc_2m,p05,-14.8614198797412
01-Jul-2020,uc_2m,p05,-7.92691154162213
01-Oct-2020,uc_2m,p05,-7.34180480450317
01-Jan-2021,uc_2m,p05,-6.51573435742506
01-Apr-2021,uc_2m,p05,-5.38238982841904
01-Jul-2021,uc_2m,p05,-5.13433619505622
01-Oct-2021,uc_2m,p05,-3.99831276242992
01-Jan-2022,uc_2m,p05,-4.83712144789155
01-Apr-2022,uc_2m,p05,-5.26481392093893
01-Jul-2022,uc_2m,p05,-5.124468416757
01-Oct-2022,uc_2m,p05,-5.01383626955538
01-Jan-2023,uc_2m,p05,-4.89120737908331
01-Apr-2023,uc_2m,p05,-4.84577025449482
01-Jul-2023,uc_2m,p05,-4.28962777787262
01-Oct-2023,uc_2m,p05,-4.08458815618366
01-Jan-2024,uc_2m,p05,-4.48139040226562
01-Apr-2024,uc_2m,p05,-4.2046905771453
01-Jul-2024,uc_2m,p05,-4.00397138327168
01-Oct-2024,uc_2m,p05,-4.16292952123678
01-Jan-2025,uc_2m,p05,-4.95514809286146
01-Apr-2025,uc_2m,p05,-4.66880391708099
01-Jul-2025,uc_2m,p05,-4.29166226485529
01-Oct-2025,uc_2m,p05,-4.86601768734835
01-Jan-2026,uc_2m,p05,-5.05221259738585
01-Apr-2026,uc_2m,p05,-5.38077393637604
01-Jan-1947,uc_2m,p16,-0.785341089891745
01-Apr-1947,uc_2m,p16,-1.98913807748107
01-Jul-1947,uc_2m,p16,-3.15566751950576
01-Oct-1947,uc_2m,p16,-2.58125067258879
01-Jan-1948,uc_2m,p16,-2.07031509723521
01-Apr-1948,uc_2m,p16,-1.41537313018762
01-Jul-1948,uc_2m,p16,-1.83146386268368
01-Oct-1948,uc_2m,p16,-2.70743762990787
01-Jan-1949,uc_2m,p16,-5.08083020455217
01-Apr-1949,uc_2m,p16,-6.42601837935871
01-Jul-1949,uc_2m,p16,-6.41098539356915
01-Oct-1949,uc_2m,p16,-8.28318547033541
01-Jan-1950,uc_2m,p16,-5.46865046403639
01-Apr-1950,uc_2m,p16,-3.50614295341859
01-Jul-1950,uc_2m,p16,-0.75251130612952
01-Oct-1950,uc_2m,p16,0.111900907285076
01-Jan-1951,uc_2m,p16,0.436862984307254
01-Apr-1951,uc_2m,p16,1.133623453837
01-Jul-1951,uc_2m,p16,2.16996606540118
01-Oct-1951,uc_2m,p16,1.38170242674715
01-Jan-1952,uc_2m,p16,1.44151033585996
01-Apr-1952,uc_2m,p16,0.65054106087689
01-Jul-1952,uc_2m,p16,0.365278273182412
01-Oct-1952,uc_2m,p16,2.613004417095
01-Jan-1953,uc_2m,p16,3.48090376788952
01-Apr-1953,uc_2m,p16,3.27928573253871
01-Jul-1953,uc_2m,p16,1.73982755425476
01-Oct-1953,uc_2m,p16,-0.749084268315016
01-Jan-1954,uc_2m,p16,-2.18032974519252
01-Apr-1954,uc_2m,p16,-3.01479181544846
01-Jul-1954,uc_2m,p16,-2.83553666501246
01-Oct-1954,uc_2m,p16,-1.84658014069828
01-Jan-1955,uc_2m,p16,0.0139378850329308
01-Apr-1955,uc_2m,p16,0.664742408816323
01-Jul-1955,uc_2m,p16,1.04036508955801
01-Oct-1955,uc_2m,p16,0.679232485610385
01-Jan-1956,uc_2m,p16,-0.652340974433116
01-Apr-1956,uc_2m,p16,-0.777183646332219
01-Jul-1956,uc_2m,p16,-1.80760543513969
01-Oct-1956,uc_2m,p16,-1.11926490282474
01-Jan-1957,uc_2m,p16,-1.42548831886842
01-Apr-1957,uc_2m,p16,-2.57128535299051
01-Jul-1957,uc_2m,p16,-2.51692405560993
01-Oct-1957,uc_2m,p16,-4.45812013644303
01-Jan-1958,uc_2m,p16,-7.96705242920234
01-Apr-1958,uc_2m,p16,-8.20160480030694
01-Jul-1958,uc_2m,p16,-6.82508095283538
01-Oct-1958,uc_2m,p16,-5.42825559796728
01-Jan-1959,uc_2m,p16,-4.45518721796236
01-Apr-1959,uc_2m,p16,-3.15730801932585
01-Jul-1959,uc_2m,p16,-4.01700438562483
01-Oct-1959,uc_2m,p16,-4.66451857431451
01-Jan-1960,uc_2m,p16,-3.38265271508851
01-Apr-1960,uc_2m,p16,-4.84745455196207
01-Jul-1960,uc_2m,p16,-5.28445088065911
01-Oct-1960,uc_2m,p16,-7.48804801263122
01-Jan-1961,uc_2m,p16,-7.73957118402649
01-Apr-1961,uc_2m,p16,-6.98400125877686
01-Jul-1961,uc_2m,p16,-6.02972119299477
01-Oct-1961,uc_2m,p16,-5.04189575752912
01-Jan-1962,uc_2m,p16,-4.23813085062653
01-Apr-1962,uc_2m,p16,-4.30218522431966
01-Jul-1962,uc_2m,p16,-4.05354072349917
01-Oct-1962,uc_2m,p16,-4.70047002713954
01-Jan-1963,uc_2m,p16,-4.60510135596013
01-Apr-1963,uc_2m,p16,-4.47361043945455
01-Jul-1963,uc_2m,p16,-3.28812181030457
01-Oct-1963,uc_2m,p16,-3.63270007800912
01-Jan-1964,uc_2m,p16,-2.55339443086007
01-Apr-1964,uc_2m,p16,-2.47353615661461
01-Jul-1964,uc_2m,p16,-1.93642063868879
01-Oct-1964,uc_2m,p16,-2.64169288330618
01-Jan-1965,uc_2m,p16,-1.27588498190477
01-Apr-1965,uc_2m,p16,-1.05414517834026
01-Jul-1965,uc_2m,p16,0.118076273768224
01-Oct-1965,uc_2m,p16,1.3768730996353
01-Jan-1966,uc_2m,p16,2.77795410930622
01-Apr-1966,uc_2m,p16,2.11704612631371
01-Jul-1966,uc_2m,p16,1.96206685323864
01-Oct-1966,uc_2m,p16,1.78695944251086
01-Jan-1967,uc_2m,p16,1.69728315314688
01-Apr-1967,uc_2m,p16,0.776933298670201
01-Jul-1967,uc_2m,p16,0.74760622422599
01-Oct-1967,uc_2m,p16,0.529510446496602
01-Jan-1968,uc_2m,p16,1.60202377328466
01-Apr-1968,uc_2m,p16,2.31219831868356
01-Jul-1968,uc_2m,p16,2.14435098026416
01-Oct-1968,uc_2m,p16,1.60893527303182
01-Jan-1969,uc_2m,p16,2.2489158871698
01-Apr-1969,uc_2m,p16,1.6440012396161
01-Jul-1969,uc_2m,p16,1.39150631625432
01-Oct-1969,uc_2m,p16,0.00548090207377072
01-Jan-1970,uc_2m,p16,-1.03838371391885
01-Apr-1970,uc_2m,p16,-1.76779344634917
01-Jul-1970,uc_2m,p16,-1.72835534968954
01-Oct-1970,uc_2m,p16,-3.66450596948874
01-Jan-1971,uc_2m,p16,-1.85642519855048
01-Apr-1971,uc_2m,p16,-2.1775325905096
01-Jul-1971,uc_2m,p16,-2.21405017248293
01-Oct-1971,uc_2m,p16,-2.82342257109815
01-Jan-1972,uc_2m,p16,-1.86165775280432
01-Apr-1972,uc_2m,p16,-0.479950182291475
01-Jul-1972,uc_2m,p16,-0.386408963300426
01-Oct-1972,uc_2m,p16,0.410684389867697
01-Jan-1973,uc_2m,p16,1.98969952144148
01-Apr-1973,uc_2m,p16,2.19819450568298
01-Jul-1973,uc_2m,p16,0.815824168741187
01-Oct-1973,uc_2m,p16,0.90294352832808
01-Jan-1974,uc_2m,p16,-0.782236140632961
01-Apr-1974,uc_2m,p16,-1.36107935154524
01-Jul-1974,uc_2m,p16,-3.09953135717404
01-Oct-1974,uc_2m,p16,-4.2769592869895
01-Jan-1975,uc_2m,p16,-6.25271148913782
01-Apr-1975,uc_2m,p16,-6.29933133310021
01-Jul-1975,uc_2m,p16,-5.36327902104182
01-Oct-1975,uc_2m,p16,-4.80035885660635
01-Jan-1976,uc_2m,p16,-3.36545568992864
01-Apr-1976,uc_2m,p16,-3.41497808005778
01-Jul-1976,uc_2m,p16,-3.65771471272228
01-Oct-1976,uc_2m,p16,-3.72212958888906
01-Jan-1977,uc_2m,p16,-3.33357902942271
01-Apr-1977,uc_2m,p16,-2.21698604956197
01-Jul-1977,uc_2m,p16,-1.24692902772216
01-Oct-1977,uc_2m,p16,-2.03842475216129
01-Jan-1978,uc_2m,p16,-2.50280216070826
01-Apr-1978,uc_2m,p16,0.467807792393671
01-Jul-1978,uc_2m,p16,0.654526066127517
01-Oct-1978,uc_2m,p16,1.17090335919238
01-Jan-1979,uc_2m,p16,0.539978464021658
01-Apr-1979,uc_2m,p16,-0.164853507442899
01-Jul-1979,uc_2m,p16,-0.222442741249154
01-Oct-1979,uc_2m,p16,-0.765800941360851
01-Jan-1980,uc_2m,p16,-1.23177929606402
01-Apr-1980,uc_2m,p16,-4.04965771520119
01-Jul-1980,uc_2m,p16,-4.90654288745833
01-Oct-1980,uc_2m,p16,-3.82061569671964
01-Jan-1981,uc_2m,p16,-2.65544822148252
01-Apr-1981,uc_2m,p16,-4.14000344587112
01-Jul-1981,uc_2m,p16,-3.6950937362169
01-Oct-1981,uc_2m,p16,-5.51243639584703
01-Jan-1982,uc_2m,p16,-7.77770132527831
01-Apr-1982,uc_2m,p16,-8.02800841391337
01-Jul-1982,uc_2m,p16,-9.11220026616013
01-Oct-1982,uc_2m,p16,-9.78269874336684
01-Jan-1983,uc_2m,p16,-9.18693939284975
01-Apr-1983,uc_2m,p16,-7.67057365073305
01-Jul-1983,uc_2m,p16,-6.43970562158535
01-Oct-1983,uc_2m,p16,-5.13884953633823
01-Jan-1984,uc_2m,p16,-3.97250368815565
01-Apr-1984,uc_2m,p16,-3.04227758189018
01-Jul-1984,uc_2m,p16,-2.85601706197735
01-Oct-1984,uc_2m,p16,-2.82129388599117
01-Jan-1985,uc_2m,p16,-2.65176737596073
01-Apr-1985,uc_2m,p16,-2.55064480788064
01-Jul-1985,uc_2m,p16,-1.82341992748616
01-Oct-1985,uc_2m,p16,-1.86952101371827
01-Jan-1986,uc_2m,p16,-1.73214016062377
01-Apr-1986,uc_2m,p16,-2.06142259708133
01-Jul-1986,uc_2m,p16,-1.89778720114379
01-Oct-1986,uc_2m,p16,-2.14454076784079
01-Jan-1987,uc_2m,p16,-2.18937039024974
01-Apr-1987,uc_2m,p16,-1.89456875243729
01-Jul-1987,uc_2m,p16,-1.82235796578402
01-Oct-1987,uc_2m,p16,-0.899893968185324
01-Jan-1988,uc_2m,p16,-1.1720110284046
01-Apr-1988,uc_2m,p16,-0.64443436984584
01-Jul-1988,uc_2m,p16,-0.836529225261927
01-Oct-1988,uc_2m,p16,-0.295122891014557
01-Jan-1989,uc_2m,p16,-0.0624086687764134
01-Apr-1989,uc_2m,p16,-0.072685032546417
01-Jul-1989,uc_2m,p16,-0.111750319616874
01-Oct-1989,uc_2m,p16,-0.687994883953138
01-Jan-1990,uc_2m,p16,-0.370228627670542
01-Apr-1990,uc_2m,p16,-0.771117754247371
01-Jul-1990,uc_2m,p16,-1.46299440341249
01-Oct-1990,uc_2m,p16,-3.12372713760556
01-Jan-1991,uc_2m,p16,-4.32331305760584
01-Apr-1991,uc_2m,p16,-4.28762710671634
01-Jul-1991,uc_2m,p16,-4.52339574411275
01-Oct-1991,uc_2m,p16,-4.92001624466525
01-Jan-1992,uc_2m,p16,-4.47041141215885
01-Apr-1992,uc_2m,p16,-4.13665906102113
01-Jul-1992,uc_2m,p16,-3.90211976205529
01-Oct-1992,uc_2m,p16,-3.6137308613894
01-Jan-1993,uc_2m,p16,-4.19679544947212
01-Apr-1993,uc_2m,p16,-4.36120304362726
01-Jul-1993,uc_2m,p16,-4.63225721119159
01-Oct-1993,uc_2m,p16,-4.03123887152196
01-Jan-1994,uc_2m,p16,-3.81127305072857
01-Apr-1994,uc_2m,p16,-3.22166545699463
01-Jul-1994,uc_2m,p16,-3.40040463953403
01-Oct-1994,uc_2m,p16,-3.0259711760977
01-Jan-1995,uc_2m,p16,-3.42845366353851
01-Apr-1995,uc_2m,p16,-3.8874795800956
01-Jul-1995,uc_2m,p16,-3.79695917895788
01-Oct-1995,uc_2m,p16,-3.88128101074221
01-Jan-1996,uc_2m,p16,-3.90146990452757
01-Apr-1996,uc_2m,p16,-3.01696873462402
01-Jul-1996,uc_2m,p16,-2.90672190842287
01-Oct-1996,uc_2m,p16,-2.65200289911951
01-Jan-1997,uc_2m,p16,-2.79403398734104
01-Apr-1997,uc_2m,p16,-1.93405001697198
01-Jul-1997,uc_2m,p16,-1.48472129885312
01-Oct-1997,uc_2m,p16,-1.41941047757638
01-Jan-1998,uc_2m,p16,-1.21034014541004
01-Apr-1998,uc_2m,p16,-1.0823348612343
01-Jul-1998,uc_2m,p16,-0.625674315507183
01-Oct-1998,uc_2m,p16,0.178344577276164
01-Jan-1999,uc_2m,p16,0.332307974997093
01-Apr-1999,uc_2m,p16,0.382577198304659
01-Jul-1999,uc_2m,p16,0.920862062571359
01-Oct-1999,uc_2m,p16,1.78517457153237
01-Jan-2000,uc_2m,p16,1.38676616061775
01-Apr-2000,uc_2m,p16,2.43733457357871
01-Jul-2000,uc_2m,p16,1.78985762543016
01-Oct-2000,uc_2m,p16,1.64408056047961
01-Jan-2001,uc_2m,p16,0.587095964201637
01-Apr-2001,uc_2m,p16,0.494840741882683
01-Jul-2001,uc_2m,p16,-0.619998937039611
01-Oct-2001,uc_2m,p16,-1.04731873706885
01-Jan-2002,uc_2m,p16,-0.908446795720181
01-Apr-2002,uc_2m,p16,-0.988886777303492
01-Jul-2002,uc_2m,p16,-1.27143967089
01-Oct-2002,uc_2m,p16,-1.83262812396538
01-Jan-2003,uc_2m,p16,-1.9680954325421
01-Apr-2003,uc_2m,p16,-1.75824549804486
01-Jul-2003,uc_2m,p16,-0.777787110834538
01-Oct-2003,uc_2m,p16,-0.293203614590539
01-Jan-2004,uc_2m,p16,-0.387858402781944
01-Apr-2004,uc_2m,p16,-0.2634620050585
01-Jul-2004,uc_2m,p16,0.0319186529252988
01-Oct-2004,uc_2m,p16,0.403063158594364
01-Jan-2005,uc_2m,p16,0.857788120255861
01-Apr-2005,uc_2m,p16,0.721620977570979
01-Jul-2005,uc_2m,p16,0.878732315416869
01-Oct-2005,uc_2m,p16,0.817885769508678
01-Jan-2006,uc_2m,p16,1.54107406625286
01-Apr-2006,uc_2m,p16,1.20548670973591
01-Jul-2006,uc_2m,p16,0.767741439424526
01-Oct-2006,uc_2m,p16,1.0298607611
01-Jan-2007,uc_2m,p16,0.756308485035049
01-Apr-2007,uc_2m,p16,0.788971538525402
01-Jul-2007,uc_2m,p16,0.794769126335268
01-Oct-2007,uc_2m,p16,0.838581902355315
01-Jan-2008,uc_2m,p16,-0.151142796067404
01-Apr-2008,uc_2m,p16,-0.111415479009167
01-Jul-2008,uc_2m,p16,-1.18263231107608
01-Oct-2008,uc_2m,p16,-3.89548585960966
01-Jan-2009,uc_2m,p16,-5.50370731960697
01-Apr-2009,uc_2m,p16,-6.14916771393047
01-Jul-2009,uc_2m,p16,-6.25279958549936
01-Oct-2009,uc_2m,p16,-5.64568547750383
01-Jan-2010,uc_2m,p16,-5.62143980399372
01-Apr-2010,uc_2m,p16,-5.13748472845782
01-Jul-2010,uc_2m,p16,-4.84167317766327
01-Oct-2010,uc_2m,p16,-4.78823312488748
01-Jan-2011,uc_2m,p16,-5.49912260939652
01-Apr-2011,uc_2m,p16,-5.2873780232033
01-Jul-2011,uc_2m,p16,-5.78341751391406
01-Oct-2011,uc_2m,p16,-5.14964877184781
01-Jan-2012,uc_2m,p16,-4.79728624671861
01-Apr-2012,uc_2m,p16,-4.83013459566189
01-Jul-2012,uc_2m,p16,-5.16446193518749
01-Oct-2012,uc_2m,p16,-5.52281329363257
01-Jan-2013,uc_2m,p16,-5.03899451300481
01-Apr-2013,uc_2m,p16,-5.26494137737677
01-Jul-2013,uc_2m,p16,-4.89045443746727
01-Oct-2013,uc_2m,p16,-4.51984342179327
01-Jan-2014,uc_2m,p16,-5.35608654219681
01-Apr-2014,uc_2m,p16,-4.58465846171879
01-Jul-2014,uc_2m,p16,-3.88023657419888
01-Oct-2014,uc_2m,p16,-3.88391042657071
01-Jan-2015,uc_2m,p16,-3.50384171569328
01-Apr-2015,uc_2m,p16,-3.40486587630556
01-Jul-2015,uc_2m,p16,-3.50881380515506
01-Oct-2015,uc_2m,p16,-3.83380206006188
01-Jan-2016,uc_2m,p16,-3.7674094681737
01-Apr-2016,uc_2m,p16,-3.94852785018935
01-Jul-2016,uc_2m,p16,-3.75670708160374
01-Oct-2016,uc_2m,p16,-3.72448431229407
01-Jan-2017,uc_2m,p16,-3.76430797824185
01-Apr-2017,uc_2m,p16,-3.72687410334635
01-Jul-2017,uc_2m,p16,-3.46452176549087
01-Oct-2017,uc_2m,p16,-2.87734687094803
01-Jan-2018,uc_2m,p16,-2.59594078481803
01-Apr-2018,uc_2m,p16,-2.59561370981413
01-Jul-2018,uc_2m,p16,-2.50694025102825
01-Oct-2018,uc_2m,p16,-2.90021833492682
01-Jan-2019,uc_2m,p16,-2.8202481784158
01-Apr-2019,uc_2m,p16,-2.52941503744358
01-Jul-2019,uc_2m,p16,-1.90314990374839
01-Oct-2019,uc_2m,p16,-1.77503107144673
01-Jan-2020,uc_2m,p16,-3.63604436108466
01-Apr-2020,uc_2m,p16,-12.3384966029706
01-Jul-2020,uc_2m,p16,-5.41737938902611
01-Oct-2020,uc_2m,p16,-4.84452989073384
01-Jan-2021,uc_2m,p16,-4.0282462088627
01-Apr-2021,uc_2m,p16,-2.90447841615594
01-Jul-2021,uc_2m,p16,-2.66536496553096
01-Oct-2021,uc_2m,p16,-1.53439466752525
01-Jan-2022,uc_2m,p16,-2.36891509020427
01-Apr-2022,uc_2m,p16,-2.78487958329464
01-Jul-2022,uc_2m,p16,-2.65018091884036
01-Oct-2022,uc_2m,p16,-2.55644459354806
01-Jan-2023,uc_2m,p16,-2.42370931160582
01-Apr-2023,uc_2m,p16,-2.39942109713121
01-Jul-2023,uc_2m,p16,-1.86269019573001
01-Oct-2023,uc_2m,p16,-1.63924371981085
01-Jan-2024,uc_2m,p16,-2.05658583211778
01-Apr-2024,uc_2m,p16,-1.79316842935049
01-Jul-2024,uc_2m,p16,-1.59941670797576
01-Oct-2024,uc_2m,p16,-1.77223532986477
01-Jan-2025,uc_2m,p16,-2.57595915269269
01-Apr-2025,uc_2m,p16,-2.27444361087259
01-Jul-2025,uc_2m,p16,-1.85313937534448
01-Oct-2025,uc_2m,p16,-2.3844838351751
01-Jan-2026,uc_2m,p16,-2.53165725854615
01-Apr-2026,uc_2m,p16,-2.84225519053433
01-Jan-1947,uc_2m,p84,1.41950479046994
01-Apr-1947,uc_2m,p84,0.18342302147272
01-Jul-1947,uc_2m,p84,-0.993035063534592
01-Oct-1947,uc_2m,p84,-0.404443832179652
01-Jan-1948,uc_2m,p84,0.144829773608933
01-Apr-1948,uc_2m,p84,0.84165672632264
01-Jul-1948,uc_2m,p84,0.482077992931977
01-Oct-1948,uc_2m,p84,-0.33478625822778
01-Jan-1949,uc_2m,p84,-2.66222739153778
01-Apr-1949,uc_2m,p84,-3.95129904075844
01-Jul-1949,uc_2m,p84,-3.87718602808638
01-Oct-1949,uc_2m,p84,-5.65315351609939
01-Jan-1950,uc_2m,p84,-2.73229023724298
01-Apr-1950,uc_2m,p84,-0.678737693680887
01-Jul-1950,uc_2m,p84,2.1561775545685
01-Oct-1950,uc_2m,p84,3.08787057729364
01-Jan-1951,uc_2m,p84,3.47447090245942
01-Apr-1951,uc_2m,p84,4.22472064312376
01-Jul-1951,uc_2m,p84,5.30037253052723
01-Oct-1951,uc_2m,p84,4.55856613011161
01-Jan-1952,uc_2m,p84,4.65608942722361
01-Apr-1952,uc_2m,p84,3.91790577664267
01-Jul-1952,uc_2m,p84,3.68432767276687
01-Oct-1952,uc_2m,p84,5.96034197303527
01-Jan-1953,uc_2m,p84,6.85115112523175
01-Apr-1953,uc_2m,p84,6.68959090464159
01-Jul-1953,uc_2m,p84,5.19500287105433
01-Oct-1953,uc_2m,p84,2.75066103799577
01-Jan-1954,uc_2m,p84,1.35449612488526
01-Apr-1954,uc_2m,p84,0.542074661792242
01-Jul-1954,uc_2m,p84,0.740479831555092
01-Oct-1954,uc_2m,p84,1.76153129126544
01-Jan-1955,uc_2m,p84,3.65199004634144
01-Apr-1955,uc_2m,p84,4.35438459041347
01-Jul-1955,uc_2m,p84,4.79047665392335
01-Oct-1955,uc_2m,p84,4.48930599941673
01-Jan-1956,uc_2m,p84,3.20743568484744
01-Apr-1956,uc_2m,p84,3.14097106357809
01-Jul-1956,uc_2m,p84,2.17087932678032
01-Oct-1956,uc_2m,p84,2.92669682920655
01-Jan-1957,uc_2m,p84,2.69170711859203
01-Apr-1957,uc_2m,p84,1.6031421615005
01-Jul-1957,uc_2m,p84,1.71966086201542
01-Oct-1957,uc_2m,p84,-0.18952749847756
01-Jan-1958,uc_2m,p84,-3.73742369372007
01-Apr-1958,uc_2m,p84,-4.01376881104221
01-Jul-1958,uc_2m,p84,-2.64578399367008
01-Oct-1958,uc_2m,p84,-1.25674344981496
01-Jan-1959,uc_2m,p84,-0.27023615045681
01-Apr-1959,uc_2m,p84,1.05488665792512
01-Jul-1959,uc_2m,p84,0.207691311160545
01-Oct-1959,uc_2m,p84,-0.425756034673668
01-Jan-1960,uc_2m,p84,0.880821852655743
01-Apr-1960,uc_2m,p84,-0.588433851801256
01-Jul-1960,uc_2m,p84,-1.04111861391709
01-Oct-1960,uc_2m,p84,-3.29400073237656
01-Jan-1961,uc_2m,p84,-3.60278062229003
01-Apr-1961,uc_2m,p84,-2.88371575564156
01-Jul-1961,uc_2m,p84,-1.96574963354738
01-Oct-1961,uc_2m,p84,-1.00985382347636
01-Jan-1962,uc_2m,p84,-0.225710378698125
01-Apr-1962,uc_2m,p84,-0.318168919683444
01-Jul-1962,uc_2m,p84,-0.0895640035298584
01-Oct-1962,uc_2m,p84,-0.750431364440715
01-Jan-1963,uc_2m,p84,-0.641404615851741
01-Apr-1963,uc_2m,p84,-0.507010595601173
01-Jul-1963,uc_2m,p84,0.671849358835573
01-Oct-1963,uc_2m,p84,0.347051076935429
01-Jan-1964,uc_2m,p84,1.4421878659943
01-Apr-1964,uc_2m,p84,1.53302253526664
01-Jul-1964,uc_2m,p84,2.09454150375842
01-Oct-1964,uc_2m,p84,1.42277755214923
01-Jan-1965,uc_2m,p84,2.81655093023619
01-Apr-1965,uc_2m,p84,3.08939915843581
01-Jul-1965,uc_2m,p84,4.29156475340216
01-Oct-1965,uc_2m,p84,5.56345420176029
01-Jan-1966,uc_2m,p84,6.96018278025275
01-Apr-1966,uc_2m,p84,6.30765820168961
01-Jul-1966,uc_2m,p84,6.16374067021815
01-Oct-1966,uc_2m,p84,5.99694505739893
01-Jan-1967,uc_2m,p84,5.91595823115017
01-Apr-1967,uc_2m,p84,5.02398215180483
01-Jul-1967,uc_2m,p84,5.02139417279517
01-Oct-1967,uc_2m,p84,4.83053928470412
01-Jan-1968,uc_2m,p84,5.91055623325786
01-Apr-1968,uc_2m,p84,6.62716858948971
01-Jul-1968,uc_2m,p84,6.48019081641235
01-Oct-1968,uc_2m,p84,5.95717934911636
01-Jan-1969,uc_2m,p84,6.61355160677925
01-Apr-1969,uc_2m,p84,6.0151863066186
01-Jul-1969,uc_2m,p84,5.77541339248575
01-Oct-1969,uc_2m,p84,4.4011233250352
01-Jan-1970,uc_2m,p84,3.37159660067994
01-Apr-1970,uc_2m,p84,2.64536391316148
01-Jul-1970,uc_2m,p84,2.69389672511511
01-Oct-1970,uc_2m,p84,0.74065880922825
01-Jan-1971,uc_2m,p84,2.56040885374472
01-Apr-1971,uc_2m,p84,2.23858302775096
01-Jul-1971,uc_2m,p84,2.19172821444607
01-Oct-1971,uc_2m,p84,1.56089471485353
01-Jan-1972,uc_2m,p84,2.51938016696363
01-Apr-1972,uc_2m,p84,3.90959185986338
01-Jul-1972,uc_2m,p84,4.00524305106808
01-Oct-1972,uc_2m,p84,4.83497002666223
01-Jan-1973,uc_2m,p84,6.45370627637334
01-Apr-1973,uc_2m,p84,6.72684327119299
01-Jul-1973,uc_2m,p84,5.38984069712836
01-Oct-1973,uc_2m,p84,5.53715092800809
01-Jan-1974,uc_2m,p84,3.87993732634476
01-Apr-1974,uc_2m,p84,3.32501561461947
01-Jul-1974,uc_2m,p84,1.57472644840504
01-Oct-1974,uc_2m,p84,0.380275020654153
01-Jan-1975,uc_2m,p84,-1.66185324468279
01-Apr-1975,uc_2m,p84,-1.76848622116682
01-Jul-1975,uc_2m,p84,-0.880938194205157
01-Oct-1975,uc_2m,p84,-0.352492735178828
01-Jan-1976,uc_2m,p84,1.07193258989207
01-Apr-1976,uc_2m,p84,0.99900824260294
01-Jul-1976,uc_2m,p84,0.743704351217389
01-Oct-1976,uc_2m,p84,0.66099448870375
01-Jan-1977,uc_2m,p84,1.03919893850161
01-Apr-1977,uc_2m,p84,2.1706751255939
01-Jul-1977,uc_2m,p84,3.16648987724489
01-Oct-1977,uc_2m,p84,2.37572651278469
01-Jan-1978,uc_2m,p84,1.90725874443706
01-Apr-1978,uc_2m,p84,4.93037962484726
01-Jul-1978,uc_2m,p84,5.17476662283133
01-Oct-1978,uc_2m,p84,5.76127709918819
01-Jan-1979,uc_2m,p84,5.19064217763918
01-Apr-1979,uc_2m,p84,4.55416195641595
01-Jul-1979,uc_2m,p84,4.55905628120576
01-Oct-1979,uc_2m,p84,4.08102418586577
01-Jan-1980,uc_2m,p84,3.670070212079
01-Apr-1980,uc_2m,p84,0.853037654187062
01-Jul-1980,uc_2m,p84,-0.0115444852513065
01-Oct-1980,uc_2m,p84,1.111699077899
01-Jan-1981,uc_2m,p84,2.34649259749386
01-Apr-1981,uc_2m,p84,0.885614956926133
01-Jul-1981,uc_2m,p84,1.36418891074368
01-Oct-1981,uc_2m,p84,-0.466272158825518
01-Jan-1982,uc_2m,p84,-2.79677370633772
01-Apr-1982,uc_2m,p84,-3.11219766961221
01-Jul-1982,uc_2m,p84,-4.29950608279586
01-Oct-1982,uc_2m,p84,-5.06436569644984
01-Jan-1983,uc_2m,p84,-4.57119237588785
01-Apr-1983,uc_2m,p84,-3.13721461536352
01-Jul-1983,uc_2m,p84,-1.9521810949791
01-Oct-1983,uc_2m,p84,-0.688025579668647
01-Jan-1984,uc_2m,p84,0.445617232088125
01-Apr-1984,uc_2m,p84,1.35732147450381
01-Jul-1984,uc_2m,p84,1.51430274415094
01-Oct-1984,uc_2m,p84,1.52243883189203
01-Jan-1985,uc_2m,p84,1.68833932282683
01-Apr-1985,uc_2m,p84,1.75952693201668
01-Jul-1985,uc_2m,p84,2.46883678166012
01-Oct-1985,uc_2m,p84,2.4029179334085
01-Jan-1986,uc_2m,p84,2.53502522206998
01-Apr-1986,uc_2m,p84,2.18982734248738
01-Jul-1986,uc_2m,p84,2.34223773593226
01-Oct-1986,uc_2m,p84,2.08394802474612
01-Jan-1987,uc_2m,p84,2.02163928053733
01-Apr-1987,uc_2m,p84,2.30441716152257
01-Jul-1987,uc_2m,p84,2.37320353249555
01-Oct-1987,uc_2m,p84,3.27708905884674
01-Jan-1988,uc_2m,p84,3.00358401077699
01-Apr-1988,uc_2m,p84,3.52349377710084
01-Jul-1988,uc_2m,p84,3.31976280902057
01-Oct-1988,uc_2m,p84,3.85555888402831
01-Jan-1989,uc_2m,p84,4.08693564216105
01-Apr-1989,uc_2m,p84,4.07686673075557
01-Jul-1989,uc_2m,p84,4.05284849781259
01-Oct-1989,uc_2m,p84,3.48727222385298
01-Jan-1990,uc_2m,p84,3.81979217698836
01-Apr-1990,uc_2m,p84,3.44034720326283
01-Jul-1990,uc_2m,p84,2.77537385596105
01-Oct-1990,uc_2m,p84,1.10749657006875
01-Jan-1991,uc_2m,p84,-0.106301974499331
01-Apr-1991,uc_2m,p84,-0.0806868105680678
01-Jul-1991,uc_2m,p84,-0.332777823854087
01-Oct-1991,uc_2m,p84,-0.752623927427919
01-Jan-1992,uc_2m,p84,-0.322757472458818
01-Apr-1992,uc_2m,p84,-0.010245881994706
01-Jul-1992,uc_2m,p84,0.212217976389695
01-Oct-1992,uc_2m,p84,0.484606389554585
01-Jan-1993,uc_2m,p84,-0.114128993700263
01-Apr-1993,uc_2m,p84,-0.297207186738035
01-Jul-1993,uc_2m,p84,-0.590229711642223
01-Oct-1993,uc_2m,p84,-0.0146594608353894
01-Jan-1994,uc_2m,p84,0.17857624645319
01-Apr-1994,uc_2m,p84,0.755346403267936
01-Jul-1994,uc_2m,p84,0.571369074714198
01-Oct-1994,uc_2m,p84,0.933151707347349
01-Jan-1995,uc_2m,p84,0.516419772407289
01-Apr-1995,uc_2m,p84,0.0354996688840856
01-Jul-1995,uc_2m,p84,0.120774580281648
01-Oct-1995,uc_2m,p84,0.021332592536055
01-Jan-1996,uc_2m,p84,-0.0035758586892598
01-Apr-1996,uc_2m,p84,0.875407879052318
01-Jul-1996,uc_2m,p84,0.997328284821947
01-Oct-1996,uc_2m,p84,1.2623224076271
01-Jan-1997,uc_2m,p84,1.1391455137441
01-Apr-1997,uc_2m,p84,2.02908265850238
01-Jul-1997,uc_2m,p84,2.5011191624838
01-Oct-1997,uc_2m,p84,2.58822662015154
01-Jan-1998,uc_2m,p84,2.81797974966094
01-Apr-1998,uc_2m,p84,2.97414723866723
01-Jul-1998,uc_2m,p84,3.47285600933327
01-Oct-1998,uc_2m,p84,4.32188374461566
01-Jan-1999,uc_2m,p84,4.50725011735477
01-Apr-1999,uc_2m,p84,4.59724702269136
01-Jul-1999,uc_2m,p84,5.18256821662118
01-Oct-1999,uc_2m,p84,6.08388117047645
01-Jan-2000,uc_2m,p84,5.72211737277098
01-Apr-2000,uc_2m,p84,6.82245452207928
01-Jul-2000,uc_2m,p84,6.22113967566156
01-Oct-2000,uc_2m,p84,6.11555919738299
01-Jan-2001,uc_2m,p84,5.0997329872144
01-Apr-2001,uc_2m,p84,5.03956731082076
01-Jul-2001,uc_2m,p84,3.96091316495216
01-Oct-2001,uc_2m,p84,3.55583645982068
01-Jan-2002,uc_2m,p84,3.72870209530549
01-Apr-2002,uc_2m,p84,3.6719717926905
01-Jul-2002,uc_2m,p84,3.41759967986292
01-Oct-2002,uc_2m,p84,2.88394377531773
01-Jan-2003,uc_2m,p84,2.75062188451329
01-Apr-2003,uc_2m,p84,2.98234688513173
01-Jul-2003,uc_2m,p84,3.99263201147119
01-Oct-2003,uc_2m,p84,4.51226928666676
01-Jan-2004,uc_2m,p84,4.44037940114811
01-Apr-2004,uc_2m,p84,4.58063795094989
01-Jul-2004,uc_2m,p84,4.89859579691876
01-Oct-2004,uc_2m,p84,5.31142384513487
01-Jan-2005,uc_2m,p84,5.81037044204822
01-Apr-2005,uc_2m,p84,5.69960422391739
01-Jul-2005,uc_2m,p84,5.89341537295871
01-Oct-2005,uc_2m,p84,5.86474910207477
01-Jan-2006,uc_2m,p84,6.62688738642828
01-Apr-2006,uc_2m,p84,6.32849430669853
01-Jul-2006,uc_2m,p84,5.91682132792295
01-Oct-2006,uc_2m,p84,6.22584069249257
01-Jan-2007,uc_2m,p84,5.98307417218518
01-Apr-2007,uc_2m,p84,6.05997224192697
01-Jul-2007,uc_2m,p84,6.10923464013672
01-Oct-2007,uc_2m,p84,6.23116484843945
01-Jan-2008,uc_2m,p84,5.30069347019406
01-Apr-2008,uc_2m,p84,5.40120808144269
01-Jul-2008,uc_2m,p84,4.39514032842328
01-Oct-2008,uc_2m,p84,1.68312445068187
01-Jan-2009,uc_2m,p84,0.0281977551209138
01-Apr-2009,uc_2m,p84,-0.667912797606903
01-Jul-2009,uc_2m,p84,-0.829495520941805
01-Oct-2009,uc_2m,p84,-0.265812947846428
01-Jan-2010,uc_2m,p84,-0.298278960162463
01-Apr-2010,uc_2m,p84,0.166134953126402
01-Jul-2010,uc_2m,p84,0.43385197303013
01-Oct-2010,uc_2m,p84,0.467127094107582
01-Jan-2011,uc_2m,p84,-0.27632002066548
01-Apr-2011,uc_2m,p84,-0.104071748730121
01-Jul-2011,uc_2m,p84,-0.645133408892775
01-Oct-2011,uc_2m,p84,-0.0278180585383438
01-Jan-2012,uc_2m,p84,0.302199422620959
01-Apr-2012,uc_2m,p84,0.243332617274234
01-Jul-2012,uc_2m,p84,-0.128639485654105
01-Oct-2012,uc_2m,p84,-0.538312278444323
01-Jan-2013,uc_2m,p84,-0.0755487598976288
01-Apr-2013,uc_2m,p84,-0.327740370654624
01-Jul-2013,uc_2m,p84,-0.00130963538083506
01-Oct-2013,uc_2m,p84,0.344066921778733
01-Jan-2014,uc_2m,p84,-0.53052289472646
01-Apr-2014,uc_2m,p84,0.23244376727763
01-Jul-2014,uc_2m,p84,0.918325692975031
01-Oct-2014,uc_2m,p84,0.89721676120223
01-Jan-2015,uc_2m,p84,1.26412758599218
01-Apr-2015,uc_2m,p84,1.3557126455043
01-Jul-2015,uc_2m,p84,1.22526996168494
01-Oct-2015,uc_2m,p84,0.878740443296067
01-Jan-2016,uc_2m,p84,0.925006923218859
01-Apr-2016,uc_2m,p84,0.702037595838021
01-Jul-2016,uc_2m,p84,0.875609598373785
01-Oct-2016,uc_2m,p84,0.886495385474177
01-Jan-2017,uc_2m,p84,0.833288166884529
01-Apr-2017,uc_2m,p84,0.850104654220615
01-Jul-2017,uc_2m,p84,1.09131762243391
01-Oct-2017,uc_2m,p84,1.67226401696843
01-Jan-2018,uc_2m,p84,1.945085391411
01-Apr-2018,uc_2m,p84,1.92648765484898
01-Jul-2018,uc_2m,p84,2.0050509826674
01-Oct-2018,uc_2m,p84,1.58870725604817
01-Jan-2019,uc_2m,p84,1.67727990645102
01-Apr-2019,uc_2m,p84,1.96214794963811
01-Jul-2019,uc_2m,p84,2.58960421743285
01-Oct-2019,uc_2m,p84,2.73422941603866
01-Jan-2020,uc_2m,p84,0.86806457637033
01-Apr-2020,uc_2m,p84,-7.87925109268093
01-Jul-2020,uc_2m,p84,-0.954587858189257
01-Oct-2020,uc_2m,p84,-0.385987002115542
01-Jan-2021,uc_2m,p84,0.443914455593131
01-Apr-2021,uc_2m,p84,1.56409254396374
01-Jul-2021,uc_2m,p84,1.82648873143148
01-Oct-2021,uc_2m,p84,2.96348033967331
01-Jan-2022,uc_2m,p84,2.15197496627241
01-Apr-2022,uc_2m,p84,1.7516989951061
01-Jul-2022,uc_2m,p84,1.90715162344839
01-Oct-2022,uc_2m,p84,2.03647382705174
01-Jan-2023,uc_2m,p84,2.19212411571414
01-Apr-2023,uc_2m,p84,2.26715497567045
01-Jul-2023,uc_2m,p84,2.85856031553044
01-Oct-2023,uc_2m,p84,3.14578880882357
01-Jan-2024,uc_2m,p84,2.81782167747315
01-Apr-2024,uc_2m,p84,3.15974621085223
01-Jul-2024,uc_2m,p84,3.44154707748612
01-Oct-2024,uc_2m,p84,3.36828304827412
01-Jan-2025,uc_2m,p84,2.68468556025107
01-Apr-2025,uc_2m,p84,3.10415987350797
01-Jul-2025,uc_2m,p84,3.65951895856415
01-Oct-2025,uc_2m,p84,3.27950116826798
01-Jan-2026,uc_2m,p84,3.28616913151984
01-Apr-2026,uc_2m,p84,3.15573206546264
01-Jan-1947,uc_2m,p95,2.07626127061815
01-Apr-1947,uc_2m,p95,0.823588812235812
01-Jul-1947,uc_2m,p95,-0.337635378641096
01-Oct-1947,uc_2m,p95,0.273291002047984
01-Jan-1948,uc_2m,p95,0.846186750043955
01-Apr-1948,uc_2m,p95,1.58473027320986
01-Jul-1948,uc_2m,p95,1.27037456461647
01-Oct-1948,uc_2m,p95,0.492530264047105
01-Jan-1949,uc_2m,p95,-1.76241609011402
01-Apr-1949,uc_2m,p95,-2.96019453415357
01-Jul-1949,uc_2m,p95,-2.7808577279846
01-Oct-1949,uc_2m,p95,-4.44686655172336
01-Jan-1950,uc_2m,p95,-1.44516036292259
01-Apr-1950,uc_2m,p95,0.67606875402555
01-Jul-1950,uc_2m,p95,3.53303600165873
01-Oct-1950,uc_2m,p95,4.50911139174036
01-Jan-1951,uc_2m,p95,4.92642271155228
01-Apr-1951,uc_2m,p95,5.68875274540807
01-Jul-1951,uc_2m,p95,6.77879195020012
01-Oct-1951,uc_2m,p95,6.06279009408365
01-Jan-1952,uc_2m,p95,6.17039292288479
01-Apr-1952,uc_2m,p95,5.4485122563085
01-Jul-1952,uc_2m,p95,5.23092224093512
01-Oct-1952,uc_2m,p95,7.50518813426686
01-Jan-1953,uc_2m,p95,8.38759930495627
01-Apr-1953,uc_2m,p95,8.21460851925951
01-Jul-1953,uc_2m,p95,6.71868362310414
01-Oct-1953,uc_2m,p95,4.28166124043122
01-Jan-1954,uc_2m,p95,2.89367012687484
01-Apr-1954,uc_2m,p95,2.10729380111684
01-Jul-1954,uc_2m,p95,2.33695606486742
01-Oct-1954,uc_2m,p95,3.36221671495997
01-Jan-1955,uc_2m,p95,5.25677031647933
01-Apr-1955,uc_2m,p95,5.95583782880237
01-Jul-1955,uc_2m,p95,6.36807303249481
01-Oct-1955,uc_2m,p95,6.04927107249586
01-Jan-1956,uc_2m,p95,4.76627574727729
01-Apr-1956,uc_2m,p95,4.69871106942304
01-Jul-1956,uc_2m,p95,3.7051016874924
01-Oct-1956,uc_2m,p95,4.45304791276851
01-Jan-1957,uc_2m,p95,4.20582331192145
01-Apr-1957,uc_2m,p95,3.10490805047618
01-Jul-1957,uc_2m,p95,3.1874818262109
01-Oct-1957,uc_2m,p95,1.2634024594567
01-Jan-1958,uc_2m,p95,-2.24238583102795
01-Apr-1958,uc_2m,p95,-2.47986803713928
01-Jul-1958,uc_2m,p95,-1.09459764673227
01-Oct-1958,uc_2m,p95,0.313047728162985
01-Jan-1959,uc_2m,p95,1.30114885381943
01-Apr-1959,uc_2m,p95,2.62379713022546
01-Jul-1959,uc_2m,p95,1.79004285979221
01-Oct-1959,uc_2m,p95,1.148040150518
01-Jan-1960,uc_2m,p95,2.46307195262466
01-Apr-1960,uc_2m,p95,1.00926021882697
01-Jul-1960,uc_2m,p95,0.571674257896973
01-Oct-1960,uc_2m,p95,-1.65559048468975
01-Jan-1961,uc_2m,p95,-1.91243012925702
01-Apr-1961,uc_2m,p95,-1.16336286704058
01-Jul-1961,uc_2m,p95,-0.201302876016427
01-Oct-1961,uc_2m,p95,0.785567065499322
01-Jan-1962,uc_2m,p95,1.59359898796896
01-Apr-1962,uc_2m,p95,1.5376469067171
01-Jul-1962,uc_2m,p95,1.80533593523131
01-Oct-1962,uc_2m,p95,1.19771798584361
01-Jan-1963,uc_2m,p95,1.32872023722757
01-Apr-1963,uc_2m,p95,1.50512887793531
01-Jul-1963,uc_2m,p95,2.70484889863275
01-Oct-1963,uc_2m,p95,2.41264639808333
01-Jan-1964,uc_2m,p95,3.51181427882619
01-Apr-1964,uc_2m,p95,3.61398062716574
01-Jul-1964,uc_2m,p95,4.17196818276244
01-Oct-1964,uc_2m,p95,3.51081859970702
01-Jan-1965,uc_2m,p95,4.9026206942666
01-Apr-1965,uc_2m,p95,5.15663054369554
01-Jul-1965,uc_2m,p95,6.35403187120909
01-Oct-1965,uc_2m,p95,7.61473910916334
01-Jan-1966,uc_2m,p95,9.02048046916781
01-Apr-1966,uc_2m,p95,8.36311042613636
01-Jul-1966,uc_2m,p95,8.23070147626271
01-Oct-1966,uc_2m,p95,8.07648670896293
01-Jan-1967,uc_2m,p95,8.00052297938578
01-Apr-1967,uc_2m,p95,7.1087482300988
01-Jul-1967,uc_2m,p95,7.10174933345905
01-Oct-1967,uc_2m,p95,6.91567696052294
01-Jan-1968,uc_2m,p95,7.98821085930751
01-Apr-1968,uc_2m,p95,8.71350081516039
01-Jul-1968,uc_2m,p95,8.55525614996077
01-Oct-1968,uc_2m,p95,8.02417127451292
01-Jan-1969,uc_2m,p95,8.67832189964207
01-Apr-1969,uc_2m,p95,8.08747104939926
01-Jul-1969,uc_2m,p95,7.85097474723551
01-Oct-1969,uc_2m,p95,6.48252526597787
01-Jan-1970,uc_2m,p95,5.46663337910786
01-Apr-1970,uc_2m,p95,4.73029717980148
01-Jul-1970,uc_2m,p95,4.75777286127607
01-Oct-1970,uc_2m,p95,2.79715215967963
01-Jan-1971,uc_2m,p95,4.59287051426389
01-Apr-1971,uc_2m,p95,4.26600214288135
01-Jul-1971,uc_2m,p95,4.21385475331709
01-Oct-1971,uc_2m,p95,3.58451807885132
01-Jan-1972,uc_2m,p95,4.54927843236584
01-Apr-1972,uc_2m,p95,5.93276451012997
01-Jul-1972,uc_2m,p95,6.02650599529267
01-Oct-1972,uc_2m,p95,6.84424943181625
01-Jan-1973,uc_2m,p95,8.46587152732411
01-Apr-1973,uc_2m,p95,8.72492605356865
01-Jul-1973,uc_2m,p95,7.38021179077379
01-Oct-1973,uc_2m,p95,7.51643330907012
01-Jan-1974,uc_2m,p95,5.84097200618885
01-Apr-1974,uc_2m,p95,5.26970823701555
01-Jul-1974,uc_2m,p95,3.50315417425344
01-Oct-1974,uc_2m,p95,2.29420225974195
01-Jan-1975,uc_2m,p95,0.256550878406358
01-Apr-1975,uc_2m,p95,0.165968406601451
01-Jul-1975,uc_2m,p95,1.03994143646162
01-Oct-1975,uc_2m,p95,1.57194272496025
01-Jan-1976,uc_2m,p95,2.98007095690912
01-Apr-1976,uc_2m,p95,2.90891260039399
01-Jul-1976,uc_2m,p95,2.64645157454453
01-Oct-1976,uc_2m,p95,2.54807789466793
01-Jan-1977,uc_2m,p95,2.93739682168888
01-Apr-1977,uc_2m,p95,4.0613251737023
01-Jul-1977,uc_2m,p95,5.04060891337275
01-Oct-1977,uc_2m,p95,4.24481274304321
01-Jan-1978,uc_2m,p95,3.77021430457569
01-Apr-1978,uc_2m,p95,6.77388231830486
01-Jul-1978,uc_2m,p95,6.99546513060767
01-Oct-1978,uc_2m,p95,7.56898064424564
01-Jan-1979,uc_2m,p95,7.00080000828996
01-Apr-1979,uc_2m,p95,6.3318184524029
01-Jul-1979,uc_2m,p95,6.30950472043025
01-Oct-1979,uc_2m,p95,5.80420943350265
01-Jan-1980,uc_2m,p95,5.37826398037475
01-Apr-1980,uc_2m,p95,2.53636256559889
01-Jul-1980,uc_2m,p95,1.65125578278145
01-Oct-1980,uc_2m,p95,2.74922871677899
01-Jan-1981,uc_2m,p95,3.95140804823046
01-Apr-1981,uc_2m,p95,2.47072590706205
01-Jul-1981,uc_2m,p95,2.92767744829257
01-Oct-1981,uc_2m,p95,1.09548354366694
01-Jan-1982,uc_2m,p95,-1.2394624811493
01-Apr-1982,uc_2m,p95,-1.53746185995408
01-Jul-1982,uc_2m,p95,-2.69921119259732
01-Oct-1982,uc_2m,p95,-3.43662981888792
01-Jan-1983,uc_2m,p95,-2.88965805012498
01-Apr-1983,uc_2m,p95,-1.39878529922328
01-Jul-1983,uc_2m,p95,-0.204631406453871
01-Oct-1983,uc_2m,p95,1.07555474156567
01-Jan-1984,uc_2m,p95,2.22406028241596
01-Apr-1984,uc_2m,p95,3.14629656151692
01-Jul-1984,uc_2m,p95,3.30554902636908
01-Oct-1984,uc_2m,p95,3.33443076724291
01-Jan-1985,uc_2m,p95,3.49283495115816
01-Apr-1985,uc_2m,p95,3.55641311034361
01-Jul-1985,uc_2m,p95,4.25478022211456
01-Oct-1985,uc_2m,p95,4.20333185807766
01-Jan-1986,uc_2m,p95,4.32640802174001
01-Apr-1986,uc_2m,p95,3.99798206340751
01-Jul-1986,uc_2m,p95,4.15622990183402
01-Oct-1986,uc_2m,p95,3.89199300978976
01-Jan-1987,uc_2m,p95,3.82936511111808
01-Apr-1987,uc_2m,p95,4.1069930089381
01-Jul-1987,uc_2m,p95,4.18261373066963
01-Oct-1987,uc_2m,p95,5.08587572392366
01-Jan-1988,uc_2m,p95,4.80969192851677
01-Apr-1988,uc_2m,p95,5.3052443910446
01-Jul-1988,uc_2m,p95,5.1095007268695
01-Oct-1988,uc_2m,p95,5.66096486697666
01-Jan-1989,uc_2m,p95,5.87579323491269
01-Apr-1989,uc_2m,p95,5.84081132137294
01-Jul-1989,uc_2m,p95,5.82186437467118
01-Oct-1989,uc_2m,p95,5.24885544182899
01-Jan-1990,uc_2m,p95,5.56393130865735
01-Apr-1990,uc_2m,p95,5.17994329687468
01-Jul-1990,uc_2m,p95,4.49720864712464
01-Oct-1990,uc_2m,p95,2.83668718484427
01-Jan-1991,uc_2m,p95,1.62931472648637
01-Apr-1991,uc_2m,p95,1.65766863215168
01-Jul-1991,uc_2m,p95,1.41373481772081
01-Oct-1991,uc_2m,p95,1.00916235715044
01-Jan-1992,uc_2m,p95,1.44143684332391
01-Apr-1992,uc_2m,p95,1.76472678146331
01-Jul-1992,uc_2m,p95,2.01342653006191
01-Oct-1992,uc_2m,p95,2.28478595283093
01-Jan-1993,uc_2m,p95,1.69181884983118
01-Apr-1993,uc_2m,p95,1.49920057457933
01-Jul-1993,uc_2m,p95,1.21939975480615
01-Oct-1993,uc_2m,p95,1.81427454612196
01-Jan-1994,uc_2m,p95,2.01832956183898
01-Apr-1994,uc_2m,p95,2.60351125895443
01-Jul-1994,uc_2m,p95,2.43123512568582
01-Oct-1994,uc_2m,p95,2.82157304198796
01-Jan-1995,uc_2m,p95,2.41839228552288
01-Apr-1995,uc_2m,p95,1.94844600332004
01-Jul-1995,uc_2m,p95,2.0490949143209
01-Oct-1995,uc_2m,p95,1.96494616609419
01-Jan-1996,uc_2m,p95,1.96313294890967
01-Apr-1996,uc_2m,p95,2.8639014909084
01-Jul-1996,uc_2m,p95,2.99858110033387
01-Oct-1996,uc_2m,p95,3.28600795207888
01-Jan-1997,uc_2m,p95,3.18464270697461
01-Apr-1997,uc_2m,p95,4.08358172513454
01-Jul-1997,uc_2m,p95,4.58446691813066
01-Oct-1997,uc_2m,p95,4.69007591543703
01-Jan-1998,uc_2m,p95,4.95052508704248
01-Apr-1998,uc_2m,p95,5.14265666343522
01-Jul-1998,uc_2m,p95,5.66194805315894
01-Oct-1998,uc_2m,p95,6.50864421672804
01-Jan-1999,uc_2m,p95,6.71278668453073
01-Apr-1999,uc_2m,p95,6.81233115125053
01-Jul-1999,uc_2m,p95,7.40373651303793
01-Oct-1999,uc_2m,p95,8.31286019429649
01-Jan-2000,uc_2m,p95,7.95911468113781
01-Apr-2000,uc_2m,p95,9.0614097685704
01-Jul-2000,uc_2m,p95,8.47210933032852
01-Oct-2000,uc_2m,p95,8.37122210846491
01-Jan-2001,uc_2m,p95,7.3579546308606
01-Apr-2001,uc_2m,p95,7.30332536332088
01-Jul-2001,uc_2m,p95,6.22962154925472
01-Oct-2001,uc_2m,p95,5.85438990457908
01-Jan-2002,uc_2m,p95,6.01033196832316
01-Apr-2002,uc_2m,p95,5.94835000795877
01-Jul-2002,uc_2m,p95,5.7043441030977
01-Oct-2002,uc_2m,p95,5.17027569469997
01-Jan-2003,uc_2m,p95,5.05149735454398
01-Apr-2003,uc_2m,p95,5.27766515479072
01-Jul-2003,uc_2m,p95,6.26865064578931
01-Oct-2003,uc_2m,p95,6.78537439252028
01-Jan-2004,uc_2m,p95,6.73272303057911
01-Apr-2004,uc_2m,p95,6.86771996454746
01-Jul-2004,uc_2m,p95,7.19162096506113
01-Oct-2004,uc_2m,p95,7.58602057269439
01-Jan-2005,uc_2m,p95,8.08138610742259
01-Apr-2005,uc_2m,p95,7.97104763357805
01-Jul-2005,uc_2m,p95,8.14082628587471
01-Oct-2005,uc_2m,p95,8.10508086419162
01-Jan-2006,uc_2m,p95,8.86776725950926
01-Apr-2006,uc_2m,p95,8.55160196821663
01-Jul-2006,uc_2m,p95,8.13455531148469
01-Oct-2006,uc_2m,p95,8.41870117478078
01-Jan-2007,uc_2m,p95,8.16604275265428
01-Apr-2007,uc_2m,p95,8.22566826452714
01-Jul-2007,uc_2m,p95,8.25404485460382
01-Oct-2007,uc_2m,p95,8.34468393870549
01-Jan-2008,uc_2m,p95,7.39457372984629
01-Apr-2008,uc_2m,p95,7.4684468459044
01-Jul-2008,uc_2m,p95,6.42450419339281
01-Oct-2008,uc_2m,p95,3.66179587872392
01-Jan-2009,uc_2m,p95,1.98464885153226
01-Apr-2009,uc_2m,p95,1.25822299883794
01-Jul-2009,uc_2m,p95,1.06713326477552
01-Oct-2009,uc_2m,p95,1.61089392615077
01-Jan-2010,uc_2m,p95,1.5616548702925
01-Apr-2010,uc_2m,p95,1.9994610910594
01-Jul-2010,uc_2m,p95,2.23710265415417
01-Oct-2010,uc_2m,p95,2.22681190358787
01-Jan-2011,uc_2m,p95,1.46333267846887
01-Apr-2011,uc_2m,p95,1.61534840464151
01-Jul-2011,uc_2m,p95,1.07536147980846
01-Oct-2011,uc_2m,p95,1.67227603831054
01-Jan-2012,uc_2m,p95,1.97557219583399
01-Apr-2012,uc_2m,p95,1.8941005302371
01-Jul-2012,uc_2m,p95,1.53216620811321
01-Oct-2012,uc_2m,p95,1.12953373334506
01-Jan-2013,uc_2m,p95,1.60418260888014
01-Apr-2013,uc_2m,p95,1.35447784014775
01-Jul-2013,uc_2m,p95,1.67721034808829
01-Oct-2013,uc_2m,p95,2.02370454929553
01-Jan-2014,uc_2m,p95,1.17990807616428
01-Apr-2014,uc_2m,p95,1.93882657912627
01-Jul-2014,uc_2m,p95,2.61819811829309
01-Oct-2014,uc_2m,p95,2.5916423060807
01-Jan-2015,uc_2m,p95,2.94970675569078
01-Apr-2015,uc_2m,p95,3.0382415544201
01-Jul-2015,uc_2m,p95,2.9107099488034
01-Oct-2015,uc_2m,p95,2.57556005404302
01-Jan-2016,uc_2m,p95,2.62308690216662
01-Apr-2016,uc_2m,p95,2.40621340627143
01-Jul-2016,uc_2m,p95,2.5744472104891
01-Oct-2016,uc_2m,p95,2.60579317116941
01-Jan-2017,uc_2m,p95,2.56441779762361
01-Apr-2017,uc_2m,p95,2.60120720641731
01-Jul-2017,uc_2m,p95,2.84359888855477
01-Oct-2017,uc_2m,p95,3.41684497993111
01-Jan-2018,uc_2m,p95,3.68781602373718
01-Apr-2018,uc_2m,p95,3.66824420491355
01-Jul-2018,uc_2m,p95,3.74548726136754
01-Oct-2018,uc_2m,p95,3.34021107954851
01-Jan-2019,uc_2m,p95,3.4311735391438
01-Apr-2019,uc_2m,p95,3.71856307322099
01-Jul-2019,uc_2m,p95,4.33648822680647
01-Oct-2019,uc_2m,p95,4.47012473724641
01-Jan-2020,uc_2m,p95,2.61311469190173
01-Apr-2020,uc_2m,p95,-6.05783636258695
01-Jul-2020,uc_2m,p95,0.885674673680739
01-Oct-2020,uc_2m,p95,1.47147002558171
01-Jan-2021,uc_2m,p95,2.3179380872823
01-Apr-2021,uc_2m,p95,3.43793126485247
01-Jul-2021,uc_2m,p95,3.71197368860481
01-Oct-2021,uc_2m,p95,4.83794737794949
01-Jan-2022,uc_2m,p95,4.02884377554466
01-Apr-2022,uc_2m,p95,3.61738062999211
01-Jul-2022,uc_2m,p95,3.77936333960781
01-Oct-2022,uc_2m,p95,3.91718255080968
01-Jan-2023,uc_2m,p95,4.10302526899392
01-Apr-2023,uc_2m,p95,4.18579977917545
01-Jul-2023,uc_2m,p95,4.77353238904419
01-Oct-2023,uc_2m,p95,5.07516571552003
01-Jan-2024,uc_2m,p95,4.77079068286952
01-Apr-2024,uc_2m,p95,5.12642644651118
01-Jul-2024,uc_2m,p95,5.41091774015172
01-Oct-2024,uc_2m,p95,5.359800309516
01-Jan-2025,uc_2m,p95,4.69451128943746
01-Apr-2025,uc_2m,p95,5.14903664217576
01-Jul-2025,uc_2m,p95,5.73823688079563
01-Oct-2025,uc_2m,p95,5.38454320308648
01-Jan-2026,uc_2m,p95,5.43991559473574
01-Apr-2026,uc_2m,p95,5.37091066577631
01-Jan-1947,ucur_break2,mcse,0.0107677680618141
01-Apr-1947,ucur_break2,mcse,0.034875131244084
01-Jul-1947,ucur_break2,mcse,0.0515143310432521
01-Oct-1947,ucur_break2,mcse,0.030015783741747
01-Jan-1948,ucur_break2,mcse,0.0318351554794471
01-Apr-1948,ucur_break2,mcse,0.0403116613582071
01-Jul-1948,ucur_break2,mcse,0.0422161475497199
01-Oct-1948,ucur_break2,mcse,0.0603199048806471
01-Jan-1949,ucur_break2,mcse,0.119199967037705
01-Apr-1949,ucur_break2,mcse,0.151419501159593
01-Jul-1949,ucur_break2,mcse,0.152986932723716
01-Oct-1949,ucur_break2,mcse,0.178286558286419
01-Jan-1950,ucur_break2,mcse,0.103865742774269
01-Apr-1950,ucur_break2,mcse,0.0520732409042306
01-Jul-1950,ucur_break2,mcse,0.037377437035654
01-Oct-1950,ucur_break2,mcse,0.0473498559090174
01-Jan-1951,ucur_break2,mcse,0.0504790013705699
01-Apr-1951,ucur_break2,mcse,0.0626670797435127
01-Jul-1951,ucur_break2,mcse,0.0804454345500946
01-Oct-1951,ucur_break2,mcse,0.0625398225236642
01-Jan-1952,ucur_break2,mcse,0.0668653508420589
01-Apr-1952,ucur_break2,mcse,0.0621869154901702
01-Jul-1952,ucur_break2,mcse,0.0709024923740058
01-Oct-1952,ucur_break2,mcse,0.124235061160763
01-Jan-1953,ucur_break2,mcse,0.136912861504869
01-Apr-1953,ucur_break2,mcse,0.113242443615797
01-Jul-1953,ucur_break2,mcse,0.0610363016980433
01-Oct-1953,ucur_break2,mcse,0.0197739837225354
01-Jan-1954,ucur_break2,mcse,0.0386955986063652
01-Apr-1954,ucur_break2,mcse,0.0476127342485992
01-Jul-1954,ucur_break2,mcse,0.0348067947738754
01-Oct-1954,ucur_break2,mcse,0.0238250162527428
01-Jan-1955,ucur_break2,mcse,0.0624068720627386
01-Apr-1955,ucur_break2,mcse,0.0753038969042678
01-Jul-1955,ucur_break2,mcse,0.0817756607222725
01-Oct-1955,ucur_break2,mcse,0.0733442293158975
01-Jan-1956,ucur_break2,mcse,0.0511703679983805
01-Apr-1956,ucur_break2,mcse,0.0547274223344577
01-Jul-1956,ucur_break2,mcse,0.0443110016751701
01-Oct-1956,ucur_break2,mcse,0.0641979628048949
01-Jan-1957,ucur_break2,mcse,0.0590118943374308
01-Apr-1957,ucur_break2,mcse,0.048097096090922
01-Jul-1957,ucur_break2,mcse,0.0433897317948049
01-Oct-1957,ucur_break2,mcse,0.0705532341139336
01-Jan-1958,ucur_break2,mcse,0.139833531193386
01-Apr-1958,ucur_break2,mcse,0.128726146699012
01-Jul-1958,ucur_break2,mcse,0.0814807159514801
01-Oct-1958,ucur_break2,mcse,0.0468301357974367
01-Jan-1959,ucur_break2,mcse,0.0306009007517386
01-Apr-1959,ucur_break2,mcse,0.0261071095656499
01-Jul-1959,ucur_break2,mcse,0.0344526764992
01-Oct-1959,ucur_break2,mcse,0.0470304587061964
01-Jan-1960,ucur_break2,mcse,0.039547580604568
01-Apr-1960,ucur_break2,mcse,0.0587504826988521
01-Jul-1960,ucur_break2,mcse,0.0756098496620577
01-Oct-1960,ucur_break2,mcse,0.122085617029481
01-Jan-1961,ucur_break2,mcse,0.120787717669478
01-Apr-1961,ucur_break2,mcse,0.0954825209286283
01-Jul-1961,ucur_break2,mcse,0.0717220577327421
01-Oct-1961,ucur_break2,mcse,0.0527173474958961
01-Jan-1962,ucur_break2,mcse,0.0440062101513612
01-Apr-1962,ucur_break2,mcse,0.0490533503776604
01-Jul-1962,ucur_break2,mcse,0.0502169542766918
01-Oct-1962,ucur_break2,mcse,0.0657061236588373
01-Jan-1963,ucur_break2,mcse,0.0655670787117091
01-Apr-1963,ucur_break2,mcse,0.060725013399585
01-Jul-1963,ucur_break2,mcse,0.0441129763552035
01-Oct-1963,ucur_break2,mcse,0.0491024108456131
01-Jan-1964,ucur_break2,mcse,0.0379315586705755
01-Apr-1964,ucur_break2,mcse,0.0389338823203075
01-Jul-1964,ucur_break2,mcse,0.0441344109412894
01-Oct-1964,ucur_break2,mcse,0.0522007108126238
01-Jan-1965,ucur_break2,mcse,0.0461322615754034
01-Apr-1965,ucur_break2,mcse,0.0456072314291616
01-Jul-1965,ucur_break2,mcse,0.0604085236861518
01-Oct-1965,ucur_break2,mcse,0.0832194937196781
01-Jan-1966,ucur_break2,mcse,0.103817350787457
01-Apr-1966,ucur_break2,mcse,0.0851482272760028
01-Jul-1966,ucur_break2,mcse,0.0781639120320278
01-Oct-1966,ucur_break2,mcse,0.0738173607964651
01-Jan-1967,ucur_break2,mcse,0.0684849114488442
01-Apr-1967,ucur_break2,mcse,0.049353835164132
01-Jul-1967,ucur_break2,mcse,0.0517612784424288
01-Oct-1967,ucur_break2,mcse,0.0524269527651403
01-Jan-1968,ucur_break2,mcse,0.0781661197472031
01-Apr-1968,ucur_break2,mcse,0.0947497080340503
01-Jul-1968,ucur_break2,mcse,0.0924741696392492
01-Oct-1968,ucur_break2,mcse,0.0845735827646711
01-Jan-1969,ucur_break2,mcse,0.097955657664169
01-Apr-1969,ucur_break2,mcse,0.0843424987193485
01-Jul-1969,ucur_break2,mcse,0.0703651096444195
01-Oct-1969,ucur_break2,mcse,0.0375080128606444
01-Jan-1970,ucur_break2,mcse,0.0232667016296934
01-Apr-1970,ucur_break2,mcse,0.0240013461036211
01-Jul-1970,ucur_break2,mcse,0.025673192247226
01-Oct-1970,ucur_break2,mcse,0.0591813026630784
01-Jan-1971,ucur_break2,mcse,0.0246878891829628
01-Apr-1971,ucur_break2,mcse,0.0337534921430214
01-Jul-1971,ucur_break2,mcse,0.0398193295895599
01-Oct-1971,ucur_break2,mcse,0.049752459978988
01-Jan-1972,ucur_break2,mcse,0.0277820210799626
01-Apr-1972,ucur_break2,mcse,0.0274120193977579
01-Jul-1972,ucur_break2,mcse,0.0334118587070921
01-Oct-1972,ucur_break2,mcse,0.0571748530995689
01-Jan-1973,ucur_break2,mcse,0.0968005562604059
01-Apr-1973,ucur_break2,mcse,0.102400578610938
01-Jul-1973,ucur_break2,mcse,0.0781239407319783
01-Oct-1973,ucur_break2,mcse,0.0769110166902132
01-Jan-1974,ucur_break2,mcse,0.0482309360037785
01-Apr-1974,ucur_break2,mcse,0.0359969565888423
01-Jul-1974,ucur_break2,mcse,0.0478318372815478
01-Oct-1974,ucur_break2,mcse,0.0740787674479258
01-Jan-1975,ucur_break2,mcse,0.111877086839009
01-Apr-1975,ucur_break2,mcse,0.102476708805537
01-Jul-1975,ucur_break2,mcse,0.0763287133155934
01-Oct-1975,ucur_break2,mcse,0.0625041649147862
01-Jan-1976,ucur_break2,mcse,0.0374696159669336
01-Apr-1976,ucur_break2,mcse,0.0414516726551304
01-Jul-1976,ucur_break2,mcse,0.0475935792178002
01-Oct-1976,ucur_break2,mcse,0.0457290206244868
01-Jan-1977,ucur_break2,mcse,0.0347974698171368
01-Apr-1977,ucur_break2,mcse,0.0212295400710012
01-Jul-1977,ucur_break2,mcse,0.0331047489431934
01-Oct-1977,ucur_break2,mcse,0.029819343486816
01-Jan-1978,ucur_break2,mcse,0.0261230098096835
01-Apr-1978,ucur_break2,mcse,0.0835760525970483
01-Jul-1978,ucur_break2,mcse,0.0929684945918137
01-Oct-1978,ucur_break2,mcse,0.0995654636296391
01-Jan-1979,ucur_break2,mcse,0.0858007813210435
01-Apr-1979,ucur_break2,mcse,0.073599470022429
01-Jul-1979,ucur_break2,mcse,0.0726909449427624
01-Oct-1979,ucur_break2,mcse,0.0604772227536192
01-Jan-1980,ucur_break2,mcse,0.0467108820967903
01-Apr-1980,ucur_break2,mcse,0.0376324847708226
01-Jul-1980,ucur_break2,mcse,0.038806771676055
01-Oct-1980,ucur_break2,mcse,0.031830790240249
01-Jan-1981,ucur_break2,mcse,0.0489659919997849
01-Apr-1981,ucur_break2,mcse,0.0424221897114
01-Jul-1981,ucur_break2,mcse,0.0437424405263456
01-Oct-1981,ucur_break2,mcse,0.0677439162738095
01-Jan-1982,ucur_break2,mcse,0.114410726828271
01-Apr-1982,ucur_break2,mcse,0.123243619364664
01-Jul-1982,ucur_break2,mcse,0.148865065928406
01-Oct-1982,ucur_break2,mcse,0.162149077521291
01-Jan-1983,ucur_break2,mcse,0.142345735874019
01-Apr-1983,ucur_break2,mcse,0.103644050596874
01-Jul-1983,ucur_break2,mcse,0.0737621653567101
01-Oct-1983,ucur_break2,mcse,0.0474579481107315
01-Jan-1984,ucur_break2,mcse,0.0290433580837016
01-Apr-1984,ucur_break2,mcse,0.023992602906759
01-Jul-1984,ucur_break2,mcse,0.0216795800639738
01-Oct-1984,ucur_break2,mcse,0.022529647981299
01-Jan-1985,ucur_break2,mcse,0.0220345776175296
01-Apr-1985,ucur_break2,mcse,0.0224950459401931
01-Jul-1985,ucur_break2,mcse,0.0321464389482153
01-Oct-1985,ucur_break2,mcse,0.0291333728893232
01-Jan-1986,ucur_break2,mcse,0.0274642858093108
01-Apr-1986,ucur_break2,mcse,0.0188213460081934
01-Jul-1986,ucur_break2,mcse,0.0213009785014756
01-Oct-1986,ucur_break2,mcse,0.0221505814753699
01-Jan-1987,ucur_break2,mcse,0.0222797140067064
01-Apr-1987,ucur_break2,mcse,0.0244875430198792
01-Jul-1987,ucur_break2,mcse,0.0240105225876054
01-Oct-1987,ucur_break2,mcse,0.0388639378698803
01-Jan-1988,ucur_break2,mcse,0.0346896059836176
01-Apr-1988,ucur_break2,mcse,0.0460755650283137
01-Jul-1988,ucur_break2,mcse,0.0464760792952901
01-Oct-1988,ucur_break2,mcse,0.0596939672995404
01-Jan-1989,ucur_break2,mcse,0.0677842606633797
01-Apr-1989,ucur_break2,mcse,0.0708563876196013
01-Jul-1989,ucur_break2,mcse,0.070854836422501
01-Oct-1989,ucur_break2,mcse,0.0616105409573249
01-Jan-1990,ucur_break2,mcse,0.0701571241807241
01-Apr-1990,ucur_break2,mcse,0.0572542127107693
01-Jul-1990,ucur_break2,mcse,0.0344276127368905
01-Oct-1990,ucur_break2,mcse,0.0237008291996314
01-Jan-1991,ucur_break2,mcse,0.0435258213587442
01-Apr-1991,ucur_break2,mcse,0.0390374019773639
01-Jul-1991,ucur_break2,mcse,0.04338962682559
01-Oct-1991,ucur_break2,mcse,0.0498238897428524
01-Jan-1992,ucur_break2,mcse,0.0379118066774785
01-Apr-1992,ucur_break2,mcse,0.0282213817479225
01-Jul-1992,ucur_break2,mcse,0.0241955289493054
01-Oct-1992,ucur_break2,mcse,0.0242947459631902
01-Jan-1993,ucur_break2,mcse,0.0385597868083927
01-Apr-1993,ucur_break2,mcse,0.043635687947091
01-Jul-1993,ucur_break2,mcse,0.0455805646861008
01-Oct-1993,ucur_break2,mcse,0.0297972913342561
01-Jan-1994,ucur_break2,mcse,0.0250613152600606
01-Apr-1994,ucur_break2,mcse,0.0181885772371937
01-Jul-1994,ucur_break2,mcse,0.0205605019125338
01-Oct-1994,ucur_break2,mcse,0.0180103087829315
01-Jan-1995,ucur_break2,mcse,0.0302297862714199
01-Apr-1995,ucur_break2,mcse,0.0430140314151417
01-Jul-1995,ucur_break2,mcse,0.044616597281096
01-Oct-1995,ucur_break2,mcse,0.0453129925364878
01-Jan-1996,ucur_break2,mcse,0.0432035041536433
01-Apr-1996,ucur_break2,mcse,0.0305666585393237
01-Jul-1996,ucur_break2,mcse,0.0313641967104021
01-Oct-1996,ucur_break2,mcse,0.0304316638386359
01-Jan-1997,ucur_break2,mcse,0.0291168095284269
01-Apr-1997,ucur_break2,mcse,0.0208425368427062
01-Jul-1997,ucur_break2,mcse,0.0227408971639168
01-Oct-1997,ucur_break2,mcse,0.0260522320567302
01-Jan-1998,ucur_break2,mcse,0.0296270279915932
01-Apr-1998,ucur_break2,mcse,0.0319375816538538
01-Jul-1998,ucur_break2,mcse,0.0367793773976126
01-Oct-1998,ucur_break2,mcse,0.0494073942770013
01-Jan-1999,ucur_break2,mcse,0.0525606440824672
01-Apr-1999,ucur_break2,mcse,0.0541057571823203
01-Jul-1999,ucur_break2,mcse,0.0681178618360603
01-Oct-1999,ucur_break2,mcse,0.0879286318702653
01-Jan-2000,ucur_break2,mcse,0.0826446300345851
01-Apr-2000,ucur_break2,mcse,0.103539452839018
01-Jul-2000,ucur_break2,mcse,0.0881542723076989
01-Oct-2000,ucur_break2,mcse,0.0807322431174162
01-Jan-2001,ucur_break2,mcse,0.0569827718613897
01-Apr-2001,ucur_break2,mcse,0.0511196538503356
01-Jul-2001,ucur_break2,mcse,0.0293613530019365
01-Oct-2001,ucur_break2,mcse,0.0229716051239224
01-Jan-2002,ucur_break2,mcse,0.0231970244174215
01-Apr-2002,ucur_break2,mcse,0.019310355577934
01-Jul-2002,ucur_break2,mcse,0.0164174081365504
01-Oct-2002,ucur_break2,mcse,0.0224064961175038
01-Jan-2003,ucur_break2,mcse,0.0212023881490841
01-Apr-2003,ucur_break2,mcse,0.0166237390939712
01-Jul-2003,ucur_break2,mcse,0.021483028351529
01-Oct-2003,ucur_break2,mcse,0.0292265009035143
01-Jan-2004,ucur_break2,mcse,0.0256508119037339
01-Apr-2004,ucur_break2,mcse,0.0276599702279703
01-Jul-2004,ucur_break2,mcse,0.0341849135576615
01-Oct-2004,ucur_break2,mcse,0.044193428118
01-Jan-2005,ucur_break2,mcse,0.0522301241317733
01-Apr-2005,ucur_break2,mcse,0.0487722018211629
01-Jul-2005,ucur_break2,mcse,0.0509317782220031
01-Oct-2005,ucur_break2,mcse,0.0524547644314746
01-Jan-2006,ucur_break2,mcse,0.0639042837123969
01-Apr-2006,ucur_break2,mcse,0.0535560409842813
01-Jul-2006,ucur_break2,mcse,0.0450132670140518
01-Oct-2006,ucur_break2,mcse,0.0534334700348951
01-Jan-2007,ucur_break2,mcse,0.057541144587123
01-Apr-2007,ucur_break2,mcse,0.0674792199585628
01-Jul-2007,ucur_break2,mcse,0.0763648849301411
01-Oct-2007,ucur_break2,mcse,0.0821011208470281
01-Jan-2008,ucur_break2,mcse,0.0706139841825639
01-Apr-2008,ucur_break2,mcse,0.0732468011345482
01-Jul-2008,ucur_break2,mcse,0.0510823071466611
01-Oct-2008,ucur_break2,mcse,0.0622571725140629
01-Jan-2009,ucur_break2,mcse,0.0899583658035386
01-Apr-2009,ucur_break2,mcse,0.0938031987873811
01-Jul-2009,ucur_break2,mcse,0.0857001451317631
01-Oct-2009,ucur_break2,mcse,0.0691314350160653
01-Jan-2010,ucur_break2,mcse,0.0657417339718859
01-Apr-2010,ucur_break2,mcse,0.0552503276007613
01-Jul-2010,ucur_break2,mcse,0.050449939956341
01-Oct-2010,ucur_break2,mcse,0.0519422853685
01-Jan-2011,ucur_break2,mcse,0.0636746761399427
01-Apr-2011,ucur_break2,mcse,0.0560159519440686
01-Jul-2011,ucur_break2,mcse,0.0615162894880333
01-Oct-2011,ucur_break2,mcse,0.0473982095839139
01-Jan-2012,ucur_break2,mcse,0.0422346211131549
01-Apr-2012,ucur_break2,mcse,0.0436040268781481
01-Jul-2012,ucur_break2,mcse,0.0503090032471443
01-Oct-2012,ucur_break2,mcse,0.057626183714242
01-Jan-2013,ucur_break2,mcse,0.0474785090859796
01-Apr-2013,ucur_break2,mcse,0.0538405733720116
01-Jul-2013,ucur_break2,mcse,0.0482623646024186
01-Oct-2013,ucur_break2,mcse,0.0436960684644464
01-Jan-2014,ucur_break2,mcse,0.0568047990939113
01-Apr-2014,ucur_break2,mcse,0.0353987901865264
01-Jul-2014,ucur_break2,mcse,0.0222277979700691
01-Oct-2014,ucur_break2,mcse,0.0242609599454731
01-Jan-2015,ucur_break2,mcse,0.01874690027053
01-Apr-2015,ucur_break2,mcse,0.0187070743466045
01-Jul-2015,ucur_break2,mcse,0.0228608753308671
01-Oct-2015,ucur_break2,mcse,0.0297215792743174
01-Jan-2016,ucur_break2,mcse,0.0303608880024533
01-Apr-2016,ucur_break2,mcse,0.034712065753505
01-Jul-2016,ucur_break2,mcse,0.033534668709909
01-Oct-2016,ucur_break2,mcse,0.0317487414957309
01-Jan-2017,ucur_break2,mcse,0.0326270733634628
01-Apr-2017,ucur_break2,mcse,0.0299064908592807
01-Jul-2017,ucur_break2,mcse,0.0220911150108947
01-Oct-2017,ucur_break2,mcse,0.015236071914089
01-Jan-2018,ucur_break2,mcse,0.016315446242543
01-Apr-2018,ucur_break2,mcse,0.0165448500365424
01-Jul-2018,ucur_break2,mcse,0.0172089097877814
01-Oct-2018,ucur_break2,mcse,0.0203139694087323
01-Jan-2019,ucur_break2,mcse,0.0334868796765131
01-Apr-2019,ucur_break2,mcse,0.046144512925456
01-Jul-2019,ucur_break2,mcse,0.0460576093081619
01-Oct-2019,ucur_break2,mcse,0.0342688693812913
01-Jan-2020,ucur_break2,mcse,0.0877458490248871
01-Apr-2020,ucur_break2,mcse,0.238521718675153
01-Jul-2020,ucur_break2,mcse,0.0691349733324048
01-Oct-2020,ucur_break2,mcse,0.0456971946592619
01-Jan-2021,ucur_break2,mcse,0.0370194610417384
01-Apr-2021,ucur_break2,mcse,0.0252347379731582
01-Jul-2021,ucur_break2,mcse,0.0230960348481768
01-Oct-2021,ucur_break2,mcse,0.0316466747148357
01-Jan-2022,ucur_break2,mcse,0.0202409125289334
01-Apr-2022,ucur_break2,mcse,0.0214729560131809
01-Jul-2022,ucur_break2,mcse,0.0196016061064661
01-Oct-2022,ucur_break2,mcse,0.0211996228437721
01-Jan-2023,ucur_break2,mcse,0.0219412276058443
01-Apr-2023,ucur_break2,mcse,0.0223231844322391
01-Jul-2023,ucur_break2,mcse,0.0267437233203132
01-Oct-2023,ucur_break2,mcse,0.0317546953650971
01-Jan-2024,ucur_break2,mcse,0.0230561716942909
01-Apr-2024,ucur_break2,mcse,0.026434806606154
01-Jul-2024,ucur_break2,mcse,0.0330839769056479
01-Oct-2024,ucur_break2,mcse,0.0306438322849038
01-Jan-2025,ucur_break2,mcse,0.020276234781281
01-Apr-2025,ucur_break2,mcse,0.0261795980156146
01-Jul-2025,ucur_break2,mcse,0.035617001883401
01-Oct-2025,ucur_break2,mcse,0.0243849658625193
01-Jan-2026,ucur_break2,mcse,0.0224862643479577
01-Apr-2026,ucur_break2,mcse,0.0204333781510416
01-Jan-1947,ucur_break2,mean,0.0262925244062832
01-Apr-1947,ucur_break2,mean,-0.231495586703206
01-Jul-1947,ucur_break2,mean,-0.433229434583127
01-Oct-1947,ucur_break2,mean,-0.304599833598622
01-Jan-1948,ucur_break2,mean,0.0547104512343882
01-Apr-1948,ucur_break2,mean,0.456547033891651
01-Jul-1948,ucur_break2,mean,0.596485281593131
01-Oct-1948,ucur_break2,mean,0.295335753744581
01-Jan-1949,ucur_break2,mean,-0.446908610334369
01-Apr-1949,ucur_break2,mean,-1.20011236321984
01-Jul-1949,ucur_break2,mean,-1.9022499744197
01-Oct-1949,ucur_break2,mean,-2.36065777276313
01-Jan-1950,ucur_break2,mean,-1.97656224580654
01-Apr-1950,ucur_break2,mean,-1.27018210698817
01-Jul-1950,ucur_break2,mean,-0.457469625455771
01-Oct-1950,ucur_break2,mean,0.0124433166134345
01-Jan-1951,ucur_break2,mean,0.296475721009209
01-Apr-1951,ucur_break2,mean,0.536388658736693
01-Jul-1951,ucur_break2,mean,0.664497714536882
01-Oct-1951,ucur_break2,mean,0.506142005410177
01-Jan-1952,ucur_break2,mean,0.258660044640813
01-Apr-1952,ucur_break2,mean,-0.000323507532061183
01-Jul-1952,ucur_break2,mean,0.181763095890019
01-Oct-1952,ucur_break2,mean,0.883942868193242
01-Jan-1953,ucur_break2,mean,1.5103391344685
01-Apr-1953,ucur_break2,mean,1.72784302456828
01-Jul-1953,ucur_break2,mean,1.33220479935913
01-Oct-1953,ucur_break2,mean,0.521761001162368
01-Jan-1954,ucur_break2,mean,-0.262187505022727
01-Apr-1954,ucur_break2,mean,-0.796975635444216
01-Jul-1954,ucur_break2,mean,-0.869312481505456
01-Oct-1954,ucur_break2,mean,-0.473224386098169
01-Jan-1955,ucur_break2,mean,0.17019030782313
01-Apr-1955,ucur_break2,mean,0.695446320117414
01-Jul-1955,ucur_break2,mean,0.981356232405215
01-Oct-1955,ucur_break2,mean,0.916721273731759
01-Jan-1956,ucur_break2,mean,0.665063507525259
01-Apr-1956,ucur_break2,mean,0.497625426587239
01-Jul-1956,ucur_break2,mean,0.457954536568503
01-Oct-1956,ucur_break2,mean,0.704600214417409
01-Jan-1957,ucur_break2,mean,0.884594320104895
01-Apr-1957,ucur_break2,mean,0.953601074884022
01-Jul-1957,ucur_break2,mean,0.795406776851943
01-Oct-1957,ucur_break2,mean,-0.0246386243078624
01-Jan-1958,ucur_break2,mean,-1.0501356364247
01-Apr-1958,ucur_break2,mean,-1.4728779885833
01-Jul-1958,ucur_break2,mean,-1.30577171468173
01-Oct-1958,ucur_break2,mean,-0.812884477119329
01-Jan-1959,ucur_break2,mean,-0.241289116721239
01-Apr-1959,ucur_break2,mean,0.157857449957882
01-Jul-1959,ucur_break2,mean,0.206202243387452
01-Oct-1959,ucur_break2,mean,0.299081210315592
01-Jan-1960,ucur_break2,mean,0.439432802989216
01-Apr-1960,ucur_break2,mean,0.198232642804298
01-Jul-1960,ucur_break2,mean,-0.257054656401255
01-Oct-1960,ucur_break2,mean,-0.942262825268904
01-Jan-1961,ucur_break2,mean,-1.28877884124617
01-Apr-1961,ucur_break2,mean,-1.25664094213819
01-Jul-1961,ucur_break2,mean,-0.965335420397792
01-Oct-1961,ucur_break2,mean,-0.579046045627408
01-Jan-1962,ucur_break2,mean,-0.30277624626137
01-Apr-1962,ucur_break2,mean,-0.24738822523182
01-Jul-1962,ucur_break2,mean,-0.340466796647405
01-Oct-1962,ucur_break2,mean,-0.579446136895203
01-Jan-1963,ucur_break2,mean,-0.729169517261048
01-Apr-1963,ucur_break2,mean,-0.722299024488403
01-Jul-1963,ucur_break2,mean,-0.587899175373897
01-Oct-1963,ucur_break2,mean,-0.532368258892414
01-Jan-1964,ucur_break2,mean,-0.384251900521787
01-Apr-1964,ucur_break2,mean,-0.382143106362436
01-Jul-1964,ucur_break2,mean,-0.483240628475491
01-Oct-1964,ucur_break2,mean,-0.653027503357185
01-Jan-1965,ucur_break2,mean,-0.59901751316743
01-Apr-1965,ucur_break2,mean,-0.495949664599135
01-Jul-1965,ucur_break2,mean,-0.131055471620264
01-Oct-1965,ucur_break2,mean,0.365871173103991
01-Jan-1966,ucur_break2,mean,0.746693310001763
01-Apr-1966,ucur_break2,mean,0.798986670373569
01-Jul-1966,ucur_break2,mean,0.771176774072183
01-Oct-1966,ucur_break2,mean,0.671570334512583
01-Jan-1967,ucur_break2,mean,0.494289304259404
01-Apr-1967,ucur_break2,mean,0.231309191760549
01-Jul-1967,ucur_break2,mean,0.0741989725034844
01-Oct-1967,ucur_break2,mean,0.0882774628350714
01-Jan-1968,ucur_break2,mean,0.36698593481828
01-Apr-1968,ucur_break2,mean,0.619432069114289
01-Jul-1968,ucur_break2,mean,0.736182467136121
01-Oct-1968,ucur_break2,mean,0.841324650955266
01-Jan-1969,ucur_break2,mean,1.0094258981698
01-Apr-1969,ucur_break2,mean,1.04580776990469
01-Jul-1969,ucur_break2,mean,0.96578552653784
01-Oct-1969,ucur_break2,mean,0.667237250821262
01-Jan-1970,ucur_break2,mean,0.33741870502873
01-Apr-1970,ucur_break2,mean,0.0501556485410167
01-Jul-1970,ucur_break2,mean,-0.204491303464637
01-Oct-1970,ucur_break2,mean,-0.424383850960643
01-Jan-1971,ucur_break2,mean,-0.266522219004112
01-Apr-1971,ucur_break2,mean,-0.334817517685337
01-Jul-1971,ucur_break2,mean,-0.493989585549208
01-Oct-1971,ucur_break2,mean,-0.659696570512991
01-Jan-1972,ucur_break2,mean,-0.550930674201504
01-Apr-1972,ucur_break2,mean,-0.361322944953663
01-Jul-1972,ucur_break2,mean,-0.174407579030157
01-Oct-1972,ucur_break2,mean,0.24054456813071
01-Jan-1973,ucur_break2,mean,0.790865224836436
01-Apr-1973,ucur_break2,mean,1.08534567236676
01-Jul-1973,ucur_break2,mean,1.13807035648325
01-Oct-1973,ucur_break2,mean,1.16511960135518
01-Jan-1974,ucur_break2,mean,0.982771169798895
01-Apr-1974,ucur_break2,mean,0.731882121824591
01-Jul-1974,ucur_break2,mean,0.239945417737683
01-Oct-1974,ucur_break2,mean,-0.386734449388708
01-Jan-1975,ucur_break2,mean,-1.00388131616511
01-Apr-1975,ucur_break2,mean,-1.21961703130604
01-Jul-1975,ucur_break2,mean,-1.076417785579
01-Oct-1975,ucur_break2,mean,-0.750244225214437
01-Jan-1976,ucur_break2,mean,-0.393823065031623
01-Apr-1976,ucur_break2,mean,-0.337057363307993
01-Jul-1976,ucur_break2,mean,-0.449015413294339
01-Oct-1976,ucur_break2,mean,-0.550591326530949
01-Jan-1977,ucur_break2,mean,-0.464174282583254
01-Apr-1977,ucur_break2,mean,-0.246363976215837
01-Jul-1977,ucur_break2,mean,-0.187259325618674
01-Oct-1977,ucur_break2,mean,-0.365434415276208
01-Jan-1978,ucur_break2,mean,-0.256499986958949
01-Apr-1978,ucur_break2,mean,0.310489125851648
01-Jul-1978,ucur_break2,mean,0.698945502659517
01-Oct-1978,ucur_break2,mean,0.980549140753372
01-Jan-1979,ucur_break2,mean,1.01964994924989
01-Apr-1979,ucur_break2,mean,1.02821181490234
01-Jul-1979,ucur_break2,mean,1.09260734460049
01-Oct-1979,ucur_break2,mean,1.02111754160204
01-Jan-1980,ucur_break2,mean,0.643779142369031
01-Apr-1980,ucur_break2,mean,-0.0108887809285189
01-Jul-1980,ucur_break2,mean,-0.235596113938104
01-Oct-1980,ucur_break2,mean,0.0765966691802893
01-Jan-1981,ucur_break2,mean,0.488044776951231
01-Apr-1981,ucur_break2,mean,0.673503102098203
01-Jul-1981,ucur_break2,mean,0.741600035959412
01-Oct-1981,ucur_break2,mean,0.289799360677929
01-Jan-1982,ucur_break2,mean,-0.322827586793296
01-Apr-1982,ucur_break2,mean,-0.829008131647402
01-Jul-1982,ucur_break2,mean,-1.40113418799091
01-Oct-1982,ucur_break2,mean,-1.78103691076652
01-Jan-1983,ucur_break2,mean,-1.80674915049174
01-Apr-1983,ucur_break2,mean,-1.54760336355727
01-Jul-1983,ucur_break2,mean,-1.16130898095162
01-Oct-1983,ucur_break2,mean,-0.736005198114582
01-Jan-1984,ucur_break2,mean,-0.331791519119373
01-Apr-1984,ucur_break2,mean,-0.089803173135831
01-Jul-1984,ucur_break2,mean,-0.0294852955268283
01-Oct-1984,ucur_break2,mean,-0.0671298593118551
01-Jan-1985,ucur_break2,mean,-0.0844381872973071
01-Apr-1985,ucur_break2,mean,-0.0397426521268215
01-Jul-1985,ucur_break2,mean,0.0976723934203932
01-Oct-1985,ucur_break2,mean,0.152544282602284
01-Jan-1986,ucur_break2,mean,0.15466113356465
01-Apr-1986,ucur_break2,mean,0.0992417544714573
01-Jul-1986,ucur_break2,mean,0.0349301960979234
01-Oct-1986,ucur_break2,mean,-0.0759733724387979
01-Jan-1987,ucur_break2,mean,-0.150269838721005
01-Apr-1987,ucur_break2,mean,-0.150333528601978
01-Jul-1987,ucur_break2,mean,-0.0667097004447157
01-Oct-1987,ucur_break2,mean,0.0736163819371252
01-Jan-1988,ucur_break2,mean,0.109105846251226
01-Apr-1988,ucur_break2,mean,0.176625128312037
01-Jul-1988,ucur_break2,mean,0.217102653912375
01-Oct-1988,ucur_break2,mean,0.35363224035444
01-Jan-1989,ucur_break2,mean,0.477865614086511
01-Apr-1989,ucur_break2,mean,0.567341069985057
01-Jul-1989,ucur_break2,mean,0.625196893531726
01-Oct-1989,ucur_break2,mean,0.710821015050332
01-Jan-1990,ucur_break2,mean,0.877414334853999
01-Apr-1990,ucur_break2,mean,0.91037691357415
01-Jul-1990,ucur_break2,mean,0.701486653429325
01-Oct-1990,ucur_break2,mean,0.249485915301994
01-Jan-1991,ucur_break2,mean,-0.12821261934624
01-Apr-1991,ucur_break2,mean,-0.322090057409222
01-Jul-1991,ucur_break2,mean,-0.470680819081961
01-Oct-1991,ucur_break2,mean,-0.516824928498237
01-Jan-1992,ucur_break2,mean,-0.395109993985022
01-Apr-1992,ucur_break2,mean,-0.230678528492771
01-Jul-1992,ucur_break2,mean,-0.0928669777074843
01-Oct-1992,ucur_break2,mean,-0.0654281720705749
01-Jan-1993,ucur_break2,mean,-0.213762153012998
01-Apr-1993,ucur_break2,mean,-0.373925071478095
01-Jul-1993,ucur_break2,mean,-0.463907316499387
01-Oct-1993,ucur_break2,mean,-0.398561469147981
01-Jan-1994,ucur_break2,mean,-0.273826903254143
01-Apr-1994,ucur_break2,mean,-0.113830392427162
01-Jul-1994,ucur_break2,mean,-0.0204974767129331
01-Oct-1994,ucur_break2,mean,0.0194488943834417
01-Jan-1995,ucur_break2,mean,-0.107581229777124
01-Apr-1995,ucur_break2,mean,-0.276369006141991
01-Jul-1995,ucur_break2,mean,-0.404456558346898
01-Oct-1995,ucur_break2,mean,-0.511559519661836
01-Jan-1996,ucur_break2,mean,-0.504171122576864
01-Apr-1996,ucur_break2,mean,-0.398109440406165
01-Jul-1996,ucur_break2,mean,-0.370557366035799
01-Oct-1996,ucur_break2,mean,-0.374720871450195
01-Jan-1997,ucur_break2,mean,-0.36448771885041
01-Apr-1997,ucur_break2,mean,-0.235250755802639
01-Jul-1997,ucur_break2,mean,-0.158905789357659
01-Oct-1997,ucur_break2,mean,-0.142005680931976
01-Jan-1998,ucur_break2,mean,-0.164798644302981
01-Apr-1998,ucur_break2,mean,-0.163402871175661
01-Jul-1998,ucur_break2,mean,-0.0620682035430949
01-Oct-1998,ucur_break2,mean,0.0663139552676795
01-Jan-1999,ucur_break2,mean,0.0946700056121736
01-Apr-1999,ucur_break2,mean,0.152818800616496
01-Jul-1999,ucur_break2,mean,0.324821841100194
01-Oct-1999,ucur_break2,mean,0.522392261913446
01-Jan-2000,ucur_break2,mean,0.69978288064386
01-Apr-2000,ucur_break2,mean,0.941526065311658
01-Jul-2000,ucur_break2,mean,0.982942359583624
01-Oct-2000,ucur_break2,mean,0.939979214330142
01-Jan-2001,ucur_break2,mean,0.75739507740972
01-Apr-2001,ucur_break2,mean,0.574985102974885
01-Jul-2001,ucur_break2,mean,0.308757894112473
01-Oct-2001,ucur_break2,mean,0.194856906588145
01-Jan-2002,ucur_break2,mean,0.196766893889695
01-Apr-2002,ucur_break2,mean,0.167962844072966
01-Jul-2002,ucur_break2,mean,0.0351401566987565
01-Oct-2002,ucur_break2,mean,-0.17496561041197
01-Jan-2003,ucur_break2,mean,-0.30867946305053
01-Apr-2003,ucur_break2,mean,-0.259440764244137
01-Jul-2003,ucur_break2,mean,-0.055980117211743
01-Oct-2003,ucur_break2,mean,0.0779644931315384
01-Jan-2004,ucur_break2,mean,0.11299524724266
01-Apr-2004,ucur_break2,mean,0.121162632051046
01-Jul-2004,ucur_break2,mean,0.179010534691407
01-Oct-2004,ucur_break2,mean,0.279431716758784
01-Jan-2005,ucur_break2,mean,0.362362275389408
01-Apr-2005,ucur_break2,mean,0.38392644022642
01-Jul-2005,ucur_break2,mean,0.412356244398167
01-Oct-2005,ucur_break2,mean,0.479236547452546
01-Jan-2006,ucur_break2,mean,0.568504689081602
01-Apr-2006,ucur_break2,mean,0.493728776762631
01-Jul-2006,ucur_break2,mean,0.380058458348951
01-Oct-2006,ucur_break2,mean,0.347929755883682
01-Jan-2007,ucur_break2,mean,0.380553922916001
01-Apr-2007,ucur_break2,mean,0.528296205528397
01-Jul-2007,ucur_break2,mean,0.750459062042132
01-Oct-2007,ucur_break2,mean,0.971444873461826
01-Jan-2008,ucur_break2,mean,1.13823326719681
01-Apr-2008,ucur_break2,mean,1.2668353899755
01-Jul-2008,ucur_break2,mean,0.96259806334733
01-Oct-2008,ucur_break2,mean,0.275491873726969
01-Jan-2009,ucur_break2,mean,-0.350207995478177
01-Apr-2009,ucur_break2,mean,-0.73418150640326
01-Jul-2009,ucur_break2,mean,-0.812657904679846
01-Oct-2009,ucur_break2,mean,-0.676198904320413
01-Jan-2010,ucur_break2,mean,-0.505263535050024
01-Apr-2010,ucur_break2,mean,-0.283507944580998
01-Jul-2010,ucur_break2,mean,-0.137017885209855
01-Oct-2010,ucur_break2,mean,-0.151312376899322
01-Jan-2011,ucur_break2,mean,-0.287040854615928
01-Apr-2011,ucur_break2,mean,-0.395337208245003
01-Jul-2011,ucur_break2,mean,-0.464288438114724
01-Oct-2011,ucur_break2,mean,-0.329116200529986
01-Jan-2012,ucur_break2,mean,-0.209099083285552
01-Apr-2012,ucur_break2,mean,-0.207945146757219
01-Jul-2012,ucur_break2,mean,-0.309312323958629
01-Oct-2012,ucur_break2,mean,-0.386446183587229
01-Jan-2013,ucur_break2,mean,-0.382073595073354
01-Apr-2013,ucur_break2,mean,-0.398105561146047
01-Jul-2013,ucur_break2,mean,-0.358569217145885
01-Oct-2013,ucur_break2,mean,-0.410724485662726
01-Jan-2014,ucur_break2,mean,-0.512584269864769
01-Apr-2014,ucur_break2,mean,-0.400108558933116
01-Jul-2014,ucur_break2,mean,-0.256340028251848
01-Oct-2014,ucur_break2,mean,-0.142891653300994
01-Jan-2015,ucur_break2,mean,-0.0175078302679685
01-Apr-2015,ucur_break2,mean,0.0207972755194331
01-Jul-2015,ucur_break2,mean,-0.0199975266925018
01-Oct-2015,ucur_break2,mean,-0.104839609929606
01-Jan-2016,ucur_break2,mean,-0.177288725819649
01-Apr-2016,ucur_break2,mean,-0.226663537560589
01-Jul-2016,ucur_break2,mean,-0.220154166559711
01-Oct-2016,ucur_break2,mean,-0.25675219950687
01-Jan-2017,ucur_break2,mean,-0.305015818599675
01-Apr-2017,ucur_break2,mean,-0.313106013767824
01-Jul-2017,ucur_break2,mean,-0.228926687149347
01-Oct-2017,ucur_break2,mean,-0.0761984869063162
01-Jan-2018,ucur_break2,mean,0.0220710174204557
01-Apr-2018,ucur_break2,mean,0.0448203476873602
01-Jul-2018,ucur_break2,mean,0.0136139208499629
01-Oct-2018,ucur_break2,mean,0.00636578184708912
01-Jan-2019,ucur_break2,mean,0.203561494894605
01-Apr-2019,ucur_break2,mean,0.598763612848771
01-Jul-2019,ucur_break2,mean,1.0094392694001
01-Oct-2019,ucur_break2,mean,0.81568102598618
01-Jan-2020,ucur_break2,mean,-0.513046777745902
01-Apr-2020,ucur_break2,mean,-1.94808396915232
01-Jul-2020,ucur_break2,mean,-1.53176310259668
01-Oct-2020,ucur_break2,mean,-1.1759705189646
01-Jan-2021,ucur_break2,mean,-0.649134177673497
01-Apr-2021,ucur_break2,mean,-0.170604555559027
01-Jul-2021,ucur_break2,mean,0.124690920294922
01-Oct-2021,ucur_break2,mean,0.289400318646969
01-Jan-2022,ucur_break2,mean,0.121782377869616
01-Apr-2022,ucur_break2,mean,-0.0540199307573468
01-Jul-2022,ucur_break2,mean,-0.149559083211145
01-Oct-2022,ucur_break2,mean,-0.18722083020769
01-Jan-2023,ucur_break2,mean,-0.181181477622979
01-Apr-2023,ucur_break2,mean,-0.106889179223406
01-Jul-2023,ucur_break2,mean,0.0320684470075941
01-Oct-2023,ucur_break2,mean,0.0963868321806762
01-Jan-2024,ucur_break2,mean,0.101459439699826
01-Apr-2024,ucur_break2,mean,0.179057875981809
01-Jul-2024,ucur_break2,mean,0.221415547765711
01-Oct-2024,ucur_break2,mean,0.147619746540113
01-Jan-2025,ucur_break2,mean,0.0465926594572436
01-Apr-2025,ucur_break2,mean,0.126236019045771
01-Jul-2025,ucur_break2,mean,0.22739349963968
01-Oct-2025,ucur_break2,mean,0.224943053145032
01-Jan-2026,ucur_break2,mean,0.205789780042199
01-Apr-2026,ucur_break2,mean,0.157064143161455
01-Jan-1947,ucur_break2,p05,-1.03779151459685
01-Apr-1947,ucur_break2,p05,-1.93495361509264
01-Jul-1947,ucur_break2,p05,-2.45973748435256
01-Oct-1947,ucur_break2,p05,-2.15669091799697
01-Jan-1948,ucur_break2,p05,-1.80585870304515
01-Apr-1948,ucur_break2,p05,-1.41416682268476
01-Jul-1948,ucur_break2,p05,-1.74847419877739
01-Oct-1948,ucur_break2,p05,-2.49575736934798
01-Jan-1949,ucur_break2,p05,-4.21080734386834
01-Apr-1949,ucur_break2,p05,-5.43018996798946
01-Jul-1949,ucur_break2,p05,-6.11726602552415
01-Oct-1949,ucur_break2,p05,-6.86695562292846
01-Jan-1950,ucur_break2,p05,-5.35921344513031
01-Apr-1950,ucur_break2,p05,-3.99892122485727
01-Jul-1950,ucur_break2,p05,-2.66066956457291
01-Oct-1950,ucur_break2,p05,-2.09001070498113
01-Jan-1951,ucur_break2,p05,-1.79626149136561
01-Apr-1951,ucur_break2,p05,-1.46284604438108
01-Jul-1951,ucur_break2,p05,-1.2009614813295
01-Oct-1951,ucur_break2,p05,-1.53250248005259
01-Jan-1952,ucur_break2,p05,-2.0840517042119
01-Apr-1952,ucur_break2,p05,-2.29427445687543
01-Jul-1952,ucur_break2,p05,-1.90524443328457
01-Oct-1952,ucur_break2,p05,-1.20658330938465
01-Jan-1953,ucur_break2,p05,-0.681952812074428
01-Apr-1953,ucur_break2,p05,-0.292613117161636
01-Jul-1953,ucur_break2,p05,-0.433125034045986
01-Oct-1953,ucur_break2,p05,-1.53363404624747
01-Jan-1954,ucur_break2,p05,-2.54876831232497
01-Apr-1954,ucur_break2,p05,-3.16638829327701
01-Jul-1954,ucur_break2,p05,-3.11016573223401
01-Oct-1954,ucur_break2,p05,-2.43779945741881
01-Jan-1955,ucur_break2,p05,-1.6475720901463
01-Apr-1955,ucur_break2,p05,-1.0571773421762
01-Jul-1955,ucur_break2,p05,-0.738423475453374
01-Oct-1955,ucur_break2,p05,-0.768183977784815
01-Jan-1956,ucur_break2,p05,-1.08891358899888
01-Apr-1956,ucur_break2,p05,-1.31499312061351
01-Jul-1956,ucur_break2,p05,-1.34313985437569
01-Oct-1956,ucur_break2,p05,-1.06958809256759
01-Jan-1957,ucur_break2,p05,-0.967631990693803
01-Apr-1957,ucur_break2,p05,-1.23257621971959
01-Jul-1957,ucur_break2,p05,-1.50545580830038
01-Oct-1957,ucur_break2,p05,-2.78623790159679
01-Jan-1958,ucur_break2,p05,-4.71493304900793
01-Apr-1958,ucur_break2,p05,-4.93435109842648
01-Jul-1958,ucur_break2,p05,-4.16549212962263
01-Oct-1958,ucur_break2,p05,-3.21105340020063
01-Jan-1959,ucur_break2,p05,-2.45208800664454
01-Apr-1959,ucur_break2,p05,-1.81075699913936
01-Jul-1959,ucur_break2,p05,-2.08282967174728
01-Oct-1959,ucur_break2,p05,-2.24649484916597
01-Jan-1960,ucur_break2,p05,-1.77562807394656
01-Apr-1960,ucur_break2,p05,-2.55690291696305
01-Jul-1960,ucur_break2,p05,-3.18263054921414
01-Oct-1960,ucur_break2,p05,-4.53674670686496
01-Jan-1961,ucur_break2,p05,-4.91048087277022
01-Apr-1961,ucur_break2,p05,-4.48338713634331
01-Jul-1961,ucur_break2,p05,-3.93656075522438
01-Oct-1961,ucur_break2,p05,-3.31200667612887
01-Jan-1962,ucur_break2,p05,-2.92532482205132
01-Apr-1962,ucur_break2,p05,-2.93872333625751
01-Jul-1962,ucur_break2,p05,-3.10038394660103
01-Oct-1962,ucur_break2,p05,-3.56531880440599
01-Jan-1963,ucur_break2,p05,-3.64931530051308
01-Apr-1963,ucur_break2,p05,-3.59665722128761
01-Jul-1963,ucur_break2,p05,-3.14224450604297
01-Oct-1963,ucur_break2,p05,-3.29134430359818
01-Jan-1964,ucur_break2,p05,-2.92410488587012
01-Apr-1964,ucur_break2,p05,-2.91150011750403
01-Jul-1964,ucur_break2,p05,-3.09370348823148
01-Oct-1964,ucur_break2,p05,-3.36890327264535
01-Jan-1965,ucur_break2,p05,-3.03783354013007
01-Apr-1965,ucur_break2,p05,-2.85883829771427
01-Jul-1965,ucur_break2,p05,-2.31352457004726
01-Oct-1965,ucur_break2,p05,-1.64319961760049
01-Jan-1966,ucur_break2,p05,-1.24548962924757
01-Apr-1966,ucur_break2,p05,-1.09758783839186
01-Jul-1966,ucur_break2,p05,-1.1161074839427
01-Oct-1966,ucur_break2,p05,-1.18427749504195
01-Jan-1967,ucur_break2,p05,-1.42871560923169
01-Apr-1967,ucur_break2,p05,-1.81160133356866
01-Jul-1967,ucur_break2,p05,-1.96524174010682
01-Oct-1967,ucur_break2,p05,-1.8670716431356
01-Jan-1968,ucur_break2,p05,-1.46990279601511
01-Apr-1968,ucur_break2,p05,-1.23151201074262
01-Jul-1968,ucur_break2,p05,-1.08188092891612
01-Oct-1968,ucur_break2,p05,-0.90354968158681
01-Jan-1969,ucur_break2,p05,-0.694257594401449
01-Apr-1969,ucur_break2,p05,-0.593155394514383
01-Jul-1969,ucur_break2,p05,-0.654699100967719
01-Oct-1969,ucur_break2,p05,-1.04787413308514
01-Jan-1970,ucur_break2,p05,-1.58391070410659
01-Apr-1970,ucur_break2,p05,-2.05042624249108
01-Jul-1970,ucur_break2,p05,-2.35794477022347
01-Oct-1970,ucur_break2,p05,-3.00388328338585
01-Jan-1971,ucur_break2,p05,-2.4904197187484
01-Apr-1971,ucur_break2,p05,-2.65675730276786
01-Jul-1971,ucur_break2,p05,-2.89930349649984
01-Oct-1971,ucur_break2,p05,-3.16683985432189
01-Jan-1972,ucur_break2,p05,-2.74027713485395
01-Apr-1972,ucur_break2,p05,-2.45690851191443
01-Jul-1972,ucur_break2,p05,-2.19678559664544
01-Oct-1972,ucur_break2,p05,-1.6794386704168
01-Jan-1973,ucur_break2,p05,-1.09733325730832
01-Apr-1973,ucur_break2,p05,-0.778722997423358
01-Jul-1973,ucur_break2,p05,-0.627089904670527
01-Oct-1973,ucur_break2,p05,-0.605440428479881
01-Jan-1974,ucur_break2,p05,-0.920813156095392
01-Apr-1974,ucur_break2,p05,-1.35162082228589
01-Jul-1974,ucur_break2,p05,-2.30255739397239
01-Oct-1974,ucur_break2,p05,-3.14415858436479
01-Jan-1975,ucur_break2,p05,-4.29501136207216
01-Apr-1975,ucur_break2,p05,-4.41152882841124
01-Jul-1975,ucur_break2,p05,-3.96150656635922
01-Oct-1975,ucur_break2,p05,-3.45149121711938
01-Jan-1976,ucur_break2,p05,-2.73352016727591
01-Apr-1976,ucur_break2,p05,-2.77860196931294
01-Jul-1976,ucur_break2,p05,-2.99524230584751
01-Oct-1976,ucur_break2,p05,-3.03472455799061
01-Jan-1977,ucur_break2,p05,-2.79049764195787
01-Apr-1977,ucur_break2,p05,-2.32121339710477
01-Jul-1977,ucur_break2,p05,-2.31365790121822
01-Oct-1977,ucur_break2,p05,-2.65466173704141
01-Jan-1978,ucur_break2,p05,-2.45746717024423
01-Apr-1978,ucur_break2,p05,-1.58414058668319
01-Jul-1978,ucur_break2,p05,-1.17747859301909
01-Oct-1978,ucur_break2,p05,-0.916052258169373
01-Jan-1979,ucur_break2,p05,-0.794535916267307
01-Apr-1979,ucur_break2,p05,-0.744080984753339
01-Jul-1979,ucur_break2,p05,-0.597185539124212
01-Oct-1979,ucur_break2,p05,-0.680990184205484
01-Jan-1980,ucur_break2,p05,-1.25273364635251
01-Apr-1980,ucur_break2,p05,-2.08479872029756
01-Jul-1980,ucur_break2,p05,-2.31687773092176
01-Oct-1980,ucur_break2,p05,-1.78015169602315
01-Jan-1981,ucur_break2,p05,-1.27599683290941
01-Apr-1981,ucur_break2,p05,-1.57513529272512
01-Jul-1981,ucur_break2,p05,-1.59448827840043
01-Oct-1981,ucur_break2,p05,-2.7122807400383
01-Jan-1982,ucur_break2,p05,-4.20156289462722
01-Apr-1982,ucur_break2,p05,-4.70769251297571
01-Jul-1982,ucur_break2,p05,-5.64076122440224
01-Oct-1982,ucur_break2,p05,-6.26814975217104
01-Jan-1983,ucur_break2,p05,-5.84381636743512
01-Apr-1983,ucur_break2,p05,-4.90420184640249
01-Jul-1983,ucur_break2,p05,-4.163411199937
01-Oct-1983,ucur_break2,p05,-3.41211171281333
01-Jan-1984,ucur_break2,p05,-2.70425608124509
01-Apr-1984,ucur_break2,p05,-2.22102761853506
01-Jul-1984,ucur_break2,p05,-2.12539005365647
01-Oct-1984,ucur_break2,p05,-2.12639924525882
01-Jan-1985,ucur_break2,p05,-2.14585899715723
01-Apr-1985,ucur_break2,p05,-2.03219835020292
01-Jul-1985,ucur_break2,p05,-1.77142861263792
01-Oct-1985,ucur_break2,p05,-1.76415070706531
01-Jan-1986,ucur_break2,p05,-1.76902109137694
01-Apr-1986,ucur_break2,p05,-1.84555468443779
01-Jul-1986,ucur_break2,p05,-1.88061033929949
01-Oct-1986,ucur_break2,p05,-2.10304373971519
01-Jan-1987,ucur_break2,p05,-2.23343429820784
01-Apr-1987,ucur_break2,p05,-2.15484891199782
01-Jul-1987,ucur_break2,p05,-2.03774013319753
01-Oct-1987,ucur_break2,p05,-1.84297607914488
01-Jan-1988,ucur_break2,p05,-1.85015822959377
01-Apr-1988,ucur_break2,p05,-1.7570363701272
01-Jul-1988,ucur_break2,p05,-1.64182596358648
01-Oct-1988,ucur_break2,p05,-1.44358432398377
01-Jan-1989,ucur_break2,p05,-1.2773239025513
01-Apr-1989,ucur_break2,p05,-1.19247720541131
01-Jul-1989,ucur_break2,p05,-1.12116636328784
01-Oct-1989,ucur_break2,p05,-0.947970382833034
01-Jan-1990,ucur_break2,p05,-0.780069274557491
01-Apr-1990,ucur_break2,p05,-0.694104362435439
01-Jul-1990,ucur_break2,p05,-1.03841376752746
01-Oct-1990,ucur_break2,p05,-1.79173887857621
01-Jan-1991,ucur_break2,p05,-2.44818996917166
01-Apr-1991,ucur_break2,p05,-2.60564647754137
01-Jul-1991,ucur_break2,p05,-2.82625637024
01-Oct-1991,ucur_break2,p05,-2.89902478286416
01-Jan-1992,ucur_break2,p05,-2.69448718862867
01-Apr-1992,ucur_break2,p05,-2.45391196982308
01-Jul-1992,ucur_break2,p05,-2.26843021497007
01-Oct-1992,ucur_break2,p05,-2.20656913476154
01-Jan-1993,ucur_break2,p05,-2.54047506642519
01-Apr-1993,ucur_break2,p05,-2.77572499474235
01-Jul-1993,ucur_break2,p05,-2.87656329401295
01-Oct-1993,ucur_break2,p05,-2.61296461655041
01-Jan-1994,ucur_break2,p05,-2.46755734182534
01-Apr-1994,ucur_break2,p05,-2.20039646726724
01-Jul-1994,ucur_break2,p05,-2.19053886261548
01-Oct-1994,ucur_break2,p05,-2.13657849550918
01-Jan-1995,ucur_break2,p05,-2.47087346267261
01-Apr-1995,ucur_break2,p05,-2.75181025762265
01-Jul-1995,ucur_break2,p05,-2.82778400189198
01-Oct-1995,ucur_break2,p05,-3.02323186695924
01-Jan-1996,ucur_break2,p05,-3.03455469949478
01-Apr-1996,ucur_break2,p05,-2.73147491795095
01-Jul-1996,ucur_break2,p05,-2.74937604532369
01-Oct-1996,ucur_break2,p05,-2.72019111923231
01-Jan-1997,ucur_break2,p05,-2.78110578394416
01-Apr-1997,ucur_break2,p05,-2.4271474332362
01-Jul-1997,ucur_break2,p05,-2.30739031122079
01-Oct-1997,ucur_break2,p05,-2.28220501564556
01-Jan-1998,ucur_break2,p05,-2.33197457613574
01-Apr-1998,ucur_break2,p05,-2.30789259809683
01-Jul-1998,ucur_break2,p05,-2.17624164865896
01-Oct-1998,ucur_break2,p05,-1.9041702468661
01-Jan-1999,ucur_break2,p05,-1.94772693527273
01-Apr-1999,ucur_break2,p05,-1.80230518190552
01-Jul-1999,ucur_break2,p05,-1.5483448161383
01-Oct-1999,ucur_break2,p05,-1.36286665970397
01-Jan-2000,ucur_break2,p05,-1.07911929740516
01-Apr-2000,ucur_break2,p05,-0.893469562576627
01-Jul-2000,ucur_break2,p05,-0.732843997891109
01-Oct-2000,ucur_break2,p05,-0.76316029172898
01-Jan-2001,ucur_break2,p05,-0.937146661835357
01-Apr-2001,ucur_break2,p05,-1.12892487056627
01-Jul-2001,ucur_break2,p05,-1.50702729687185
01-Oct-2001,ucur_break2,p05,-1.69611321045483
01-Jan-2002,ucur_break2,p05,-1.67166066856441
01-Apr-2002,ucur_break2,p05,-1.7503018611045
01-Jul-2002,ucur_break2,p05,-2.00359088054051
01-Oct-2002,ucur_break2,p05,-2.2955563993429
01-Jan-2003,ucur_break2,p05,-2.46494062189413
01-Apr-2003,ucur_break2,p05,-2.3830551216563
01-Jul-2003,ucur_break2,p05,-1.96785687687253
01-Oct-2003,ucur_break2,p05,-1.73625037277299
01-Jan-2004,ucur_break2,p05,-1.76179800533987
01-Apr-2004,ucur_break2,p05,-1.72738803516779
01-Jul-2004,ucur_break2,p05,-1.65056061203848
01-Oct-2004,ucur_break2,p05,-1.54243994702932
01-Jan-2005,ucur_break2,p05,-1.42617364111578
01-Apr-2005,ucur_break2,p05,-1.41802927046507
01-Jul-2005,ucur_break2,p05,-1.38053878720621
01-Oct-2005,ucur_break2,p05,-1.31588838125288
01-Jan-2006,ucur_break2,p05,-1.19357122783526
01-Apr-2006,ucur_break2,p05,-1.34384716210019
01-Jul-2006,ucur_break2,p05,-1.49296425707314
01-Oct-2006,ucur_break2,p05,-1.51620020340033
01-Jan-2007,ucur_break2,p05,-1.45454718870758
01-Apr-2007,ucur_break2,p05,-1.26121476788882
01-Jul-2007,ucur_break2,p05,-1.05077374723101
01-Oct-2007,ucur_break2,p05,-0.853566861489242
01-Jan-2008,ucur_break2,p05,-0.761266025263012
01-Apr-2008,ucur_break2,p05,-0.678265151261428
01-Jul-2008,ucur_break2,p05,-1.10307673865685
01-Oct-2008,ucur_break2,p05,-2.36445953688315
01-Jan-2009,ucur_break2,p05,-3.29674398769623
01-Apr-2009,ucur_break2,p05,-3.75187696347956
01-Jul-2009,ucur_break2,p05,-3.75793069186966
01-Oct-2009,ucur_break2,p05,-3.40072616797283
01-Jan-2010,ucur_break2,p05,-3.2393050506418
01-Apr-2010,ucur_break2,p05,-2.971099146222
01-Jul-2010,ucur_break2,p05,-2.70558024075865
01-Oct-2010,ucur_break2,p05,-2.71536519251248
01-Jan-2011,ucur_break2,p05,-3.00888905449796
01-Apr-2011,ucur_break2,p05,-2.98478995350393
01-Jul-2011,ucur_break2,p05,-3.14947975586762
01-Oct-2011,ucur_break2,p05,-2.85172518869695
01-Jan-2012,ucur_break2,p05,-2.57862302892244
01-Apr-2012,ucur_break2,p05,-2.63141567395598
01-Jul-2012,ucur_break2,p05,-2.83990681024693
01-Oct-2012,ucur_break2,p05,-3.01170599668865
01-Jan-2013,ucur_break2,p05,-2.88468671881071
01-Apr-2013,ucur_break2,p05,-2.97970992465378
01-Jul-2013,ucur_break2,p05,-2.84413803680042
01-Oct-2013,ucur_break2,p05,-2.77322051560441
01-Jan-2014,ucur_break2,p05,-3.07303412458481
01-Apr-2014,ucur_break2,p05,-2.66238198453237
01-Jul-2014,ucur_break2,p05,-2.41818185707467
01-Oct-2014,ucur_break2,p05,-2.27707732006752
01-Jan-2015,ucur_break2,p05,-2.03102882928664
01-Apr-2015,ucur_break2,p05,-1.99916325044705
01-Jul-2015,ucur_break2,p05,-2.06865595416491
01-Oct-2015,ucur_break2,p05,-2.32518430937893
01-Jan-2016,ucur_break2,p05,-2.40362582871433
01-Apr-2016,ucur_break2,p05,-2.46766012213828
01-Jul-2016,ucur_break2,p05,-2.44705302547874
01-Oct-2016,ucur_break2,p05,-2.49216011788388
01-Jan-2017,ucur_break2,p05,-2.57170261613544
01-Apr-2017,ucur_break2,p05,-2.49882247115625
01-Jul-2017,ucur_break2,p05,-2.33278328572203
01-Oct-2017,ucur_break2,p05,-2.08211057089477
01-Jan-2018,ucur_break2,p05,-1.94235727358893
01-Apr-2018,ucur_break2,p05,-1.96556785604747
01-Jul-2018,ucur_break2,p05,-2.03868747908808
01-Oct-2018,ucur_break2,p05,-2.00996543929182
01-Jan-2019,ucur_break2,p05,-1.810062174081
01-Apr-2019,ucur_break2,p05,-1.43717548996108
01-Jul-2019,ucur_break2,p05,-1.0611449222726
01-Oct-2019,ucur_break2,p05,-1.49524609121647
01-Jan-2020,ucur_break2,p05,-3.93047306774184
01-Apr-2020,ucur_break2,p05,-7.679871336985
01-Jul-2020,ucur_break2,p05,-4.25046780784021
01-Oct-2020,ucur_break2,p05,-3.6709072877087
01-Jan-2021,ucur_break2,p05,-3.07924685964639
01-Apr-2021,ucur_break2,p05,-2.39003559364909
01-Jul-2021,ucur_break2,p05,-2.00376251285496
01-Oct-2021,ucur_break2,p05,-1.63128440598979
01-Jan-2022,ucur_break2,p05,-2.02016898097702
01-Apr-2022,ucur_break2,p05,-2.25384390978917
01-Jul-2022,ucur_break2,p05,-2.34217836380805
01-Oct-2022,ucur_break2,p05,-2.32496865697686
01-Jan-2023,ucur_break2,p05,-2.35245802684324
01-Apr-2023,ucur_break2,p05,-2.244277490272
01-Jul-2023,ucur_break2,p05,-1.93895695116197
01-Oct-2023,ucur_break2,p05,-1.89054123834751
01-Jan-2024,ucur_break2,p05,-1.964578409078
01-Apr-2024,ucur_break2,p05,-1.80746732874002
01-Jul-2024,ucur_break2,p05,-1.75621650972249
01-Oct-2024,ucur_break2,p05,-1.86623825645097
01-Jan-2025,ucur_break2,p05,-1.97298880628881
01-Apr-2025,ucur_break2,p05,-1.8612474597353
01-Jul-2025,ucur_break2,p05,-1.75094742319123
01-Oct-2025,ucur_break2,p05,-1.87798616962704
01-Jan-2026,ucur_break2,p05,-2.12474102015176
01-Apr-2026,ucur_break2,p05,-2.24596600021852
01-Jan-1947,ucur_break2,p16,-0.536953485899005
01-Apr-1947,ucur_break2,p16,-1.08627097285267
01-Jul-1947,ucur_break2,p16,-1.41152364071746
01-Oct-1947,ucur_break2,p16,-1.19910537330446
01-Jan-1948,ucur_break2,p16,-0.856982183106595
01-Apr-1948,ucur_break2,p16,-0.536952641905202
01-Jul-1948,ucur_break2,p16,-0.450232358948881
01-Oct-1948,ucur_break2,p16,-0.933624772300391
01-Jan-1949,ucur_break2,p16,-2.21973510558519
01-Apr-1949,ucur_break2,p16,-3.20091040357852
01-Jul-1949,ucur_break2,p16,-3.89337454351124
01-Oct-1949,ucur_break2,p16,-4.52381841331606
01-Jan-1950,ucur_break2,p16,-3.56506911638587
01-Apr-1950,ucur_break2,p16,-2.51897208016362
01-Jul-1950,ucur_break2,p16,-1.55762342155282
01-Oct-1950,ucur_break2,p16,-1.09247039415817
01-Jan-1951,ucur_break2,p16,-0.7697901553409
01-Apr-1951,ucur_break2,p16,-0.574384528567464
01-Jul-1951,ucur_break2,p16,-0.510186061370746
01-Oct-1951,ucur_break2,p16,-0.624741309880562
01-Jan-1952,ucur_break2,p16,-1.06665548983489
01-Apr-1952,ucur_break2,p16,-1.3914294929109
01-Jul-1952,ucur_break2,p16,-1.03573567450724
01-Oct-1952,ucur_break2,p16,-0.633972154362255
01-Jan-1953,ucur_break2,p16,-0.244573854840496
01-Apr-1953,ucur_break2,p16,0.126518229200428
01-Jul-1953,ucur_break2,p16,0.18686430719697
01-Oct-1953,ucur_break2,p16,-0.538761916513408
01-Jan-1954,ucur_break2,p16,-1.49675577125328
01-Apr-1954,ucur_break2,p16,-2.10833324334465
01-Jul-1954,ucur_break2,p16,-2.08822587630937
01-Oct-1954,ucur_break2,p16,-1.54056320096367
01-Jan-1955,ucur_break2,p16,-0.899600854249343
01-Apr-1955,ucur_break2,p16,-0.413532651182436
01-Jul-1955,ucur_break2,p16,-0.175721820352635
01-Oct-1955,ucur_break2,p16,-0.164338127958388
01-Jan-1956,ucur_break2,p16,-0.382226706885547
01-Apr-1956,ucur_break2,p16,-0.601496347650937
01-Jul-1956,ucur_break2,p16,-0.624386073244295
01-Oct-1956,ucur_break2,p16,-0.454137153980582
01-Jan-1957,ucur_break2,p16,-0.296163883310669
01-Apr-1957,ucur_break2,p16,-0.239508407052597
01-Jul-1957,ucur_break2,p16,-0.36624657475744
01-Oct-1957,ucur_break2,p16,-1.42611497866005
01-Jan-1958,ucur_break2,p16,-2.90191744521968
01-Apr-1958,ucur_break2,p16,-3.17674422117079
01-Jul-1958,ucur_break2,p16,-2.58459769293063
01-Oct-1958,ucur_break2,p16,-1.87877891135372
01-Jan-1959,ucur_break2,p16,-1.2336647226719
01-Apr-1959,ucur_break2,p16,-0.792975507321898
01-Jul-1959,ucur_break2,p16,-0.745754070643784
01-Oct-1959,ucur_break2,p16,-0.763969460399267
01-Jan-1960,ucur_break2,p16,-0.535639659175956
01-Apr-1960,ucur_break2,p16,-0.833759232207797
01-Jul-1960,ucur_break2,p16,-1.4209337872353
01-Oct-1960,ucur_break2,p16,-2.46977815521882
01-Jan-1961,ucur_break2,p16,-2.8006638042674
01-Apr-1961,ucur_break2,p16,-2.55972907779716
01-Jul-1961,ucur_break2,p16,-2.05519116902349
01-Oct-1961,ucur_break2,p16,-1.58630459665989
01-Jan-1962,ucur_break2,p16,-1.21960162917554
01-Apr-1962,ucur_break2,p16,-1.21615283824792
01-Jul-1962,ucur_break2,p16,-1.26804761618098
01-Oct-1962,ucur_break2,p16,-1.65009729800414
01-Jan-1963,ucur_break2,p16,-1.79180703142862
01-Apr-1963,ucur_break2,p16,-1.80061768642656
01-Jul-1963,ucur_break2,p16,-1.57439923742618
01-Oct-1963,ucur_break2,p16,-1.59233318394695
01-Jan-1964,ucur_break2,p16,-1.37464754084357
01-Apr-1964,ucur_break2,p16,-1.41119821659714
01-Jul-1964,ucur_break2,p16,-1.58290863139388
01-Oct-1964,ucur_break2,p16,-1.88380585939916
01-Jan-1965,ucur_break2,p16,-1.79588879537306
01-Apr-1965,ucur_break2,p16,-1.66415517439475
01-Jul-1965,ucur_break2,p16,-1.26498442791245
01-Oct-1965,ucur_break2,p16,-0.79875579264791
01-Jan-1966,ucur_break2,p16,-0.523648340404009
01-Apr-1966,ucur_break2,p16,-0.347939532944338
01-Jul-1966,ucur_break2,p16,-0.318525120054971
01-Oct-1966,ucur_break2,p16,-0.382516490328328
01-Jan-1967,ucur_break2,p16,-0.561540964074709
01-Apr-1967,ucur_break2,p16,-0.834773093325737
01-Jul-1967,ucur_break2,p16,-1.04010453493265
01-Oct-1967,ucur_break2,p16,-0.996866970552503
01-Jan-1968,ucur_break2,p16,-0.747145408588381
01-Apr-1968,ucur_break2,p16,-0.582377073616726
01-Jul-1968,ucur_break2,p16,-0.436787896127896
01-Oct-1968,ucur_break2,p16,-0.272451299743921
01-Jan-1969,ucur_break2,p16,-0.223001958329235
01-Apr-1969,ucur_break2,p16,-0.112454781117208
01-Jul-1969,ucur_break2,p16,-0.114384511036747
01-Oct-1969,ucur_break2,p16,-0.283794850979973
01-Jan-1970,ucur_break2,p16,-0.622847233106256
01-Apr-1970,ucur_break2,p16,-0.946428944745151
01-Jul-1970,ucur_break2,p16,-1.202608790157
01-Oct-1970,ucur_break2,p16,-1.64532731601048
01-Jan-1971,ucur_break2,p16,-1.24950867234219
01-Apr-1971,ucur_break2,p16,-1.37406189354544
01-Jul-1971,ucur_break2,p16,-1.61111515367463
01-Oct-1971,ucur_break2,p16,-1.86318385500397
01-Jan-1972,ucur_break2,p16,-1.61596380420968
01-Apr-1972,ucur_break2,p16,-1.41281126507408
01-Jul-1972,ucur_break2,p16,-1.22113908329447
01-Oct-1972,ucur_break2,p16,-0.821476217830195
01-Jan-1973,ucur_break2,p16,-0.503351166031791
01-Apr-1973,ucur_break2,p16,-0.254056181047986
01-Jul-1973,ucur_break2,p16,-0.0616595798641697
01-Oct-1973,ucur_break2,p16,-0.0639227996291538
01-Jan-1974,ucur_break2,p16,-0.106132099918852
01-Apr-1974,ucur_break2,p16,-0.279219458179398
01-Jul-1974,ucur_break2,p16,-0.915429878743737
01-Oct-1974,ucur_break2,p16,-1.69926388862984
01-Jan-1975,ucur_break2,p16,-2.58010464399206
01-Apr-1975,ucur_break2,p16,-2.71076332688756
01-Jul-1975,ucur_break2,p16,-2.35141682537585
01-Oct-1975,ucur_break2,p16,-1.94912566494367
01-Jan-1976,ucur_break2,p16,-1.3748681108454
01-Apr-1976,ucur_break2,p16,-1.35644778106689
01-Jul-1976,ucur_break2,p16,-1.4959001879057
01-Oct-1976,ucur_break2,p16,-1.60909764323793
01-Jan-1977,ucur_break2,p16,-1.46507175385506
01-Apr-1977,ucur_break2,p16,-1.1753818422572
01-Jul-1977,ucur_break2,p16,-1.25403593989779
01-Oct-1977,ucur_break2,p16,-1.52068991043569
01-Jan-1978,ucur_break2,p16,-1.32935178311305
01-Apr-1978,ucur_break2,p16,-0.906370724407054
01-Jul-1978,ucur_break2,p16,-0.551300266255851
01-Oct-1978,ucur_break2,p16,-0.314277116969265
01-Jan-1979,ucur_break2,p16,-0.18488878106848
01-Apr-1979,ucur_break2,p16,-0.148769534846451
01-Jul-1979,ucur_break2,p16,-0.12259474101495
01-Oct-1979,ucur_break2,p16,-0.0836405986167961
01-Jan-1980,ucur_break2,p16,-0.415622030730276
01-Apr-1980,ucur_break2,p16,-1.15430472590452
01-Jul-1980,ucur_break2,p16,-1.34375577826648
01-Oct-1980,ucur_break2,p16,-0.93169925298622
01-Jan-1981,ucur_break2,p16,-0.611645086797864
01-Apr-1981,ucur_break2,p16,-0.419581994041891
01-Jul-1981,ucur_break2,p16,-0.378522811693983
01-Oct-1981,ucur_break2,p16,-1.00642966629988
01-Jan-1982,ucur_break2,p16,-2.0139894892456
01-Apr-1982,ucur_break2,p16,-2.56859053763873
01-Jul-1982,ucur_break2,p16,-3.2721387034573
01-Oct-1982,ucur_break2,p16,-3.74125999337292
01-Jan-1983,ucur_break2,p16,-3.60299023882499
01-Apr-1983,ucur_break2,p16,-2.97759837884934
01-Jul-1983,ucur_break2,p16,-2.34429724593571
01-Oct-1983,ucur_break2,p16,-1.77764877485475
01-Jan-1984,ucur_break2,p16,-1.27518829629116
01-Apr-1984,ucur_break2,p16,-0.987250957078516
01-Jul-1984,ucur_break2,p16,-0.91607926149328
01-Oct-1984,ucur_break2,p16,-1.00575075881432
01-Jan-1985,ucur_break2,p16,-1.00933903056108
01-Apr-1985,ucur_break2,p16,-0.934904897322042
01-Jul-1985,ucur_break2,p16,-0.783986135535258
01-Oct-1985,ucur_break2,p16,-0.722772123163679
01-Jan-1986,ucur_break2,p16,-0.705233351347829
01-Apr-1986,ucur_break2,p16,-0.774484516446648
01-Jul-1986,ucur_break2,p16,-0.834295090919966
01-Oct-1986,ucur_break2,p16,-0.978486942935433
01-Jan-1987,ucur_break2,p16,-1.07530923632629
01-Apr-1987,ucur_break2,p16,-1.0733662128373
01-Jul-1987,ucur_break2,p16,-0.997678530273902
01-Oct-1987,ucur_break2,p16,-0.892517210507833
01-Jan-1988,ucur_break2,p16,-0.861408406275018
01-Apr-1988,ucur_break2,p16,-0.842387785490814
01-Jul-1988,ucur_break2,p16,-0.778471290644973
01-Oct-1988,ucur_break2,p16,-0.670893331006141
01-Jan-1989,ucur_break2,p16,-0.57347892276772
01-Apr-1989,ucur_break2,p16,-0.495400424689535
01-Jul-1989,ucur_break2,p16,-0.444076123869422
01-Oct-1989,ucur_break2,p16,-0.313367847444567
01-Jan-1990,ucur_break2,p16,-0.227237313453372
01-Apr-1990,ucur_break2,p16,-0.133812710141683
01-Jul-1990,ucur_break2,p16,-0.220157967528678
01-Oct-1990,ucur_break2,p16,-0.688219365581006
01-Jan-1991,ucur_break2,p16,-1.19258309124353
01-Apr-1991,ucur_break2,p16,-1.33734492421826
01-Jul-1991,ucur_break2,p16,-1.49761264874974
01-Oct-1991,ucur_break2,p16,-1.57770358616301
01-Jan-1992,ucur_break2,p16,-1.38532191898139
01-Apr-1992,ucur_break2,p16,-1.15256114140618
01-Jul-1992,ucur_break2,p16,-1.00510825184477
01-Oct-1992,ucur_break2,p16,-0.94425926516351
01-Jan-1993,ucur_break2,p16,-1.17655660394848
01-Apr-1993,ucur_break2,p16,-1.35247855489519
01-Jul-1993,ucur_break2,p16,-1.44140003026905
01-Oct-1993,ucur_break2,p16,-1.31831913367245
01-Jan-1994,ucur_break2,p16,-1.14659733869297
01-Apr-1994,ucur_break2,p16,-0.94186251699989
01-Jul-1994,ucur_break2,p16,-0.868806558112738
01-Oct-1994,ucur_break2,p16,-0.795077042003868
01-Jan-1995,ucur_break2,p16,-0.983642448987894
01-Apr-1995,ucur_break2,p16,-1.23850622528619
01-Jul-1995,ucur_break2,p16,-1.34498742119973
01-Oct-1995,ucur_break2,p16,-1.50029695269063
01-Jan-1996,ucur_break2,p16,-1.49913964573096
01-Apr-1996,ucur_break2,p16,-1.3175360319147
01-Jul-1996,ucur_break2,p16,-1.30770979402809
01-Oct-1996,ucur_break2,p16,-1.35445772693242
01-Jan-1997,ucur_break2,p16,-1.34320299717524
01-Apr-1997,ucur_break2,p16,-1.15345192777306
01-Jul-1997,ucur_break2,p16,-1.08488806729059
01-Oct-1997,ucur_break2,p16,-1.11460094891873
01-Jan-1998,ucur_break2,p16,-1.15459240740665
01-Apr-1998,ucur_break2,p16,-1.1604138561604
01-Jul-1998,ucur_break2,p16,-1.06778145748046
01-Oct-1998,ucur_break2,p16,-0.97150402644138
01-Jan-1999,ucur_break2,p16,-0.978006940617036
01-Apr-1999,ucur_break2,p16,-0.927329891560703
01-Jul-1999,ucur_break2,p16,-0.796012566578213
01-Oct-1999,ucur_break2,p16,-0.662018372803914
01-Jan-2000,ucur_break2,p16,-0.454210397512838
01-Apr-2000,ucur_break2,p16,-0.342883953525984
01-Jul-2000,ucur_break2,p16,-0.163697161497907
01-Oct-2000,ucur_break2,p16,-0.176775271769429
01-Jan-2001,ucur_break2,p16,-0.246213938791527
01-Apr-2001,ucur_break2,p16,-0.419576761238261
01-Jul-2001,ucur_break2,p16,-0.649906798038842
01-Oct-2001,ucur_break2,p16,-0.755313145418256
01-Jan-2002,ucur_break2,p16,-0.752076245495573
01-Apr-2002,ucur_break2,p16,-0.781599953270927
01-Jul-2002,ucur_break2,p16,-0.939800533964785
01-Oct-2002,ucur_break2,p16,-1.17652906488667
01-Jan-2003,ucur_break2,p16,-1.33512748498919
01-Apr-2003,ucur_break2,p16,-1.27668458008731
01-Jul-2003,ucur_break2,p16,-1.00614204185138
01-Oct-2003,ucur_break2,p16,-0.860707145529545
01-Jan-2004,ucur_break2,p16,-0.841303036676891
01-Apr-2004,ucur_break2,p16,-0.828140856715038
01-Jul-2004,ucur_break2,p16,-0.777952091646512
01-Oct-2004,ucur_break2,p16,-0.706506694386064
01-Jan-2005,ucur_break2,p16,-0.658508290279713
01-Apr-2005,ucur_break2,p16,-0.619910551600412
01-Jul-2005,ucur_break2,p16,-0.596210923434342
01-Oct-2005,ucur_break2,p16,-0.518875223048497
01-Jan-2006,ucur_break2,p16,-0.473638247267274
01-Apr-2006,ucur_break2,p16,-0.519496174890207
01-Jul-2006,ucur_break2,p16,-0.668982858104755
01-Oct-2006,ucur_break2,p16,-0.724311924882215
01-Jan-2007,ucur_break2,p16,-0.716141862799248
01-Apr-2007,ucur_break2,p16,-0.579078883134741
01-Jul-2007,ucur_break2,p16,-0.420893557244028
01-Oct-2007,ucur_break2,p16,-0.285204374612533
01-Jan-2008,ucur_break2,p16,-0.123880525275297
01-Apr-2008,ucur_break2,p16,-0.0597676459437366
01-Jul-2008,ucur_break2,p16,-0.158237732347118
01-Oct-2008,ucur_break2,p16,-1.00890852455842
01-Jan-2009,ucur_break2,p16,-1.79511155561295
01-Apr-2009,ucur_break2,p16,-2.14649110860074
01-Jul-2009,ucur_break2,p16,-2.1683291125978
01-Oct-2009,ucur_break2,p16,-1.88950309090774
01-Jan-2010,ucur_break2,p16,-1.67559700335244
01-Apr-2010,ucur_break2,p16,-1.39434975729176
01-Jul-2010,ucur_break2,p16,-1.18560734776577
01-Oct-2010,ucur_break2,p16,-1.19614835251457
01-Jan-2011,ucur_break2,p16,-1.39093348058901
01-Apr-2011,ucur_break2,p16,-1.4462070564914
01-Jul-2011,ucur_break2,p16,-1.54491713750792
01-Oct-2011,ucur_break2,p16,-1.30653531755024
01-Jan-2012,ucur_break2,p16,-1.16460443602602
01-Apr-2012,ucur_break2,p16,-1.15468182521926
01-Jul-2012,ucur_break2,p16,-1.30244998994499
01-Oct-2012,ucur_break2,p16,-1.39919125951536
01-Jan-2013,ucur_break2,p16,-1.37631933178841
01-Apr-2013,ucur_break2,p16,-1.41627430355925
01-Jul-2013,ucur_break2,p16,-1.35042099560235
01-Oct-2013,ucur_break2,p16,-1.3957051256113
01-Jan-2014,ucur_break2,p16,-1.55839375169268
01-Apr-2014,ucur_break2,p16,-1.35931947686578
01-Jul-2014,ucur_break2,p16,-1.14958137159687
01-Oct-2014,ucur_break2,p16,-1.02608177584648
01-Jan-2015,ucur_break2,p16,-0.859267088099216
01-Apr-2015,ucur_break2,p16,-0.811477437491135
01-Jul-2015,ucur_break2,p16,-0.858817718240516
01-Oct-2015,ucur_break2,p16,-0.968283175197485
01-Jan-2016,ucur_break2,p16,-1.07901096658952
01-Apr-2016,ucur_break2,p16,-1.1480127520602
01-Jul-2016,ucur_break2,p16,-1.12280975650339
01-Oct-2016,ucur_break2,p16,-1.19697125890644
01-Jan-2017,ucur_break2,p16,-1.2399685818051
01-Apr-2017,ucur_break2,p16,-1.2444335609772
01-Jul-2017,ucur_break2,p16,-1.14866585588345
01-Oct-2017,ucur_break2,p16,-0.982915658867341
01-Jan-2018,ucur_break2,p16,-0.8824669348528
01-Apr-2018,ucur_break2,p16,-0.91292473340576
01-Jul-2018,ucur_break2,p16,-0.985449777553356
01-Oct-2018,ucur_break2,p16,-1.00470449095332
01-Jan-2019,ucur_break2,p16,-0.828931391321021
01-Apr-2019,ucur_break2,p16,-0.543975425932786
01-Jul-2019,ucur_break2,p16,-0.219370385408126
01-Oct-2019,ucur_break2,p16,-0.269398128229511
01-Jan-2020,ucur_break2,p16,-2.07413193598018
01-Apr-2020,ucur_break2,p16,-4.54820601455282
01-Jul-2020,ucur_break2,p16,-2.77078953406243
01-Oct-2020,ucur_break2,p16,-2.24926783637898
01-Jan-2021,ucur_break2,p16,-1.66474549374743
01-Apr-2021,ucur_break2,p16,-1.12536231641405
01-Jul-2021,ucur_break2,p16,-0.809787143903577
01-Oct-2021,ucur_break2,p16,-0.646314180752313
01-Jan-2022,ucur_break2,p16,-0.753500338678748
01-Apr-2022,ucur_break2,p16,-0.970324182922468
01-Jul-2022,ucur_break2,p16,-1.07623377481013
01-Oct-2022,ucur_break2,p16,-1.15022423003211
01-Jan-2023,ucur_break2,p16,-1.13845537460065
01-Apr-2023,ucur_break2,p16,-1.05652356348355
01-Jul-2023,ucur_break2,p16,-0.90267859635037
01-Oct-2023,ucur_break2,p16,-0.847629472022334
01-Jan-2024,ucur_break2,p16,-0.846432088511335
01-Apr-2024,ucur_break2,p16,-0.747589766687327
01-Jul-2024,ucur_break2,p16,-0.714636444944688
01-Oct-2024,ucur_break2,p16,-0.81561569065542
01-Jan-2025,ucur_break2,p16,-0.921629914113282
01-Apr-2025,ucur_break2,p16,-0.818754618622734
01-Jul-2025,ucur_break2,p16,-0.757752211055902
01-Oct-2025,ucur_break2,p16,-0.75485716833316
01-Jan-2026,ucur_break2,p16,-0.807133534879767
01-Apr-2026,ucur_break2,p16,-0.917815606096781
01-Jan-1947,ucur_break2,p84,0.579947227570926
01-Apr-1947,ucur_break2,p84,0.546145379597192
01-Jul-1947,ucur_break2,p84,0.468344516515799
01-Oct-1947,ucur_break2,p84,0.549744114270879
01-Jan-1948,ucur_break2,p84,1.1009419164746
01-Apr-1948,ucur_break2,p84,1.70148882370904
01-Jul-1948,ucur_break2,p84,1.92614146565137
01-Oct-1948,ucur_break2,p84,1.60725498581189
01-Jan-1949,ucur_break2,p84,1.09966306708066
01-Apr-1949,ucur_break2,p84,0.577609405016119
01-Jul-1949,ucur_break2,p84,0.0175592943388665
01-Oct-1949,ucur_break2,p84,-0.10143504334053
01-Jan-1950,ucur_break2,p84,-0.448985833742768
01-Apr-1950,ucur_break2,p84,-0.127266778816193
01-Jul-1950,ucur_break2,p84,0.686371139078176
01-Oct-1950,ucur_break2,p84,1.22995136538992
01-Jan-1951,ucur_break2,p84,1.50514542155418
01-Apr-1951,ucur_break2,p84,1.78144300141901
01-Jul-1951,ucur_break2,p84,2.01658839422549
01-Oct-1951,ucur_break2,p84,1.74406827016537
01-Jan-1952,ucur_break2,p84,1.59238533664268
01-Apr-1952,ucur_break2,p84,1.26923863338266
01-Jul-1952,ucur_break2,p84,1.43683326136204
01-Oct-1952,ucur_break2,p84,2.55016300589853
01-Jan-1953,ucur_break2,p84,3.24422924275137
01-Apr-1953,ucur_break2,p84,3.32257687312591
01-Jul-1953,ucur_break2,p84,2.59213313683171
01-Oct-1953,ucur_break2,p84,1.569636622948
01-Jan-1954,ucur_break2,p84,0.821246587010648
01-Apr-1954,ucur_break2,p84,0.317153403066754
01-Jul-1954,ucur_break2,p84,0.125762213211317
01-Oct-1954,ucur_break2,p84,0.379769897658548
01-Jan-1955,ucur_break2,p84,1.22944700457532
01-Apr-1955,ucur_break2,p84,1.84254689849411
01-Jul-1955,ucur_break2,p84,2.18681722936043
01-Oct-1955,ucur_break2,p84,2.06532301159359
01-Jan-1956,ucur_break2,p84,1.70268300026618
01-Apr-1956,ucur_break2,p84,1.60414555516002
01-Jul-1956,ucur_break2,p84,1.58669301363778
01-Oct-1956,ucur_break2,p84,2.03898237599788
01-Jan-1957,ucur_break2,p84,2.27121720987088
01-Apr-1957,ucur_break2,p84,2.36798656684067
01-Jul-1957,ucur_break2,p84,2.0921231195872
01-Oct-1957,ucur_break2,p84,1.19449308123967
01-Jan-1958,ucur_break2,p84,0.687144435091113
01-Apr-1958,ucur_break2,p84,0.112564550943375
01-Jul-1958,ucur_break2,p84,-0.130819533427712
01-Oct-1958,ucur_break2,p84,0.166182757264437
01-Jan-1959,ucur_break2,p84,0.75631036026823
01-Apr-1959,ucur_break2,p84,1.21469758418721
01-Jul-1959,ucur_break2,p84,1.30434849304976
01-Oct-1959,ucur_break2,p84,1.55055503766067
01-Jan-1960,ucur_break2,p84,1.69464084987675
01-Apr-1960,ucur_break2,p84,1.40865461564027
01-Jul-1960,ucur_break2,p84,0.902503118774973
01-Oct-1960,ucur_break2,p84,0.547485682055822
01-Jan-1961,ucur_break2,p84,0.184588110888342
01-Apr-1961,ucur_break2,p84,-0.0225477930433726
01-Jul-1961,ucur_break2,p84,0.127116954737858
01-Oct-1961,ucur_break2,p84,0.472166801324192
01-Jan-1962,ucur_break2,p84,0.765607674912246
01-Apr-1962,ucur_break2,p84,0.811176079725044
01-Jul-1962,ucur_break2,p84,0.67855456307592
01-Oct-1962,ucur_break2,p84,0.482807842908642
01-Jan-1963,ucur_break2,p84,0.339140422455614
01-Apr-1963,ucur_break2,p84,0.313399031073573
01-Jul-1963,ucur_break2,p84,0.426093907269831
01-Oct-1963,ucur_break2,p84,0.499517386341211
01-Jan-1964,ucur_break2,p84,0.620856924629607
01-Apr-1964,ucur_break2,p84,0.624945360000424
01-Jul-1964,ucur_break2,p84,0.533093086030533
01-Oct-1964,ucur_break2,p84,0.420879650526615
01-Jan-1965,ucur_break2,p84,0.451334949778527
01-Apr-1965,ucur_break2,p84,0.574027088758044
01-Jul-1965,ucur_break2,p84,1.06248046112
01-Oct-1965,ucur_break2,p84,1.72372080620971
01-Jan-1966,ucur_break2,p84,2.24173549359278
01-Apr-1966,ucur_break2,p84,2.10258836750921
01-Jul-1966,ucur_break2,p84,1.98153665520198
01-Oct-1966,ucur_break2,p84,1.8256853578298
01-Jan-1967,ucur_break2,p84,1.59263921188074
01-Apr-1967,ucur_break2,p84,1.21666081796604
01-Jul-1967,ucur_break2,p84,1.06466041955798
01-Oct-1967,ucur_break2,p84,1.06302670600758
01-Jan-1968,ucur_break2,p84,1.51191759588704
01-Apr-1968,ucur_break2,p84,1.90215993396384
01-Jul-1968,ucur_break2,p84,2.02463333695346
01-Oct-1968,ucur_break2,p84,2.06501337724205
01-Jan-1969,ucur_break2,p84,2.34476561814887
01-Apr-1969,ucur_break2,p84,2.34384742262233
01-Jul-1969,ucur_break2,p84,2.18881506193043
01-Oct-1969,ucur_break2,p84,1.70226491406282
01-Jan-1970,ucur_break2,p84,1.31376064910938
01-Apr-1970,ucur_break2,p84,0.982206295718413
01-Jul-1970,ucur_break2,p84,0.750114152776121
01-Oct-1970,ucur_break2,p84,0.624978118309741
01-Jan-1971,ucur_break2,p84,0.682553000243558
01-Apr-1971,ucur_break2,p84,0.619139248786382
01-Jul-1971,ucur_break2,p84,0.479169782105259
01-Oct-1971,ucur_break2,p84,0.369201755099425
01-Jan-1972,ucur_break2,p84,0.318885823761946
01-Apr-1972,ucur_break2,p84,0.532154482295766
01-Jul-1972,ucur_break2,p84,0.746793597814076
01-Oct-1972,ucur_break2,p84,1.31274171833138
01-Jan-1973,ucur_break2,p84,2.21806123163748
01-Apr-1973,ucur_break2,p84,2.6016558505986
01-Jul-1973,ucur_break2,p84,2.50327387323432
01-Oct-1973,ucur_break2,p84,2.5699692399084
01-Jan-1974,ucur_break2,p84,2.31273734690393
01-Apr-1974,ucur_break2,p84,1.95448644993843
01-Jul-1974,ucur_break2,p84,1.39701474874937
01-Oct-1974,ucur_break2,p84,0.813521452572104
01-Jan-1975,ucur_break2,p84,0.456055375427013
01-Apr-1975,ucur_break2,p84,0.130853055407727
01-Jul-1975,ucur_break2,p84,0.066205647786262
01-Oct-1975,ucur_break2,p84,0.31886149107828
01-Jan-1976,ucur_break2,p84,0.601471908949293
01-Apr-1976,ucur_break2,p84,0.631588821083938
01-Jul-1976,ucur_break2,p84,0.526130334582433
01-Oct-1976,ucur_break2,p84,0.403244042788117
01-Jan-1977,ucur_break2,p84,0.440382234289871
01-Apr-1977,ucur_break2,p84,0.642218165846032
01-Jul-1977,ucur_break2,p84,0.77309518040812
01-Oct-1977,ucur_break2,p84,0.582343153970839
01-Jan-1978,ucur_break2,p84,0.637492432212071
01-Apr-1978,ucur_break2,p84,1.59920839774156
01-Jul-1978,ucur_break2,p84,2.04483890928287
01-Oct-1978,ucur_break2,p84,2.40391632706633
01-Jan-1979,ucur_break2,p84,2.34716551680793
01-Apr-1979,ucur_break2,p84,2.32352599969204
01-Jul-1979,ucur_break2,p84,2.41159599798732
01-Oct-1979,ucur_break2,p84,2.24494316592506
01-Jan-1980,ucur_break2,p84,1.7795953354605
01-Apr-1980,ucur_break2,p84,0.978991309450976
01-Jul-1980,ucur_break2,p84,0.731567839435399
01-Oct-1980,ucur_break2,p84,1.17179701115072
01-Jan-1981,ucur_break2,p84,1.77092000884647
01-Apr-1981,ucur_break2,p84,2.00027744151646
01-Jul-1981,ucur_break2,p84,2.14251502991942
01-Oct-1981,ucur_break2,p84,1.64433378635027
01-Jan-1982,ucur_break2,p84,1.19700153590441
01-Apr-1982,ucur_break2,p84,0.671114024496774
01-Jul-1982,ucur_break2,p84,0.312016090381235
01-Oct-1982,ucur_break2,p84,0.102248619287138
01-Jan-1983,ucur_break2,p84,-0.0912073712943879
01-Apr-1983,ucur_break2,p84,-0.16708802413558
01-Jul-1983,ucur_break2,p84,-0.00378867746826472
01-Oct-1983,ucur_break2,p84,0.302360144966542
01-Jan-1984,ucur_break2,p84,0.684940107839168
01-Apr-1984,ucur_break2,p84,0.939684021933715
01-Jul-1984,ucur_break2,p84,0.972710716025063
01-Oct-1984,ucur_break2,p84,0.914693690472461
01-Jan-1985,ucur_break2,p84,0.898587624439813
01-Apr-1985,ucur_break2,p84,0.931872859818895
01-Jul-1985,ucur_break2,p84,1.11062703951114
01-Oct-1985,ucur_break2,p84,1.13293032933387
01-Jan-1986,ucur_break2,p84,1.10761134546465
01-Apr-1986,ucur_break2,p84,1.00976138168357
01-Jul-1986,ucur_break2,p84,0.92775841563116
01-Oct-1986,ucur_break2,p84,0.807718225627582
01-Jan-1987,ucur_break2,p84,0.734264970953689
01-Apr-1987,ucur_break2,p84,0.760028127241412
01-Jul-1987,ucur_break2,p84,0.835418588141238
01-Oct-1987,ucur_break2,p84,1.069789223258
01-Jan-1988,ucur_break2,p84,1.04188768500092
01-Apr-1988,ucur_break2,p84,1.19361853501596
01-Jul-1988,ucur_break2,p84,1.22028746471011
01-Oct-1988,ucur_break2,p84,1.43788371219648
01-Jan-1989,ucur_break2,p84,1.63182804017282
01-Apr-1989,ucur_break2,p84,1.75074150037045
01-Jul-1989,ucur_break2,p84,1.81730019427539
01-Oct-1989,ucur_break2,p84,1.86114470116519
01-Jan-1990,ucur_break2,p84,2.10702220662051
01-Apr-1990,ucur_break2,p84,2.06460580005228
01-Jul-1990,ucur_break2,p84,1.75914130469101
01-Oct-1990,ucur_break2,p84,1.20750339215846
01-Jan-1991,ucur_break2,p84,0.856956756892146
01-Apr-1991,ucur_break2,p84,0.623782373659708
01-Jul-1991,ucur_break2,p84,0.483654635402672
01-Oct-1991,ucur_break2,p84,0.443139920512976
01-Jan-1992,ucur_break2,p84,0.554679461086948
01-Apr-1992,ucur_break2,p84,0.724933434448872
01-Jul-1992,ucur_break2,p84,0.888967035131657
01-Oct-1992,ucur_break2,p84,0.88661295485548
01-Jan-1993,ucur_break2,p84,0.725214194637715
01-Apr-1993,ucur_break2,p84,0.578590458695089
01-Jul-1993,ucur_break2,p84,0.483595195123598
01-Oct-1993,ucur_break2,p84,0.497336388512451
01-Jan-1994,ucur_break2,p84,0.633593587949463
01-Apr-1994,ucur_break2,p84,0.81554709341566
01-Jul-1994,ucur_break2,p84,0.926476299585772
01-Oct-1994,ucur_break2,p84,0.968110882633653
01-Jan-1995,ucur_break2,p84,0.841106406396136
01-Apr-1995,ucur_break2,p84,0.68494531661247
01-Jul-1995,ucur_break2,p84,0.544304341856446
01-Oct-1995,ucur_break2,p84,0.433681810142616
01-Jan-1996,ucur_break2,p84,0.44512304653199
01-Apr-1996,ucur_break2,p84,0.510686060859882
01-Jul-1996,ucur_break2,p84,0.531044265230662
01-Oct-1996,ucur_break2,p84,0.542758776350581
01-Jan-1997,ucur_break2,p84,0.545936668953516
01-Apr-1997,ucur_break2,p84,0.69002421570201
01-Jul-1997,ucur_break2,p84,0.757777049654578
01-Oct-1997,ucur_break2,p84,0.773472654119303
01-Jan-1998,ucur_break2,p84,0.77510435851093
01-Apr-1998,ucur_break2,p84,0.755061446687762
01-Jul-1998,ucur_break2,p84,0.896123854928362
01-Oct-1998,ucur_break2,p84,1.08147075771672
01-Jan-1999,ucur_break2,p84,1.12083914331663
01-Apr-1999,ucur_break2,p84,1.18505197224067
01-Jul-1999,ucur_break2,p84,1.43109258331208
01-Oct-1999,ucur_break2,p84,1.80439653644851
01-Jan-2000,ucur_break2,p84,1.92160847370275
01-Apr-2000,ucur_break2,p84,2.31363783430243
01-Jul-2000,ucur_break2,p84,2.21577836581588
01-Oct-2000,ucur_break2,p84,2.10640814183904
01-Jan-2001,ucur_break2,p84,1.80386140108396
01-Apr-2001,ucur_break2,p84,1.58836503163838
01-Jul-2001,ucur_break2,p84,1.22132640006657
01-Oct-2001,ucur_break2,p84,1.0997104077195
01-Jan-2002,ucur_break2,p84,1.09433495663285
01-Apr-2002,ucur_break2,p84,1.0754025780019
01-Jul-2002,ucur_break2,p84,0.913357241296524
01-Oct-2002,ucur_break2,p84,0.691971959179796
01-Jan-2003,ucur_break2,p84,0.539836190780875
01-Apr-2003,ucur_break2,p84,0.566811606540966
01-Jul-2003,ucur_break2,p84,0.791568945822746
01-Oct-2003,ucur_break2,p84,0.915763197681656
01-Jan-2004,ucur_break2,p84,0.939177750036436
01-Apr-2004,ucur_break2,p84,0.959812016024614
01-Jul-2004,ucur_break2,p84,1.0608320547073
01-Oct-2004,ucur_break2,p84,1.20564279665263
01-Jan-2005,ucur_break2,p84,1.32779975399791
01-Apr-2005,ucur_break2,p84,1.31349037749015
01-Jul-2005,ucur_break2,p84,1.33922719978983
01-Oct-2005,ucur_break2,p84,1.4455121479989
01-Jan-2006,ucur_break2,p84,1.5848963754886
01-Apr-2006,ucur_break2,p84,1.4162024710709
01-Jul-2006,ucur_break2,p84,1.24055600124484
01-Oct-2006,ucur_break2,p84,1.28223681681766
01-Jan-2007,ucur_break2,p84,1.3611954088563
01-Apr-2007,ucur_break2,p84,1.6497638891276
01-Jul-2007,ucur_break2,p84,2.01254659314145
01-Oct-2007,ucur_break2,p84,2.33181154929531
01-Jan-2008,ucur_break2,p84,2.54794053426411
01-Apr-2008,ucur_break2,p84,2.72181669081704
01-Jul-2008,ucur_break2,p84,2.22174853154587
01-Oct-2008,ucur_break2,p84,1.44631892251556
01-Jan-2009,ucur_break2,p84,0.872119976840622
01-Apr-2009,ucur_break2,p84,0.474384327221344
01-Jul-2009,ucur_break2,p84,0.330185160772942
01-Oct-2009,ucur_break2,p84,0.36686932837307
01-Jan-2010,ucur_break2,p84,0.538323557985734
01-Apr-2010,ucur_break2,p84,0.746298307563791
01-Jul-2010,ucur_break2,p84,0.90322493935912
01-Oct-2010,ucur_break2,p84,0.860705605454712
01-Jan-2011,ucur_break2,p84,0.745126170303081
01-Apr-2011,ucur_break2,p84,0.602548162482321
01-Jul-2011,ucur_break2,p84,0.538324602837122
01-Oct-2011,ucur_break2,p84,0.663813564163092
01-Jan-2012,ucur_break2,p84,0.789026734794675
01-Apr-2012,ucur_break2,p84,0.757927152942216
01-Jul-2012,ucur_break2,p84,0.664132416116729
01-Oct-2012,ucur_break2,p84,0.606812446360607
01-Jan-2013,ucur_break2,p84,0.586707847893365
01-Apr-2013,ucur_break2,p84,0.570207631754556
01-Jul-2013,ucur_break2,p84,0.609258857912948
01-Oct-2013,ucur_break2,p84,0.536259447656676
01-Jan-2014,ucur_break2,p84,0.474341422483917
01-Apr-2014,ucur_break2,p84,0.509140502422326
01-Jul-2014,ucur_break2,p84,0.673905344346736
01-Oct-2014,ucur_break2,p84,0.796305994697661
01-Jan-2015,ucur_break2,p84,0.909492121621383
01-Apr-2015,ucur_break2,p84,0.939851728082203
01-Jul-2015,ucur_break2,p84,0.874570031465908
01-Oct-2015,ucur_break2,p84,0.804595985949561
01-Jan-2016,ucur_break2,p84,0.732503187200621
01-Apr-2016,ucur_break2,p84,0.676580025408839
01-Jul-2016,ucur_break2,p84,0.692906361698988
01-Oct-2016,ucur_break2,p84,0.649979449099305
01-Jan-2017,ucur_break2,p84,0.611977884012106
01-Apr-2017,ucur_break2,p84,0.589783863218258
01-Jul-2017,ucur_break2,p84,0.676065346822952
01-Oct-2017,ucur_break2,p84,0.855431078681079
01-Jan-2018,ucur_break2,p84,0.973023446845275
01-Apr-2018,ucur_break2,p84,1.02755951039666
01-Jul-2018,ucur_break2,p84,1.00008343332189
01-Oct-2018,ucur_break2,p84,1.01486562327364
01-Jan-2019,ucur_break2,p84,1.37687929499469
01-Apr-2019,ucur_break2,p84,2.03237786144757
01-Jul-2019,ucur_break2,p84,2.53865217488499
01-Oct-2019,ucur_break2,p84,2.17105072009997
01-Jan-2020,ucur_break2,p84,0.865842720491059
01-Apr-2020,ucur_break2,p84,0.80932923008595
01-Jul-2020,ucur_break2,p84,-0.331200310228155
01-Oct-2020,ucur_break2,p84,-0.0797836352361969
01-Jan-2021,ucur_break2,p84,0.361646938706429
01-Apr-2021,ucur_break2,p84,0.835816249891934
01-Jul-2021,ucur_break2,p84,1.17554007521039
01-Oct-2021,ucur_break2,p84,1.39008635017467
01-Jan-2022,ucur_break2,p84,1.12652504457839
01-Apr-2022,ucur_break2,p84,0.878936189649892
01-Jul-2022,ucur_break2,p84,0.792550116772418
01-Oct-2022,ucur_break2,p84,0.749311896012728
01-Jan-2023,ucur_break2,p84,0.770670133498584
01-Apr-2023,ucur_break2,p84,0.810059119627681
01-Jul-2023,ucur_break2,p84,0.967232509400333
01-Oct-2023,ucur_break2,p84,1.07557949380629
01-Jan-2024,ucur_break2,p84,1.04063758999257
01-Apr-2024,ucur_break2,p84,1.14791374457161
01-Jul-2024,ucur_break2,p84,1.22479395890144
01-Oct-2024,ucur_break2,p84,1.09539119440262
01-Jan-2025,ucur_break2,p84,0.969196374612579
01-Apr-2025,ucur_break2,p84,1.11104402108202
01-Jul-2025,ucur_break2,p84,1.27885459013805
01-Oct-2025,ucur_break2,p84,1.25593992260184
01-Jan-2026,ucur_break2,p84,1.28757428400206
01-Apr-2026,ucur_break2,p84,1.26423123845518
01-Jan-1947,ucur_break2,p95,1.17898333172809
01-Apr-1947,ucur_break2,p95,1.12295466942669
01-Jul-1947,ucur_break2,p95,1.0403714479034
01-Oct-1947,ucur_break2,p95,1.45574713687142
01-Jan-1948,ucur_break2,p95,2.2444992066076
01-Apr-1948,ucur_break2,p95,2.92913518973239
01-Jul-1948,ucur_break2,p95,3.13923491320941
01-Oct-1948,ucur_break2,p95,2.59186769454413
01-Jan-1949,ucur_break2,p95,1.86306366897873
01-Apr-1949,ucur_break2,p95,1.16769353039285
01-Jul-1949,ucur_break2,p95,0.522938628044415
01-Oct-1949,ucur_break2,p95,0.306764310290475
01-Jan-1950,ucur_break2,p95,-0.0364407990892346
01-Apr-1950,ucur_break2,p95,0.458953560119824
01-Jul-1950,ucur_break2,p95,1.63495536427888
01-Oct-1950,ucur_break2,p95,2.28922605919144
01-Jan-1951,ucur_break2,p95,2.65014843131831
01-Apr-1951,ucur_break2,p95,3.08207835952493
01-Jul-1951,ucur_break2,p95,3.58678480488948
01-Oct-1951,ucur_break2,p95,3.28403697680676
01-Jan-1952,ucur_break2,p95,3.24848188539886
01-Apr-1952,ucur_break2,p95,2.86748165676914
01-Jul-1952,ucur_break2,p95,3.07282830438521
01-Oct-1952,ucur_break2,p95,4.48591860780073
01-Jan-1953,ucur_break2,p95,5.24601980465809
01-Apr-1953,ucur_break2,p95,5.14438500644883
01-Jul-1953,ucur_break2,p95,4.01231886260871
01-Oct-1953,ucur_break2,p95,2.60720245911909
01-Jan-1954,ucur_break2,p95,1.70149834033549
01-Apr-1954,ucur_break2,p95,1.12405143716518
01-Jul-1954,ucur_break2,p95,1.05970754089736
01-Oct-1954,ucur_break2,p95,1.72803968946437
01-Jan-1955,ucur_break2,p95,2.8992039975883
01-Apr-1955,ucur_break2,p95,3.52263720315739
01-Jul-1955,ucur_break2,p95,3.96841501348996
01-Oct-1955,ucur_break2,p95,3.78803281381886
01-Jan-1956,ucur_break2,p95,3.30931928849083
01-Apr-1956,ucur_break2,p95,3.28376212052018
01-Jul-1956,ucur_break2,p95,3.20671729555602
01-Oct-1956,ucur_break2,p95,3.64484532810962
01-Jan-1957,ucur_break2,p95,3.71645030484888
01-Apr-1957,ucur_break2,p95,3.73671121053081
01-Jul-1957,ucur_break2,p95,3.44506800430008
01-Oct-1957,ucur_break2,p95,2.27507093321555
01-Jan-1958,ucur_break2,p95,1.31254336673629
01-Apr-1958,ucur_break2,p95,0.653480076230721
01-Jul-1958,ucur_break2,p95,0.47073373754489
01-Oct-1958,ucur_break2,p95,1.02134148982299
01-Jan-1959,ucur_break2,p95,1.82723899802716
01-Apr-1959,ucur_break2,p95,2.39619594502341
01-Jul-1959,ucur_break2,p95,2.39499713129322
01-Oct-1959,ucur_break2,p95,2.67784390744328
01-Jan-1960,ucur_break2,p95,2.83679857712167
01-Apr-1960,ucur_break2,p95,2.34905472304865
01-Jul-1960,ucur_break2,p95,1.7375192870586
01-Oct-1960,ucur_break2,p95,1.10641492827313
01-Jan-1961,ucur_break2,p95,0.676066688655567
01-Apr-1961,ucur_break2,p95,0.518024466619977
01-Jul-1961,ucur_break2,p95,0.8131593952819
01-Oct-1961,ucur_break2,p95,1.2665966444348
01-Jan-1962,ucur_break2,p95,1.52897138248096
01-Apr-1962,ucur_break2,p95,1.57568206137205
01-Jul-1962,ucur_break2,p95,1.42323235157932
01-Oct-1962,ucur_break2,p95,1.11127168313163
01-Jan-1963,ucur_break2,p95,0.926528755031995
01-Apr-1963,ucur_break2,p95,0.966763563800839
01-Jul-1963,ucur_break2,p95,1.18219828218997
01-Oct-1963,ucur_break2,p95,1.21299547194462
01-Jan-1964,ucur_break2,p95,1.44677509393171
01-Apr-1964,ucur_break2,p95,1.42460118086484
01-Jul-1964,ucur_break2,p95,1.41635391814725
01-Oct-1964,ucur_break2,p95,1.18748670006568
01-Jan-1965,ucur_break2,p95,1.59236782744
01-Apr-1965,ucur_break2,p95,1.81598356490463
01-Jul-1965,ucur_break2,p95,2.47077673395802
01-Oct-1965,ucur_break2,p95,3.26874935358393
01-Jan-1966,ucur_break2,p95,4.00557444947793
01-Apr-1966,ucur_break2,p95,3.77482477060681
01-Jul-1966,ucur_break2,p95,3.63071911252786
01-Oct-1966,ucur_break2,p95,3.51702812765717
01-Jan-1967,ucur_break2,p95,3.36448990108499
01-Apr-1967,ucur_break2,p95,2.84888388625012
01-Jul-1967,ucur_break2,p95,2.76254766231045
01-Oct-1967,ucur_break2,p95,2.82460152225889
01-Jan-1968,ucur_break2,p95,3.48518848337187
01-Apr-1968,ucur_break2,p95,3.93522454348437
01-Jul-1968,ucur_break2,p95,3.91597166655868
01-Oct-1968,ucur_break2,p95,3.85112738628436
01-Jan-1969,ucur_break2,p95,4.17254322819286
01-Apr-1969,ucur_break2,p95,3.93731635310172
01-Jul-1969,ucur_break2,p95,3.69113377072415
01-Oct-1969,ucur_break2,p95,2.96265039880774
01-Jan-1970,ucur_break2,p95,2.38095237521458
01-Apr-1970,ucur_break2,p95,2.02292693998254
01-Jul-1970,ucur_break2,p95,1.72370594208491
01-Oct-1970,ucur_break2,p95,1.36937564987755
01-Jan-1971,ucur_break2,p95,1.61208511038683
01-Apr-1971,ucur_break2,p95,1.45645528851622
01-Jul-1971,ucur_break2,p95,1.24459988942567
01-Oct-1971,ucur_break2,p95,1.04361833161715
01-Jan-1972,ucur_break2,p95,1.30974140606082
01-Apr-1972,ucur_break2,p95,1.91370715559458
01-Jul-1972,ucur_break2,p95,2.24417317635141
01-Oct-1972,ucur_break2,p95,3.05440936242803
01-Jan-1973,ucur_break2,p95,4.17386002961427
01-Apr-1973,ucur_break2,p95,4.50868383162924
01-Jul-1973,ucur_break2,p95,4.28872857333806
01-Oct-1973,ucur_break2,p95,4.25359803603897
01-Jan-1974,ucur_break2,p95,3.76412251002193
01-Apr-1974,ucur_break2,p95,3.29219756188905
01-Jul-1974,ucur_break2,p95,2.46049258804663
01-Oct-1974,ucur_break2,p95,1.68256620721758
01-Jan-1975,ucur_break2,p95,1.07221089408148
01-Apr-1975,ucur_break2,p95,0.656089502187058
01-Jul-1975,ucur_break2,p95,0.684567643770492
01-Oct-1975,ucur_break2,p95,1.01765958818874
01-Jan-1976,ucur_break2,p95,1.4008143486771
01-Apr-1976,ucur_break2,p95,1.40390396307635
01-Jul-1976,ucur_break2,p95,1.24682720602681
01-Oct-1976,ucur_break2,p95,1.10328360009322
01-Jan-1977,ucur_break2,p95,1.2505743086557
01-Apr-1977,ucur_break2,p95,1.63853713135444
01-Jul-1977,ucur_break2,p95,1.94400450563666
01-Oct-1977,ucur_break2,p95,1.76755815838902
01-Jan-1978,ucur_break2,p95,1.93072525086461
01-Apr-1978,ucur_break2,p95,3.41276134346572
01-Jul-1978,ucur_break2,p95,3.86838507607928
01-Oct-1978,ucur_break2,p95,4.27855104164945
01-Jan-1979,ucur_break2,p95,4.17320077611669
01-Apr-1979,ucur_break2,p95,4.00273638559025
01-Jul-1979,ucur_break2,p95,4.12204660859436
01-Oct-1979,ucur_break2,p95,3.87474590802242
01-Jan-1980,ucur_break2,p95,3.35203768962464
01-Apr-1980,ucur_break2,p95,2.10770700794421
01-Jul-1980,ucur_break2,p95,1.9429601238657
01-Oct-1980,ucur_break2,p95,2.68431414732231
01-Jan-1981,ucur_break2,p95,3.33468964599871
01-Apr-1981,ucur_break2,p95,3.40061156604634
01-Jul-1981,ucur_break2,p95,3.43938438465989
01-Oct-1981,ucur_break2,p95,2.65053971277104
01-Jan-1982,ucur_break2,p95,2.00746747896659
01-Apr-1982,ucur_break2,p95,1.43019067338702
01-Jul-1982,ucur_break2,p95,0.859297401734239
01-Oct-1982,ucur_break2,p95,0.538914703710759
01-Jan-1983,ucur_break2,p95,0.306645555546197
01-Apr-1983,ucur_break2,p95,0.279655137139798
01-Jul-1983,ucur_break2,p95,0.566487939098465
01-Oct-1983,ucur_break2,p95,1.02343158845343
01-Jan-1984,ucur_break2,p95,1.52875100822899
01-Apr-1984,ucur_break2,p95,1.83727534653661
01-Jul-1984,ucur_break2,p95,1.89410487183534
01-Oct-1984,ucur_break2,p95,1.89778276230783
01-Jan-1985,ucur_break2,p95,1.89297822568375
01-Apr-1985,ucur_break2,p95,1.93552965777252
01-Jul-1985,ucur_break2,p95,2.18624405467222
01-Oct-1985,ucur_break2,p95,2.20905877752523
01-Jan-1986,ucur_break2,p95,2.20532829303727
01-Apr-1986,ucur_break2,p95,2.05078404943526
01-Jul-1986,ucur_break2,p95,2.00085093822338
01-Oct-1986,ucur_break2,p95,1.84777052084462
01-Jan-1987,ucur_break2,p95,1.7815491991135
01-Apr-1987,ucur_break2,p95,1.86482100974541
01-Jul-1987,ucur_break2,p95,1.93884960396184
01-Oct-1987,ucur_break2,p95,2.32169142201207
01-Jan-1988,ucur_break2,p95,2.33104212973973
01-Apr-1988,ucur_break2,p95,2.57697620679636
01-Jul-1988,ucur_break2,p95,2.60180375384073
01-Oct-1988,ucur_break2,p95,2.93060679853795
01-Jan-1989,ucur_break2,p95,3.20190368941178
01-Apr-1989,ucur_break2,p95,3.35967669800272
01-Jul-1989,ucur_break2,p95,3.44331168792434
01-Oct-1989,ucur_break2,p95,3.48797832389147
01-Jan-1990,ucur_break2,p95,3.71705206611711
01-Apr-1990,ucur_break2,p95,3.56004576117743
01-Jul-1990,ucur_break2,p95,3.09120363148736
01-Oct-1990,ucur_break2,p95,2.25040791186137
01-Jan-1991,ucur_break2,p95,1.77428758810595
01-Apr-1991,ucur_break2,p95,1.54223798685859
01-Jul-1991,ucur_break2,p95,1.30246547615309
01-Oct-1991,ucur_break2,p95,1.24060040644565
01-Jan-1992,ucur_break2,p95,1.37595955335695
01-Apr-1992,ucur_break2,p95,1.58492711554169
01-Jul-1992,ucur_break2,p95,1.78202675242181
01-Oct-1992,ucur_break2,p95,1.78962583862551
01-Jan-1993,ucur_break2,p95,1.53905955207028
01-Apr-1993,ucur_break2,p95,1.36674699690656
01-Jul-1993,ucur_break2,p95,1.2591482402683
01-Oct-1993,ucur_break2,p95,1.38643303556853
01-Jan-1994,ucur_break2,p95,1.53792153632241
01-Apr-1994,ucur_break2,p95,1.72577529601659
01-Jul-1994,ucur_break2,p95,1.8584594352028
01-Oct-1994,ucur_break2,p95,1.88195162425808
01-Jan-1995,ucur_break2,p95,1.71365520398524
01-Apr-1995,ucur_break2,p95,1.46672171390054
01-Jul-1995,ucur_break2,p95,1.28347332695023
01-Oct-1995,ucur_break2,p95,1.17305322534276
01-Jan-1996,ucur_break2,p95,1.1816611417255
01-Apr-1996,ucur_break2,p95,1.32586177233878
01-Jul-1996,ucur_break2,p95,1.36203290070398
01-Oct-1996,ucur_break2,p95,1.37550727017498
01-Jan-1997,ucur_break2,p95,1.37304613663292
01-Apr-1997,ucur_break2,p95,1.6437958679569
01-Jul-1997,ucur_break2,p95,1.78639481097247
01-Oct-1997,ucur_break2,p95,1.8450868482775
01-Jan-1998,ucur_break2,p95,1.87831482318296
01-Apr-1998,ucur_break2,p95,1.95058610705627
01-Jul-1998,ucur_break2,p95,2.17635702984478
01-Oct-1998,ucur_break2,p95,2.55300859749849
01-Jan-1999,ucur_break2,p95,2.69164923582701
01-Apr-1999,ucur_break2,p95,2.83932710223229
01-Jul-1999,ucur_break2,p95,3.22537763994626
01-Oct-1999,ucur_break2,p95,3.68153578923614
01-Jan-2000,ucur_break2,p95,3.73721593628409
01-Apr-2000,ucur_break2,p95,4.29113211397402
01-Jul-2000,ucur_break2,p95,4.07194102758842
01-Oct-2000,ucur_break2,p95,3.99989038817256
01-Jan-2001,ucur_break2,p95,3.41679231721872
01-Apr-2001,ucur_break2,p95,3.1858748246342
01-Jul-2001,ucur_break2,p95,2.57145373804366
01-Oct-2001,ucur_break2,p95,2.35604752806699
01-Jan-2002,ucur_break2,p95,2.36769624003779
01-Apr-2002,ucur_break2,p95,2.25242148315454
01-Jul-2002,ucur_break2,p95,2.0222494310716
01-Oct-2002,ucur_break2,p95,1.70015701820478
01-Jan-2003,ucur_break2,p95,1.56408525501115
01-Apr-2003,ucur_break2,p95,1.7007290696107
01-Jul-2003,ucur_break2,p95,2.10819516697836
01-Oct-2003,ucur_break2,p95,2.28929173043701
01-Jan-2004,ucur_break2,p95,2.24099982116218
01-Apr-2004,ucur_break2,p95,2.33169247198043
01-Jul-2004,ucur_break2,p95,2.47950380056807
01-Oct-2004,ucur_break2,p95,2.75608743930894
01-Jan-2005,ucur_break2,p95,2.96215125846373
01-Apr-2005,ucur_break2,p95,2.94475446772861
01-Jul-2005,ucur_break2,p95,3.01598754317672
01-Oct-2005,ucur_break2,p95,3.03103418787794
01-Jan-2006,ucur_break2,p95,3.41110642656662
01-Apr-2006,ucur_break2,p95,3.23604813649041
01-Jul-2006,ucur_break2,p95,3.01451425663896
01-Oct-2006,ucur_break2,p95,3.19437022208001
01-Jan-2007,ucur_break2,p95,3.36208466539284
01-Apr-2007,ucur_break2,p95,3.66511471357074
01-Jul-2007,ucur_break2,p95,3.95715580927214
01-Oct-2007,ucur_break2,p95,4.29910081288762
01-Jan-2008,ucur_break2,p95,4.32959585547496
01-Apr-2008,ucur_break2,p95,4.39301911800544
01-Jul-2008,ucur_break2,p95,3.79278904727528
01-Oct-2008,ucur_break2,p95,2.55022006592037
01-Jan-2009,ucur_break2,p95,1.74736399622259
01-Apr-2009,ucur_break2,p95,1.22282765807029
01-Jul-2009,ucur_break2,p95,1.10851775025679
01-Oct-2009,ucur_break2,p95,1.22052321162045
01-Jan-2010,ucur_break2,p95,1.38799244756535
01-Apr-2010,ucur_break2,p95,1.68412088566515
01-Jul-2010,ucur_break2,p95,1.8929566282672
01-Oct-2010,ucur_break2,p95,1.81279425652122
01-Jan-2011,ucur_break2,p95,1.61237624126215
01-Apr-2011,ucur_break2,p95,1.45917730157174
01-Jul-2011,ucur_break2,p95,1.35556133861365
01-Oct-2011,ucur_break2,p95,1.58042332493687
01-Jan-2012,ucur_break2,p95,1.68655855254292
01-Apr-2012,ucur_break2,p95,1.66124419457771
01-Jul-2012,ucur_break2,p95,1.51375282460975
01-Oct-2012,ucur_break2,p95,1.39812921290599
01-Jan-2013,ucur_break2,p95,1.37641755978666
01-Apr-2013,ucur_break2,p95,1.35386844449425
01-Jul-2013,ucur_break2,p95,1.40822586572096
01-Oct-2013,ucur_break2,p95,1.35553284507927
01-Jan-2014,ucur_break2,p95,1.19916726757265
01-Apr-2014,ucur_break2,p95,1.36673696289807
01-Jul-2014,ucur_break2,p95,1.57075996434884
01-Oct-2014,ucur_break2,p95,1.70832457338753
01-Jan-2015,ucur_break2,p95,1.86185026929923
01-Apr-2015,ucur_break2,p95,1.88817579424557
01-Jul-2015,ucur_break2,p95,1.8205331285908
01-Oct-2015,ucur_break2,p95,1.72615673777119
01-Jan-2016,ucur_break2,p95,1.64791204277509
01-Apr-2016,ucur_break2,p95,1.54268335835508
01-Jul-2016,ucur_break2,p95,1.59614735943683
01-Oct-2016,ucur_break2,p95,1.53830255539521
01-Jan-2017,ucur_break2,p95,1.45256072365629
01-Apr-2017,ucur_break2,p95,1.48596090126546
01-Jul-2017,ucur_break2,p95,1.6763522157691
01-Oct-2017,ucur_break2,p95,1.88534091512832
01-Jan-2018,ucur_break2,p95,2.04209593159339
01-Apr-2018,ucur_break2,p95,2.1130239027521
01-Jul-2018,ucur_break2,p95,2.20987954650462
01-Oct-2018,ucur_break2,p95,2.24515439222313
01-Jan-2019,ucur_break2,p95,2.58508834906638
01-Apr-2019,ucur_break2,p95,3.26466749660864
01-Jul-2019,ucur_break2,p95,3.77940829831505
01-Oct-2019,ucur_break2,p95,3.40878882045882
01-Jan-2020,ucur_break2,p95,2.0466478727426
01-Apr-2020,ucur_break2,p95,1.78626748669132
01-Jul-2020,ucur_break2,p95,0.278753446148642
01-Oct-2020,ucur_break2,p95,0.661440999172896
01-Jan-2021,ucur_break2,p95,1.1972727335272
01-Apr-2021,ucur_break2,p95,1.76701925742572
01-Jul-2021,ucur_break2,p95,2.1606512936786
01-Oct-2021,ucur_break2,p95,2.49255957665878
01-Jan-2022,ucur_break2,p95,2.12778390239652
01-Apr-2022,ucur_break2,p95,1.86046274759792
01-Jul-2022,ucur_break2,p95,1.82435778248185
01-Oct-2022,ucur_break2,p95,1.83901799782205
01-Jan-2023,ucur_break2,p95,1.90928412497772
01-Apr-2023,ucur_break2,p95,1.97354287539781
01-Jul-2023,ucur_break2,p95,2.25655554739001
01-Oct-2023,ucur_break2,p95,2.33502744823522
01-Jan-2024,ucur_break2,p95,2.33596961470454
01-Apr-2024,ucur_break2,p95,2.40977628233782
01-Jul-2024,ucur_break2,p95,2.60854903878044
01-Oct-2024,ucur_break2,p95,2.46115428907098
01-Jan-2025,ucur_break2,p95,2.27993991153119
01-Apr-2025,ucur_break2,p95,2.46957908487178
01-Jul-2025,ucur_break2,p95,2.7500495548407
01-Oct-2025,ucur_break2,p95,2.76834995136664
01-Jan-2026,ucur_break2,p95,2.82164543930111
01-Apr-2026,ucur_break2,p95,2.78153932838165
