date,model,measure,value
01-Jul-1947,ar_trend_bound,mcse,0.015897841937611
01-Oct-1947,ar_trend_bound,mcse,0.015391940915303
01-Jan-1948,ar_trend_bound,mcse,0.01465992276993
01-Apr-1948,ar_trend_bound,mcse,0.0149778791871735
01-Jul-1948,ar_trend_bound,mcse,0.0147121615627227
01-Oct-1948,ar_trend_bound,mcse,0.014715398151888
01-Jan-1949,ar_trend_bound,mcse,0.0137895806156006
01-Apr-1949,ar_trend_bound,mcse,0.01363855171434
01-Jul-1949,ar_trend_bound,mcse,0.0133521328605819
01-Oct-1949,ar_trend_bound,mcse,0.0135405194230569
01-Jan-1950,ar_trend_bound,mcse,0.0138900360051665
01-Apr-1950,ar_trend_bound,mcse,0.0140215762956933
01-Jul-1950,ar_trend_bound,mcse,0.0143698406433075
01-Oct-1950,ar_trend_bound,mcse,0.0144094760289916
01-Jan-1951,ar_trend_bound,mcse,0.01381971841322
01-Apr-1951,ar_trend_bound,mcse,0.0135291245385277
01-Jul-1951,ar_trend_bound,mcse,0.0136099301339154
01-Oct-1951,ar_trend_bound,mcse,0.0134025158462636
01-Jan-1952,ar_trend_bound,mcse,0.0124140441242705
01-Apr-1952,ar_trend_bound,mcse,0.0118720025031127
01-Jul-1952,ar_trend_bound,mcse,0.0124359644386692
01-Oct-1952,ar_trend_bound,mcse,0.0124308241770716
01-Jan-1953,ar_trend_bound,mcse,0.0118443070303642
01-Apr-1953,ar_trend_bound,mcse,0.0121210306475847
01-Jul-1953,ar_trend_bound,mcse,0.0118223722292795
01-Oct-1953,ar_trend_bound,mcse,0.0124750935866683
01-Jan-1954,ar_trend_bound,mcse,0.0122639811978319
01-Apr-1954,ar_trend_bound,mcse,0.0125617738602437
01-Jul-1954,ar_trend_bound,mcse,0.0131565084454581
01-Oct-1954,ar_trend_bound,mcse,0.0132287938543164
01-Jan-1955,ar_trend_bound,mcse,0.012974165670512
01-Apr-1955,ar_trend_bound,mcse,0.0120540956134434
01-Jul-1955,ar_trend_bound,mcse,0.0108843216638551
01-Oct-1955,ar_trend_bound,mcse,0.0101898813439622
01-Jan-1956,ar_trend_bound,mcse,0.0103456200895827
01-Apr-1956,ar_trend_bound,mcse,0.00954203664590118
01-Jul-1956,ar_trend_bound,mcse,0.00987155656727673
01-Oct-1956,ar_trend_bound,mcse,0.0097536831317992
01-Jan-1957,ar_trend_bound,mcse,0.0103351293291193
01-Apr-1957,ar_trend_bound,mcse,0.0108993003505143
01-Jul-1957,ar_trend_bound,mcse,0.0111972935317964
01-Oct-1957,ar_trend_bound,mcse,0.0106787818751137
01-Jan-1958,ar_trend_bound,mcse,0.0117082251750899
01-Apr-1958,ar_trend_bound,mcse,0.0119796776440435
01-Jul-1958,ar_trend_bound,mcse,0.0116078500093928
01-Oct-1958,ar_trend_bound,mcse,0.0114236454173244
01-Jan-1959,ar_trend_bound,mcse,0.0124804240219746
01-Apr-1959,ar_trend_bound,mcse,0.0130965675580667
01-Jul-1959,ar_trend_bound,mcse,0.013200310482541
01-Oct-1959,ar_trend_bound,mcse,0.0133922621421127
01-Jan-1960,ar_trend_bound,mcse,0.0140606765203627
01-Apr-1960,ar_trend_bound,mcse,0.0132892648686245
01-Jul-1960,ar_trend_bound,mcse,0.0140683603552289
01-Oct-1960,ar_trend_bound,mcse,0.0142336544230511
01-Jan-1961,ar_trend_bound,mcse,0.0150428308906294
01-Apr-1961,ar_trend_bound,mcse,0.0154741745141731
01-Jul-1961,ar_trend_bound,mcse,0.0145691018687792
01-Oct-1961,ar_trend_bound,mcse,0.014984354679074
01-Jan-1962,ar_trend_bound,mcse,0.0150340175492435
01-Apr-1962,ar_trend_bound,mcse,0.0146977777733878
01-Jul-1962,ar_trend_bound,mcse,0.0146692800762676
01-Oct-1962,ar_trend_bound,mcse,0.013774882541917
01-Jan-1963,ar_trend_bound,mcse,0.0136552056749471
01-Apr-1963,ar_trend_bound,mcse,0.0137650873165057
01-Jul-1963,ar_trend_bound,mcse,0.0129076189890428
01-Oct-1963,ar_trend_bound,mcse,0.0126231312265486
01-Jan-1964,ar_trend_bound,mcse,0.0128097477675617
01-Apr-1964,ar_trend_bound,mcse,0.0122021984817524
01-Jul-1964,ar_trend_bound,mcse,0.0127726233430623
01-Oct-1964,ar_trend_bound,mcse,0.0119183211132772
01-Jan-1965,ar_trend_bound,mcse,0.011354937346201
01-Apr-1965,ar_trend_bound,mcse,0.0107955441946407
01-Jul-1965,ar_trend_bound,mcse,0.0103273183897009
01-Oct-1965,ar_trend_bound,mcse,0.0107015116408054
01-Jan-1966,ar_trend_bound,mcse,0.010906653394218
01-Apr-1966,ar_trend_bound,mcse,0.0103352836289069
01-Jul-1966,ar_trend_bound,mcse,0.0105438341165293
01-Oct-1966,ar_trend_bound,mcse,0.0103623442802371
01-Jan-1967,ar_trend_bound,mcse,0.0106794486779178
01-Apr-1967,ar_trend_bound,mcse,0.0112746143299061
01-Jul-1967,ar_trend_bound,mcse,0.0115166351969894
01-Oct-1967,ar_trend_bound,mcse,0.0116015278218663
01-Jan-1968,ar_trend_bound,mcse,0.0124838148891353
01-Apr-1968,ar_trend_bound,mcse,0.0128396331548369
01-Jul-1968,ar_trend_bound,mcse,0.0137088481208762
01-Oct-1968,ar_trend_bound,mcse,0.0145076890299595
01-Jan-1969,ar_trend_bound,mcse,0.0150162859744459
01-Apr-1969,ar_trend_bound,mcse,0.0157863082017673
01-Jul-1969,ar_trend_bound,mcse,0.0166801034853701
01-Oct-1969,ar_trend_bound,mcse,0.0171495883238519
01-Jan-1970,ar_trend_bound,mcse,0.0177831384146965
01-Apr-1970,ar_trend_bound,mcse,0.0182239027141212
01-Jul-1970,ar_trend_bound,mcse,0.0182490130050089
01-Oct-1970,ar_trend_bound,mcse,0.0183641489767622
01-Jan-1971,ar_trend_bound,mcse,0.0178439973106654
01-Apr-1971,ar_trend_bound,mcse,0.0181937548444219
01-Jul-1971,ar_trend_bound,mcse,0.0173674977801253
01-Oct-1971,ar_trend_bound,mcse,0.0179284744798825
01-Jan-1972,ar_trend_bound,mcse,0.0182338612471141
01-Apr-1972,ar_trend_bound,mcse,0.0179329417670631
01-Jul-1972,ar_trend_bound,mcse,0.0183019593984528
01-Oct-1972,ar_trend_bound,mcse,0.0185125090213781
01-Jan-1973,ar_trend_bound,mcse,0.0192679627713813
01-Apr-1973,ar_trend_bound,mcse,0.0200611980389678
01-Jul-1973,ar_trend_bound,mcse,0.0200529402743979
01-Oct-1973,ar_trend_bound,mcse,0.0202460103174929
01-Jan-1974,ar_trend_bound,mcse,0.0205537226017598
01-Apr-1974,ar_trend_bound,mcse,0.0207167005067056
01-Jul-1974,ar_trend_bound,mcse,0.0204167698624499
01-Oct-1974,ar_trend_bound,mcse,0.0199671754362228
01-Jan-1975,ar_trend_bound,mcse,0.0188453879835981
01-Apr-1975,ar_trend_bound,mcse,0.0195984656957504
01-Jul-1975,ar_trend_bound,mcse,0.0199629545885918
01-Oct-1975,ar_trend_bound,mcse,0.0200108096887735
01-Jan-1976,ar_trend_bound,mcse,0.0198459164648592
01-Apr-1976,ar_trend_bound,mcse,0.0206595704615529
01-Jul-1976,ar_trend_bound,mcse,0.0205473410019347
01-Oct-1976,ar_trend_bound,mcse,0.0197530554115571
01-Jan-1977,ar_trend_bound,mcse,0.020294664533838
01-Apr-1977,ar_trend_bound,mcse,0.0207568109614237
01-Jul-1977,ar_trend_bound,mcse,0.0211357753430267
01-Oct-1977,ar_trend_bound,mcse,0.0200277679353757
01-Jan-1978,ar_trend_bound,mcse,0.0191781824170086
01-Apr-1978,ar_trend_bound,mcse,0.0199085464163283
01-Jul-1978,ar_trend_bound,mcse,0.020498661447967
01-Oct-1978,ar_trend_bound,mcse,0.0201938624626321
01-Jan-1979,ar_trend_bound,mcse,0.0199788894907995
01-Apr-1979,ar_trend_bound,mcse,0.019630690333025
01-Jul-1979,ar_trend_bound,mcse,0.0193361804454279
01-Oct-1979,ar_trend_bound,mcse,0.0196198597152421
01-Jan-1980,ar_trend_bound,mcse,0.0194319589409909
01-Apr-1980,ar_trend_bound,mcse,0.0194082396064232
01-Jul-1980,ar_trend_bound,mcse,0.0194080377346095
01-Oct-1980,ar_trend_bound,mcse,0.0194979970294888
01-Jan-1981,ar_trend_bound,mcse,0.0197558010835444
01-Apr-1981,ar_trend_bound,mcse,0.0195134643270916
01-Jul-1981,ar_trend_bound,mcse,0.0203806163608424
01-Oct-1981,ar_trend_bound,mcse,0.020458231283862
01-Jan-1982,ar_trend_bound,mcse,0.0202084275640888
01-Apr-1982,ar_trend_bound,mcse,0.0199369440664529
01-Jul-1982,ar_trend_bound,mcse,0.019366522756745
01-Oct-1982,ar_trend_bound,mcse,0.0189762145282688
01-Jan-1983,ar_trend_bound,mcse,0.0183823150882977
01-Apr-1983,ar_trend_bound,mcse,0.0177623945845187
01-Jul-1983,ar_trend_bound,mcse,0.0170593194961146
01-Oct-1983,ar_trend_bound,mcse,0.0164080584315358
01-Jan-1984,ar_trend_bound,mcse,0.0159763854500324
01-Apr-1984,ar_trend_bound,mcse,0.0157119673846003
01-Jul-1984,ar_trend_bound,mcse,0.0145956213792907
01-Oct-1984,ar_trend_bound,mcse,0.0150100946465993
01-Jan-1985,ar_trend_bound,mcse,0.0144385864160015
01-Apr-1985,ar_trend_bound,mcse,0.0147258464583602
01-Jul-1985,ar_trend_bound,mcse,0.0139480957532396
01-Oct-1985,ar_trend_bound,mcse,0.0139066904472239
01-Jan-1986,ar_trend_bound,mcse,0.013140825355163
01-Apr-1986,ar_trend_bound,mcse,0.014395311157602
01-Jul-1986,ar_trend_bound,mcse,0.0141301569627932
01-Oct-1986,ar_trend_bound,mcse,0.0135907723343686
01-Jan-1987,ar_trend_bound,mcse,0.0145376264375766
01-Apr-1987,ar_trend_bound,mcse,0.0141791909326155
01-Jul-1987,ar_trend_bound,mcse,0.0139674445171493
01-Oct-1987,ar_trend_bound,mcse,0.0133598646376841
01-Jan-1988,ar_trend_bound,mcse,0.0130410359054841
01-Apr-1988,ar_trend_bound,mcse,0.0129582926835843
01-Jul-1988,ar_trend_bound,mcse,0.0131075467374278
01-Oct-1988,ar_trend_bound,mcse,0.0127802683210864
01-Jan-1989,ar_trend_bound,mcse,0.0128416167649208
01-Apr-1989,ar_trend_bound,mcse,0.0120586012956325
01-Jul-1989,ar_trend_bound,mcse,0.0114879811018754
01-Oct-1989,ar_trend_bound,mcse,0.0106844408170838
01-Jan-1990,ar_trend_bound,mcse,0.0105480518597002
01-Apr-1990,ar_trend_bound,mcse,0.010321944234677
01-Jul-1990,ar_trend_bound,mcse,0.0100608013059012
01-Oct-1990,ar_trend_bound,mcse,0.00899158967584131
01-Jan-1991,ar_trend_bound,mcse,0.00704178669462418
01-Apr-1991,ar_trend_bound,mcse,0.00688836801716422
01-Jul-1991,ar_trend_bound,mcse,0.00636659452994175
01-Oct-1991,ar_trend_bound,mcse,0.00696017364147676
01-Jan-1992,ar_trend_bound,mcse,0.00658725010246466
01-Apr-1992,ar_trend_bound,mcse,0.00624837486894917
01-Jul-1992,ar_trend_bound,mcse,0.00593335059184752
01-Oct-1992,ar_trend_bound,mcse,0.00601346423973489
01-Jan-1993,ar_trend_bound,mcse,0.00571490842954311
01-Apr-1993,ar_trend_bound,mcse,0.00548210820258359
01-Jul-1993,ar_trend_bound,mcse,0.00608679895991626
01-Oct-1993,ar_trend_bound,mcse,0.00638769026186229
01-Jan-1994,ar_trend_bound,mcse,0.00653487250326981
01-Apr-1994,ar_trend_bound,mcse,0.00676197121090541
01-Jul-1994,ar_trend_bound,mcse,0.00632151093609925
01-Oct-1994,ar_trend_bound,mcse,0.00658699253282747
01-Jan-1995,ar_trend_bound,mcse,0.00583123809211088
01-Apr-1995,ar_trend_bound,mcse,0.00572510706797748
01-Jul-1995,ar_trend_bound,mcse,0.00506098120671501
01-Oct-1995,ar_trend_bound,mcse,0.00599101077433099
01-Jan-1996,ar_trend_bound,mcse,0.00601710851770197
01-Apr-1996,ar_trend_bound,mcse,0.00530680320140692
01-Jul-1996,ar_trend_bound,mcse,0.00484570242386961
01-Oct-1996,ar_trend_bound,mcse,0.00522512502458997
01-Jan-1997,ar_trend_bound,mcse,0.00616178077096397
01-Apr-1997,ar_trend_bound,mcse,0.00723295832037398
01-Jul-1997,ar_trend_bound,mcse,0.00726972550533441
01-Oct-1997,ar_trend_bound,mcse,0.00733179363237001
01-Jan-1998,ar_trend_bound,mcse,0.00803063071071667
01-Apr-1998,ar_trend_bound,mcse,0.00729606179282774
01-Jul-1998,ar_trend_bound,mcse,0.00655972592984986
01-Oct-1998,ar_trend_bound,mcse,0.00686896956124883
01-Jan-1999,ar_trend_bound,mcse,0.00620982563481833
01-Apr-1999,ar_trend_bound,mcse,0.00566594973773875
01-Jul-1999,ar_trend_bound,mcse,0.0046896992355583
01-Oct-1999,ar_trend_bound,mcse,0.00530673563457251
01-Jan-2000,ar_trend_bound,mcse,0.00626529848435902
01-Apr-2000,ar_trend_bound,mcse,0.00670145048053564
01-Jul-2000,ar_trend_bound,mcse,0.00698001153158685
01-Oct-2000,ar_trend_bound,mcse,0.00711700290578146
01-Jan-2001,ar_trend_bound,mcse,0.00630185567341996
01-Apr-2001,ar_trend_bound,mcse,0.00716536796852345
01-Jul-2001,ar_trend_bound,mcse,0.00777999800795168
01-Oct-2001,ar_trend_bound,mcse,0.0079408767507745
01-Jan-2002,ar_trend_bound,mcse,0.00656247012694849
01-Apr-2002,ar_trend_bound,mcse,0.00677741916384944
01-Jul-2002,ar_trend_bound,mcse,0.00575527075942339
01-Oct-2002,ar_trend_bound,mcse,0.00610515342837403
01-Jan-2003,ar_trend_bound,mcse,0.00618058206580383
01-Apr-2003,ar_trend_bound,mcse,0.00719920689617666
01-Jul-2003,ar_trend_bound,mcse,0.00714610033749465
01-Oct-2003,ar_trend_bound,mcse,0.00662761475056578
01-Jan-2004,ar_trend_bound,mcse,0.00647508646233369
01-Apr-2004,ar_trend_bound,mcse,0.00729520584865334
01-Jul-2004,ar_trend_bound,mcse,0.00756364761221363
01-Oct-2004,ar_trend_bound,mcse,0.00785047033111019
01-Jan-2005,ar_trend_bound,mcse,0.00882722491062822
01-Apr-2005,ar_trend_bound,mcse,0.00821986399787923
01-Jul-2005,ar_trend_bound,mcse,0.00844676574502063
01-Oct-2005,ar_trend_bound,mcse,0.00863718198495739
01-Jan-2006,ar_trend_bound,mcse,0.00928519662906812
01-Apr-2006,ar_trend_bound,mcse,0.0093320902085759
01-Jul-2006,ar_trend_bound,mcse,0.00959573337345895
01-Oct-2006,ar_trend_bound,mcse,0.00932094065816826
01-Jan-2007,ar_trend_bound,mcse,0.00929551162131551
01-Apr-2007,ar_trend_bound,mcse,0.00912087589872148
01-Jul-2007,ar_trend_bound,mcse,0.00870096378226999
01-Oct-2007,ar_trend_bound,mcse,0.00958423366365416
01-Jan-2008,ar_trend_bound,mcse,0.00925444637279706
01-Apr-2008,ar_trend_bound,mcse,0.00856850423746593
01-Jul-2008,ar_trend_bound,mcse,0.00904170925975654
01-Oct-2008,ar_trend_bound,mcse,0.00838785337426353
01-Jan-2009,ar_trend_bound,mcse,0.00847006751965586
01-Apr-2009,ar_trend_bound,mcse,0.00858326265099531
01-Jul-2009,ar_trend_bound,mcse,0.00948650329134875
01-Oct-2009,ar_trend_bound,mcse,0.00906387862717486
01-Jan-2010,ar_trend_bound,mcse,0.0086860090587641
01-Apr-2010,ar_trend_bound,mcse,0.00912610056085734
01-Jul-2010,ar_trend_bound,mcse,0.00884561030107615
01-Oct-2010,ar_trend_bound,mcse,0.00856571216409301
01-Jan-2011,ar_trend_bound,mcse,0.0077117102930834
01-Apr-2011,ar_trend_bound,mcse,0.00721946158989363
01-Jul-2011,ar_trend_bound,mcse,0.00824551192377938
01-Oct-2011,ar_trend_bound,mcse,0.00885607123373814
01-Jan-2012,ar_trend_bound,mcse,0.00885933087375293
01-Apr-2012,ar_trend_bound,mcse,0.00962624987502306
01-Jul-2012,ar_trend_bound,mcse,0.00946383483838364
01-Oct-2012,ar_trend_bound,mcse,0.0098881980638695
01-Jan-2013,ar_trend_bound,mcse,0.0101338461470824
01-Apr-2013,ar_trend_bound,mcse,0.00976356635495929
01-Jul-2013,ar_trend_bound,mcse,0.00973802813730175
01-Oct-2013,ar_trend_bound,mcse,0.00947875376553332
01-Jan-2014,ar_trend_bound,mcse,0.0103011916233952
01-Apr-2014,ar_trend_bound,mcse,0.0110155603644395
01-Jul-2014,ar_trend_bound,mcse,0.0119235431905566
01-Oct-2014,ar_trend_bound,mcse,0.0126100648932907
01-Jan-2015,ar_trend_bound,mcse,0.0123399307894417
01-Apr-2015,ar_trend_bound,mcse,0.0123213570848767
01-Jul-2015,ar_trend_bound,mcse,0.012668041677669
01-Oct-2015,ar_trend_bound,mcse,0.0123929145833665
01-Jan-2016,ar_trend_bound,mcse,0.0122049797514157
01-Apr-2016,ar_trend_bound,mcse,0.0117181084414922
01-Jul-2016,ar_trend_bound,mcse,0.0111341223046109
01-Oct-2016,ar_trend_bound,mcse,0.0114947168355096
01-Jan-2017,ar_trend_bound,mcse,0.0119838695303569
01-Apr-2017,ar_trend_bound,mcse,0.0121323377087828
01-Jul-2017,ar_trend_bound,mcse,0.0106060032583095
01-Oct-2017,ar_trend_bound,mcse,0.0105359840430237
01-Jan-2018,ar_trend_bound,mcse,0.0108096238361798
01-Apr-2018,ar_trend_bound,mcse,0.0109737188742498
01-Jul-2018,ar_trend_bound,mcse,0.0115993259795528
01-Oct-2018,ar_trend_bound,mcse,0.0119927792080464
01-Jan-2019,ar_trend_bound,mcse,0.0125613562055273
01-Apr-2019,ar_trend_bound,mcse,0.0122094826958176
01-Jul-2019,ar_trend_bound,mcse,0.0121763651282766
01-Oct-2019,ar_trend_bound,mcse,0.0121536534913212
01-Jan-2020,ar_trend_bound,mcse,0.0118629499045794
01-Apr-2020,ar_trend_bound,mcse,0.0126494336278011
01-Jul-2020,ar_trend_bound,mcse,0.0129614075074847
01-Oct-2020,ar_trend_bound,mcse,0.0123913129505708
01-Jan-2021,ar_trend_bound,mcse,0.0125512650700123
01-Apr-2021,ar_trend_bound,mcse,0.0131070102554483
01-Jul-2021,ar_trend_bound,mcse,0.0134223356375104
01-Oct-2021,ar_trend_bound,mcse,0.0135856589417939
01-Jan-2022,ar_trend_bound,mcse,0.0141342113435187
01-Apr-2022,ar_trend_bound,mcse,0.0143742977925565
01-Jul-2022,ar_trend_bound,mcse,0.0142733969475685
01-Oct-2022,ar_trend_bound,mcse,0.0145751074815523
01-Jan-2023,ar_trend_bound,mcse,0.0148257017913115
01-Apr-2023,ar_trend_bound,mcse,0.0147869999326758
01-Jul-2023,ar_trend_bound,mcse,0.0144883840956461
01-Oct-2023,ar_trend_bound,mcse,0.014260108618662
01-Jan-2024,ar_trend_bound,mcse,0.01504982961756
01-Apr-2024,ar_trend_bound,mcse,0.0152632496190771
01-Jul-2024,ar_trend_bound,mcse,0.0149778400178635
01-Oct-2024,ar_trend_bound,mcse,0.0150441929449399
01-Jan-2025,ar_trend_bound,mcse,0.0153105686131221
01-Apr-2025,ar_trend_bound,mcse,0.0151985193873318
01-Jul-2025,ar_trend_bound,mcse,0.015611882782015
01-Oct-2025,ar_trend_bound,mcse,0.0158274473422993
01-Jan-2026,ar_trend_bound,mcse,0.016431123965138
01-Apr-2026,ar_trend_bound,mcse,0.0163447137332709
01-Jul-1947,ar_trend_bound,mean,1.78615533652285
01-Oct-1947,ar_trend_bound,mean,1.79304683874527
01-Jan-1948,ar_trend_bound,mean,1.78598706807291
01-Apr-1948,ar_trend_bound,mean,1.77572467543238
01-Jul-1948,ar_trend_bound,mean,1.77538161880697
01-Oct-1948,ar_trend_bound,mean,1.7601245635718
01-Jan-1949,ar_trend_bound,mean,1.75823107623287
01-Apr-1949,ar_trend_bound,mean,1.75482888249231
01-Jul-1949,ar_trend_bound,mean,1.75645892903453
01-Oct-1949,ar_trend_bound,mean,1.76242413822991
01-Jan-1950,ar_trend_bound,mean,1.76709420149784
01-Apr-1950,ar_trend_bound,mean,1.77167991188798
01-Jul-1950,ar_trend_bound,mean,1.78299562470506
01-Oct-1950,ar_trend_bound,mean,1.78161207506702
01-Jan-1951,ar_trend_bound,mean,1.78445170875189
01-Apr-1951,ar_trend_bound,mean,1.76785544872793
01-Jul-1951,ar_trend_bound,mean,1.75844997460518
01-Oct-1951,ar_trend_bound,mean,1.76037167623826
01-Jan-1952,ar_trend_bound,mean,1.74337601804415
01-Apr-1952,ar_trend_bound,mean,1.73087729125082
01-Jul-1952,ar_trend_bound,mean,1.7308447544368
01-Oct-1952,ar_trend_bound,mean,1.72226649309594
01-Jan-1953,ar_trend_bound,mean,1.71591507523129
01-Apr-1953,ar_trend_bound,mean,1.7045866384478
01-Jul-1953,ar_trend_bound,mean,1.70522186108533
01-Oct-1953,ar_trend_bound,mean,1.70204686860956
01-Jan-1954,ar_trend_bound,mean,1.7004165049458
01-Apr-1954,ar_trend_bound,mean,1.68007462865725
01-Jul-1954,ar_trend_bound,mean,1.6773871717666
01-Oct-1954,ar_trend_bound,mean,1.68873758092653
01-Jan-1955,ar_trend_bound,mean,1.71140873653925
01-Apr-1955,ar_trend_bound,mean,1.71459076620086
01-Jul-1955,ar_trend_bound,mean,1.73457620969613
01-Oct-1955,ar_trend_bound,mean,1.74837755828666
01-Jan-1956,ar_trend_bound,mean,1.77133605437928
01-Apr-1956,ar_trend_bound,mean,1.80082782593538
01-Jul-1956,ar_trend_bound,mean,1.82738901775723
01-Oct-1956,ar_trend_bound,mean,1.82123182083801
01-Jan-1957,ar_trend_bound,mean,1.84275814070861
01-Apr-1957,ar_trend_bound,mean,1.83233853721771
01-Jul-1957,ar_trend_bound,mean,1.83213132334061
01-Oct-1957,ar_trend_bound,mean,1.82330371674704
01-Jan-1958,ar_trend_bound,mean,1.83042822954942
01-Apr-1958,ar_trend_bound,mean,1.78927935739686
01-Jul-1958,ar_trend_bound,mean,1.77178125561446
01-Oct-1958,ar_trend_bound,mean,1.75994284078094
01-Jan-1959,ar_trend_bound,mean,1.77786991949119
01-Apr-1959,ar_trend_bound,mean,1.76008898119299
01-Jul-1959,ar_trend_bound,mean,1.76136989792766
01-Oct-1959,ar_trend_bound,mean,1.74838747169607
01-Jan-1960,ar_trend_bound,mean,1.71690728728284
01-Apr-1960,ar_trend_bound,mean,1.73064166619197
01-Jul-1960,ar_trend_bound,mean,1.71701218782665
01-Oct-1960,ar_trend_bound,mean,1.70522082782268
01-Jan-1961,ar_trend_bound,mean,1.67883982899666
01-Apr-1961,ar_trend_bound,mean,1.66081710623974
01-Jul-1961,ar_trend_bound,mean,1.6945451560328
01-Oct-1961,ar_trend_bound,mean,1.67773195202022
01-Jan-1962,ar_trend_bound,mean,1.71886457031457
01-Apr-1962,ar_trend_bound,mean,1.720845859802
01-Jul-1962,ar_trend_bound,mean,1.72400780396222
01-Oct-1962,ar_trend_bound,mean,1.75028556409795
01-Jan-1963,ar_trend_bound,mean,1.76897562077517
01-Apr-1963,ar_trend_bound,mean,1.77500139694146
01-Jul-1963,ar_trend_bound,mean,1.84480737721953
01-Oct-1963,ar_trend_bound,mean,1.86425867877383
01-Jan-1964,ar_trend_bound,mean,1.90539395025298
01-Apr-1964,ar_trend_bound,mean,1.90270136097229
01-Jul-1964,ar_trend_bound,mean,1.95349034199964
01-Oct-1964,ar_trend_bound,mean,1.99608746407417
01-Jan-1965,ar_trend_bound,mean,2.04143654051992
01-Apr-1965,ar_trend_bound,mean,2.12281006524976
01-Jul-1965,ar_trend_bound,mean,2.16497146042395
01-Oct-1965,ar_trend_bound,mean,2.21414055699529
01-Jan-1966,ar_trend_bound,mean,2.32639113800326
01-Apr-1966,ar_trend_bound,mean,2.39709819835312
01-Jul-1966,ar_trend_bound,mean,2.44715776755946
01-Oct-1966,ar_trend_bound,mean,2.50287886099989
01-Jan-1967,ar_trend_bound,mean,2.51240854229113
01-Apr-1967,ar_trend_bound,mean,2.59004549703166
01-Jul-1967,ar_trend_bound,mean,2.68958288206061
01-Oct-1967,ar_trend_bound,mean,2.73891038327577
01-Jan-1968,ar_trend_bound,mean,2.8148764959011
01-Apr-1968,ar_trend_bound,mean,2.86115475610584
01-Jul-1968,ar_trend_bound,mean,2.91273695760484
01-Oct-1968,ar_trend_bound,mean,2.96921808167171
01-Jan-1969,ar_trend_bound,mean,2.99559780644206
01-Apr-1969,ar_trend_bound,mean,3.0675775002283
01-Jul-1969,ar_trend_bound,mean,3.09583459994602
01-Oct-1969,ar_trend_bound,mean,3.11362505639247
01-Jan-1970,ar_trend_bound,mean,3.13738653003874
01-Apr-1970,ar_trend_bound,mean,3.15825679390283
01-Jul-1970,ar_trend_bound,mean,3.16890221685278
01-Oct-1970,ar_trend_bound,mean,3.21459064684143
01-Jan-1971,ar_trend_bound,mean,3.20967346111113
01-Apr-1971,ar_trend_bound,mean,3.24256990813516
01-Jul-1971,ar_trend_bound,mean,3.25191037398857
01-Oct-1971,ar_trend_bound,mean,3.24302112853043
01-Jan-1972,ar_trend_bound,mean,3.28137015870951
01-Apr-1972,ar_trend_bound,mean,3.27411072948262
01-Jul-1972,ar_trend_bound,mean,3.30267050886138
01-Oct-1972,ar_trend_bound,mean,3.31382101777011
01-Jan-1973,ar_trend_bound,mean,3.34398531979195
01-Apr-1973,ar_trend_bound,mean,3.38467095462446
01-Jul-1973,ar_trend_bound,mean,3.39330172098747
01-Oct-1973,ar_trend_bound,mean,3.41535833097809
01-Jan-1974,ar_trend_bound,mean,3.45435754184781
01-Apr-1974,ar_trend_bound,mean,3.46251818461035
01-Jul-1974,ar_trend_bound,mean,3.46911312158793
01-Oct-1974,ar_trend_bound,mean,3.47031206345049
01-Jan-1975,ar_trend_bound,mean,3.45653133166191
01-Apr-1975,ar_trend_bound,mean,3.44423469910151
01-Jul-1975,ar_trend_bound,mean,3.47061897402387
01-Oct-1975,ar_trend_bound,mean,3.47310088334519
01-Jan-1976,ar_trend_bound,mean,3.46126136010372
01-Apr-1976,ar_trend_bound,mean,3.45757418012948
01-Jul-1976,ar_trend_bound,mean,3.48716991058917
01-Oct-1976,ar_trend_bound,mean,3.49925738513167
01-Jan-1977,ar_trend_bound,mean,3.51287953982752
01-Apr-1977,ar_trend_bound,mean,3.51069535792044
01-Jul-1977,ar_trend_bound,mean,3.50779943459131
01-Oct-1977,ar_trend_bound,mean,3.50996952061869
01-Jan-1978,ar_trend_bound,mean,3.52391904474653
01-Apr-1978,ar_trend_bound,mean,3.54409981811271
01-Jul-1978,ar_trend_bound,mean,3.53711647498432
01-Oct-1978,ar_trend_bound,mean,3.54247816504222
01-Jan-1979,ar_trend_bound,mean,3.54789612291974
01-Apr-1979,ar_trend_bound,mean,3.57136485855254
01-Jul-1979,ar_trend_bound,mean,3.56482494756777
01-Oct-1979,ar_trend_bound,mean,3.55993388914283
01-Jan-1980,ar_trend_bound,mean,3.57576104372688
01-Apr-1980,ar_trend_bound,mean,3.55801546709299
01-Jul-1980,ar_trend_bound,mean,3.55618650273112
01-Oct-1980,ar_trend_bound,mean,3.56021895049691
01-Jan-1981,ar_trend_bound,mean,3.56260941914518
01-Apr-1981,ar_trend_bound,mean,3.52711816272687
01-Jul-1981,ar_trend_bound,mean,3.52817947060834
01-Oct-1981,ar_trend_bound,mean,3.51944659041679
01-Jan-1982,ar_trend_bound,mean,3.49554227075117
01-Apr-1982,ar_trend_bound,mean,3.47602333033443
01-Jul-1982,ar_trend_bound,mean,3.49090560699217
01-Oct-1982,ar_trend_bound,mean,3.46373784191608
01-Jan-1983,ar_trend_bound,mean,3.44638727730621
01-Apr-1983,ar_trend_bound,mean,3.4358051215734
01-Jul-1983,ar_trend_bound,mean,3.43620780198918
01-Oct-1983,ar_trend_bound,mean,3.40076022983833
01-Jan-1984,ar_trend_bound,mean,3.39969796601727
01-Apr-1984,ar_trend_bound,mean,3.37782946475239
01-Jul-1984,ar_trend_bound,mean,3.35126919723465
01-Oct-1984,ar_trend_bound,mean,3.32483040731831
01-Jan-1985,ar_trend_bound,mean,3.32876058714204
01-Apr-1985,ar_trend_bound,mean,3.30069926565304
01-Jul-1985,ar_trend_bound,mean,3.28338257829116
01-Oct-1985,ar_trend_bound,mean,3.268328403753
01-Jan-1986,ar_trend_bound,mean,3.254412179502
01-Apr-1986,ar_trend_bound,mean,3.21650685033325
01-Jul-1986,ar_trend_bound,mean,3.23323284793204
01-Oct-1986,ar_trend_bound,mean,3.23936669029004
01-Jan-1987,ar_trend_bound,mean,3.25425854221556
01-Apr-1987,ar_trend_bound,mean,3.25561953626757
01-Jul-1987,ar_trend_bound,mean,3.24610452485439
01-Oct-1987,ar_trend_bound,mean,3.23582175119492
01-Jan-1988,ar_trend_bound,mean,3.22835532726395
01-Apr-1988,ar_trend_bound,mean,3.24226392705029
01-Jul-1988,ar_trend_bound,mean,3.23967736522415
01-Oct-1988,ar_trend_bound,mean,3.22313880745988
01-Jan-1989,ar_trend_bound,mean,3.20763661759177
01-Apr-1989,ar_trend_bound,mean,3.18879697741466
01-Jul-1989,ar_trend_bound,mean,3.13375484338808
01-Oct-1989,ar_trend_bound,mean,3.11318476642017
01-Jan-1990,ar_trend_bound,mean,3.10487266762512
01-Apr-1990,ar_trend_bound,mean,3.05097149217262
01-Jul-1990,ar_trend_bound,mean,3.02391432808137
01-Oct-1990,ar_trend_bound,mean,2.97184114471242
01-Jan-1991,ar_trend_bound,mean,2.87382448617399
01-Apr-1991,ar_trend_bound,mean,2.81236821969538
01-Jul-1991,ar_trend_bound,mean,2.77089770109484
01-Oct-1991,ar_trend_bound,mean,2.72772047193642
01-Jan-1992,ar_trend_bound,mean,2.66681947022168
01-Apr-1992,ar_trend_bound,mean,2.6214740454035
01-Jul-1992,ar_trend_bound,mean,2.57089217101628
01-Oct-1992,ar_trend_bound,mean,2.53373218246757
01-Jan-1993,ar_trend_bound,mean,2.46986254370192
01-Apr-1993,ar_trend_bound,mean,2.43239584139101
01-Jul-1993,ar_trend_bound,mean,2.34213863814964
01-Oct-1993,ar_trend_bound,mean,2.31373856667224
01-Jan-1994,ar_trend_bound,mean,2.24572212355468
01-Apr-1994,ar_trend_bound,mean,2.24254237764445
01-Jul-1994,ar_trend_bound,mean,2.23852283313229
01-Oct-1994,ar_trend_bound,mean,2.16236129926581
01-Jan-1995,ar_trend_bound,mean,2.13108308034554
01-Apr-1995,ar_trend_bound,mean,2.106841574584
01-Jul-1995,ar_trend_bound,mean,2.05026872944433
01-Oct-1995,ar_trend_bound,mean,2.02905375518863
01-Jan-1996,ar_trend_bound,mean,2.02459939294418
01-Apr-1996,ar_trend_bound,mean,2.01178167555794
01-Jul-1996,ar_trend_bound,mean,1.94476900886161
01-Oct-1996,ar_trend_bound,mean,1.92893525699678
01-Jan-1997,ar_trend_bound,mean,1.85015470215187
01-Apr-1997,ar_trend_bound,mean,1.7801236720665
01-Jul-1997,ar_trend_bound,mean,1.7432159855325
01-Oct-1997,ar_trend_bound,mean,1.71873744433578
01-Jan-1998,ar_trend_bound,mean,1.67237515460386
01-Apr-1998,ar_trend_bound,mean,1.6887527000005
01-Jul-1998,ar_trend_bound,mean,1.71472969583669
01-Oct-1998,ar_trend_bound,mean,1.73508387480196
01-Jan-1999,ar_trend_bound,mean,1.76053738799415
01-Apr-1999,ar_trend_bound,mean,1.83806052052971
01-Jul-1999,ar_trend_bound,mean,1.88437222016925
01-Oct-1999,ar_trend_bound,mean,1.92765060977453
01-Jan-2000,ar_trend_bound,mean,1.96874367097186
01-Apr-2000,ar_trend_bound,mean,1.9562001192937
01-Jul-2000,ar_trend_bound,mean,1.97193372284215
01-Oct-2000,ar_trend_bound,mean,1.97249280063928
01-Jan-2001,ar_trend_bound,mean,1.98382915624972
01-Apr-2001,ar_trend_bound,mean,1.95444555340179
01-Jul-2001,ar_trend_bound,mean,1.92186862427741
01-Oct-2001,ar_trend_bound,mean,1.92486707116862
01-Jan-2002,ar_trend_bound,mean,1.95681264205692
01-Apr-2002,ar_trend_bound,mean,2.00644022822692
01-Jul-2002,ar_trend_bound,mean,2.0183965118298
01-Oct-2002,ar_trend_bound,mean,2.03833991717779
01-Jan-2003,ar_trend_bound,mean,2.07195831123766
01-Apr-2003,ar_trend_bound,mean,2.07027369063249
01-Jul-2003,ar_trend_bound,mean,2.11609727153593
01-Oct-2003,ar_trend_bound,mean,2.13586116046983
01-Jan-2004,ar_trend_bound,mean,2.17222033727604
01-Apr-2004,ar_trend_bound,mean,2.18858945930063
01-Jul-2004,ar_trend_bound,mean,2.19649068103284
01-Oct-2004,ar_trend_bound,mean,2.22289462216657
01-Jan-2005,ar_trend_bound,mean,2.22462173795864
01-Apr-2005,ar_trend_bound,mean,2.23573767451266
01-Jul-2005,ar_trend_bound,mean,2.24880168082315
01-Oct-2005,ar_trend_bound,mean,2.2379904151434
01-Jan-2006,ar_trend_bound,mean,2.22617886463596
01-Apr-2006,ar_trend_bound,mean,2.22404816114911
01-Jul-2006,ar_trend_bound,mean,2.20848438873138
01-Oct-2006,ar_trend_bound,mean,2.18286091741585
01-Jan-2007,ar_trend_bound,mean,2.19015158956385
01-Apr-2007,ar_trend_bound,mean,2.17878540474236
01-Jul-2007,ar_trend_bound,mean,2.16049997697722
01-Oct-2007,ar_trend_bound,mean,2.14544066048365
01-Jan-2008,ar_trend_bound,mean,2.13086681242146
01-Apr-2008,ar_trend_bound,mean,2.10888364598258
01-Jul-2008,ar_trend_bound,mean,2.07768778316064
01-Oct-2008,ar_trend_bound,mean,2.03297229709999
01-Jan-2009,ar_trend_bound,mean,2.01765816689365
01-Apr-2009,ar_trend_bound,mean,2.0112027079939
01-Jul-2009,ar_trend_bound,mean,2.00066610745593
01-Oct-2009,ar_trend_bound,mean,1.98493146125882
01-Jan-2010,ar_trend_bound,mean,1.96340819307099
01-Apr-2010,ar_trend_bound,mean,1.94518168842075
01-Jul-2010,ar_trend_bound,mean,1.93573470538146
01-Oct-2010,ar_trend_bound,mean,1.93906858360877
01-Jan-2011,ar_trend_bound,mean,1.93342095827585
01-Apr-2011,ar_trend_bound,mean,1.92194064347189
01-Jul-2011,ar_trend_bound,mean,1.88894997875369
01-Oct-2011,ar_trend_bound,mean,1.86238920054506
01-Jan-2012,ar_trend_bound,mean,1.84446266849815
01-Apr-2012,ar_trend_bound,mean,1.80487054475133
01-Jul-2012,ar_trend_bound,mean,1.78403445125706
01-Oct-2012,ar_trend_bound,mean,1.77895665541907
01-Jan-2013,ar_trend_bound,mean,1.75784767193904
01-Apr-2013,ar_trend_bound,mean,1.7242524481149
01-Jul-2013,ar_trend_bound,mean,1.72757817507049
01-Oct-2013,ar_trend_bound,mean,1.71275219116632
01-Jan-2014,ar_trend_bound,mean,1.71434093962553
01-Apr-2014,ar_trend_bound,mean,1.70610413585323
01-Jul-2014,ar_trend_bound,mean,1.68796802617409
01-Oct-2014,ar_trend_bound,mean,1.66904567198203
01-Jan-2015,ar_trend_bound,mean,1.66038511962943
01-Apr-2015,ar_trend_bound,mean,1.69996726029071
01-Jul-2015,ar_trend_bound,mean,1.70576012898487
01-Oct-2015,ar_trend_bound,mean,1.70297456173934
01-Jan-2016,ar_trend_bound,mean,1.72746536668138
01-Apr-2016,ar_trend_bound,mean,1.77791500827609
01-Jul-2016,ar_trend_bound,mean,1.79409099692049
01-Oct-2016,ar_trend_bound,mean,1.82110822601044
01-Jan-2017,ar_trend_bound,mean,1.84985305228218
01-Apr-2017,ar_trend_bound,mean,1.85467046530856
01-Jul-2017,ar_trend_bound,mean,1.89046843145852
01-Oct-2017,ar_trend_bound,mean,1.93061757283504
01-Jan-2018,ar_trend_bound,mean,1.96443338593723
01-Apr-2018,ar_trend_bound,mean,1.97929854893787
01-Jul-2018,ar_trend_bound,mean,1.99359726270274
01-Oct-2018,ar_trend_bound,mean,2.01770179533166
01-Jan-2019,ar_trend_bound,mean,2.03966139694017
01-Apr-2019,ar_trend_bound,mean,2.08422950952516
01-Jul-2019,ar_trend_bound,mean,2.10485222334535
01-Oct-2019,ar_trend_bound,mean,2.14213378692456
01-Jan-2020,ar_trend_bound,mean,2.17526806489045
01-Apr-2020,ar_trend_bound,mean,2.19183873424879
01-Jul-2020,ar_trend_bound,mean,2.25787498831574
01-Oct-2020,ar_trend_bound,mean,2.29288207704001
01-Jan-2021,ar_trend_bound,mean,2.34530428648016
01-Apr-2021,ar_trend_bound,mean,2.39638064012717
01-Jul-2021,ar_trend_bound,mean,2.42744227561236
01-Oct-2021,ar_trend_bound,mean,2.47389306513553
01-Jan-2022,ar_trend_bound,mean,2.51208849310073
01-Apr-2022,ar_trend_bound,mean,2.53563393726488
01-Jul-2022,ar_trend_bound,mean,2.52840793692122
01-Oct-2022,ar_trend_bound,mean,2.53665492181013
01-Jan-2023,ar_trend_bound,mean,2.55021049590601
01-Apr-2023,ar_trend_bound,mean,2.54843969521869
01-Jul-2023,ar_trend_bound,mean,2.55402423461681
01-Oct-2023,ar_trend_bound,mean,2.55259415615909
01-Jan-2024,ar_trend_bound,mean,2.59107322231969
01-Apr-2024,ar_trend_bound,mean,2.5833617504616
01-Jul-2024,ar_trend_bound,mean,2.58185717678608
01-Oct-2024,ar_trend_bound,mean,2.60903687657856
01-Jan-2025,ar_trend_bound,mean,2.63796742504803
01-Apr-2025,ar_trend_bound,mean,2.63857821636481
01-Jul-2025,ar_trend_bound,mean,2.66679966866265
01-Oct-2025,ar_trend_bound,mean,2.68719414767433
01-Jan-2026,ar_trend_bound,mean,2.73226154483478
01-Apr-2026,ar_trend_bound,mean,2.76187417228947
01-Jul-1947,ar_trend_bound,p05,0.455536480572867
01-Oct-1947,ar_trend_bound,p05,0.447093097658578
01-Jan-1948,ar_trend_bound,p05,0.467070672284248
01-Apr-1948,ar_trend_bound,p05,0.475861687155288
01-Jul-1948,ar_trend_bound,p05,0.513920767792918
01-Oct-1948,ar_trend_bound,p05,0.512862693852459
01-Jan-1949,ar_trend_bound,p05,0.513799126936216
01-Apr-1949,ar_trend_bound,p05,0.522294341303495
01-Jul-1949,ar_trend_bound,p05,0.552327046199308
01-Oct-1949,ar_trend_bound,p05,0.545793225903777
01-Jan-1950,ar_trend_bound,p05,0.573285205941027
01-Apr-1950,ar_trend_bound,p05,0.568639110591933
01-Jul-1950,ar_trend_bound,p05,0.60046891356835
01-Oct-1950,ar_trend_bound,p05,0.621139766775319
01-Jan-1951,ar_trend_bound,p05,0.647951579217577
01-Apr-1951,ar_trend_bound,p05,0.644446680853455
01-Jul-1951,ar_trend_bound,p05,0.671644173427256
01-Oct-1951,ar_trend_bound,p05,0.689700413525558
01-Jan-1952,ar_trend_bound,p05,0.688980880901095
01-Apr-1952,ar_trend_bound,p05,0.664086302291857
01-Jul-1952,ar_trend_bound,p05,0.67156335800704
01-Oct-1952,ar_trend_bound,p05,0.688766511582647
01-Jan-1953,ar_trend_bound,p05,0.69799939991077
01-Apr-1953,ar_trend_bound,p05,0.704731383676094
01-Jul-1953,ar_trend_bound,p05,0.713679281207111
01-Oct-1953,ar_trend_bound,p05,0.749216953602201
01-Jan-1954,ar_trend_bound,p05,0.737999349956489
01-Apr-1954,ar_trend_bound,p05,0.723845388030615
01-Jul-1954,ar_trend_bound,p05,0.721483672133369
01-Oct-1954,ar_trend_bound,p05,0.752844259013505
01-Jan-1955,ar_trend_bound,p05,0.814061733135519
01-Apr-1955,ar_trend_bound,p05,0.802149938880568
01-Jul-1955,ar_trend_bound,p05,0.843146967845608
01-Oct-1955,ar_trend_bound,p05,0.857587146579049
01-Jan-1956,ar_trend_bound,p05,0.894303037731011
01-Apr-1956,ar_trend_bound,p05,0.920936778089135
01-Jul-1956,ar_trend_bound,p05,0.954602627344606
01-Oct-1956,ar_trend_bound,p05,0.935402151273111
01-Jan-1957,ar_trend_bound,p05,0.970295922082681
01-Apr-1957,ar_trend_bound,p05,0.977855971478486
01-Jul-1957,ar_trend_bound,p05,0.956624741098617
01-Oct-1957,ar_trend_bound,p05,0.957035622959604
01-Jan-1958,ar_trend_bound,p05,0.948019302985615
01-Apr-1958,ar_trend_bound,p05,0.910306652064689
01-Jul-1958,ar_trend_bound,p05,0.912412682979166
01-Oct-1958,ar_trend_bound,p05,0.917686556799434
01-Jan-1959,ar_trend_bound,p05,0.939171689188019
01-Apr-1959,ar_trend_bound,p05,0.948214870947257
01-Jul-1959,ar_trend_bound,p05,0.973720297169374
01-Oct-1959,ar_trend_bound,p05,0.957381818426972
01-Jan-1960,ar_trend_bound,p05,0.909590671657376
01-Apr-1960,ar_trend_bound,p05,0.933360028766646
01-Jul-1960,ar_trend_bound,p05,0.932886604794666
01-Oct-1960,ar_trend_bound,p05,0.932053329740954
01-Jan-1961,ar_trend_bound,p05,0.893127298787411
01-Apr-1961,ar_trend_bound,p05,0.877406765186248
01-Jul-1961,ar_trend_bound,p05,0.940944293230172
01-Oct-1961,ar_trend_bound,p05,0.915793511498209
01-Jan-1962,ar_trend_bound,p05,0.977588651870798
01-Apr-1962,ar_trend_bound,p05,0.974252347631362
01-Jul-1962,ar_trend_bound,p05,0.991350338835571
01-Oct-1962,ar_trend_bound,p05,1.00295934669807
01-Jan-1963,ar_trend_bound,p05,1.02061662563954
01-Apr-1963,ar_trend_bound,p05,1.01468275396122
01-Jul-1963,ar_trend_bound,p05,1.10835657369308
01-Oct-1963,ar_trend_bound,p05,1.12738933268294
01-Jan-1964,ar_trend_bound,p05,1.18540424249545
01-Apr-1964,ar_trend_bound,p05,1.1665857570121
01-Jul-1964,ar_trend_bound,p05,1.21323406277363
01-Oct-1964,ar_trend_bound,p05,1.24254441158743
01-Jan-1965,ar_trend_bound,p05,1.29785485813058
01-Apr-1965,ar_trend_bound,p05,1.36426388065682
01-Jul-1965,ar_trend_bound,p05,1.36072136570091
01-Oct-1965,ar_trend_bound,p05,1.410736446696
01-Jan-1966,ar_trend_bound,p05,1.4912464240918
01-Apr-1966,ar_trend_bound,p05,1.55505105736344
01-Jul-1966,ar_trend_bound,p05,1.57396529485834
01-Oct-1966,ar_trend_bound,p05,1.62000598081313
01-Jan-1967,ar_trend_bound,p05,1.60502646081733
01-Apr-1967,ar_trend_bound,p05,1.63752692630319
01-Jul-1967,ar_trend_bound,p05,1.70063345474432
01-Oct-1967,ar_trend_bound,p05,1.72875537012407
01-Jan-1968,ar_trend_bound,p05,1.76596621814083
01-Apr-1968,ar_trend_bound,p05,1.81070391799457
01-Jul-1968,ar_trend_bound,p05,1.80634899663504
01-Oct-1968,ar_trend_bound,p05,1.87550010602258
01-Jan-1969,ar_trend_bound,p05,1.85167986466527
01-Apr-1969,ar_trend_bound,p05,1.91878458700909
01-Jul-1969,ar_trend_bound,p05,1.92095387195481
01-Oct-1969,ar_trend_bound,p05,1.93777320296389
01-Jan-1970,ar_trend_bound,p05,1.92843773971518
01-Apr-1970,ar_trend_bound,p05,1.95533107021474
01-Jul-1970,ar_trend_bound,p05,1.95796971858146
01-Oct-1970,ar_trend_bound,p05,1.99118236521882
01-Jan-1971,ar_trend_bound,p05,1.96923878789562
01-Apr-1971,ar_trend_bound,p05,1.98398859062406
01-Jul-1971,ar_trend_bound,p05,1.98849417434608
01-Oct-1971,ar_trend_bound,p05,1.98279777915099
01-Jan-1972,ar_trend_bound,p05,2.02598973952692
01-Apr-1972,ar_trend_bound,p05,2.03944636963191
01-Jul-1972,ar_trend_bound,p05,2.02599410057181
01-Oct-1972,ar_trend_bound,p05,2.04942632779411
01-Jan-1973,ar_trend_bound,p05,2.03554529317922
01-Apr-1973,ar_trend_bound,p05,2.0658041342426
01-Jul-1973,ar_trend_bound,p05,2.06647617890535
01-Oct-1973,ar_trend_bound,p05,2.08109651655336
01-Jan-1974,ar_trend_bound,p05,2.11443560496888
01-Apr-1974,ar_trend_bound,p05,2.11948179357117
01-Jul-1974,ar_trend_bound,p05,2.14378121568426
01-Oct-1974,ar_trend_bound,p05,2.1453596133761
01-Jan-1975,ar_trend_bound,p05,2.10838737648312
01-Apr-1975,ar_trend_bound,p05,2.10188180949486
01-Jul-1975,ar_trend_bound,p05,2.12204537882511
01-Oct-1975,ar_trend_bound,p05,2.09055520739209
01-Jan-1976,ar_trend_bound,p05,2.10824051294007
01-Apr-1976,ar_trend_bound,p05,2.10322637458731
01-Jul-1976,ar_trend_bound,p05,2.13645446869789
01-Oct-1976,ar_trend_bound,p05,2.1500890784035
01-Jan-1977,ar_trend_bound,p05,2.17315679236627
01-Apr-1977,ar_trend_bound,p05,2.17741123491839
01-Jul-1977,ar_trend_bound,p05,2.18212002584674
01-Oct-1977,ar_trend_bound,p05,2.17972861275625
01-Jan-1978,ar_trend_bound,p05,2.19464090489837
01-Apr-1978,ar_trend_bound,p05,2.21028361962526
01-Jul-1978,ar_trend_bound,p05,2.21137617258419
01-Oct-1978,ar_trend_bound,p05,2.219852762258
01-Jan-1979,ar_trend_bound,p05,2.25400359498005
01-Apr-1979,ar_trend_bound,p05,2.27269594425607
01-Jul-1979,ar_trend_bound,p05,2.28200101840681
01-Oct-1979,ar_trend_bound,p05,2.28786371869187
01-Jan-1980,ar_trend_bound,p05,2.29904109655188
01-Apr-1980,ar_trend_bound,p05,2.31548038646469
01-Jul-1980,ar_trend_bound,p05,2.31514122522598
01-Oct-1980,ar_trend_bound,p05,2.32739589350379
01-Jan-1981,ar_trend_bound,p05,2.33793009661825
01-Apr-1981,ar_trend_bound,p05,2.30916032644645
01-Jul-1981,ar_trend_bound,p05,2.31678059897713
01-Oct-1981,ar_trend_bound,p05,2.34008176102301
01-Jan-1982,ar_trend_bound,p05,2.33583063970942
01-Apr-1982,ar_trend_bound,p05,2.3246121183408
01-Jul-1982,ar_trend_bound,p05,2.35274267515049
01-Oct-1982,ar_trend_bound,p05,2.34757757285525
01-Jan-1983,ar_trend_bound,p05,2.34619490463855
01-Apr-1983,ar_trend_bound,p05,2.34780673548372
01-Jul-1983,ar_trend_bound,p05,2.36376724134767
01-Oct-1983,ar_trend_bound,p05,2.36319598840117
01-Jan-1984,ar_trend_bound,p05,2.39288737733563
01-Apr-1984,ar_trend_bound,p05,2.4010009264747
01-Jul-1984,ar_trend_bound,p05,2.39957759890071
01-Oct-1984,ar_trend_bound,p05,2.37199991603434
01-Jan-1985,ar_trend_bound,p05,2.38280670204505
01-Apr-1985,ar_trend_bound,p05,2.37877770490628
01-Jul-1985,ar_trend_bound,p05,2.35478246743224
01-Oct-1985,ar_trend_bound,p05,2.3575114495879
01-Jan-1986,ar_trend_bound,p05,2.32925709273767
01-Apr-1986,ar_trend_bound,p05,2.30840084227414
01-Jul-1986,ar_trend_bound,p05,2.3490932742206
01-Oct-1986,ar_trend_bound,p05,2.36760140163897
01-Jan-1987,ar_trend_bound,p05,2.3937782105005
01-Apr-1987,ar_trend_bound,p05,2.38342940810037
01-Jul-1987,ar_trend_bound,p05,2.36642357647268
01-Oct-1987,ar_trend_bound,p05,2.35820300526649
01-Jan-1988,ar_trend_bound,p05,2.36461416205857
01-Apr-1988,ar_trend_bound,p05,2.38789333073057
01-Jul-1988,ar_trend_bound,p05,2.39040464105662
01-Oct-1988,ar_trend_bound,p05,2.36356281299437
01-Jan-1989,ar_trend_bound,p05,2.37112891290389
01-Apr-1989,ar_trend_bound,p05,2.35465980326091
01-Jul-1989,ar_trend_bound,p05,2.30792582798231
01-Oct-1989,ar_trend_bound,p05,2.29184821580966
01-Jan-1990,ar_trend_bound,p05,2.31628545617944
01-Apr-1990,ar_trend_bound,p05,2.27310749882674
01-Jul-1990,ar_trend_bound,p05,2.25001820094774
01-Oct-1990,ar_trend_bound,p05,2.23326749545573
01-Jan-1991,ar_trend_bound,p05,2.16984903696312
01-Apr-1991,ar_trend_bound,p05,2.15603514827624
01-Jul-1991,ar_trend_bound,p05,2.14209055525358
01-Oct-1991,ar_trend_bound,p05,2.11876334754969
01-Jan-1992,ar_trend_bound,p05,2.08620271174921
01-Apr-1992,ar_trend_bound,p05,2.07774111538829
01-Jul-1992,ar_trend_bound,p05,2.02919065857485
01-Oct-1992,ar_trend_bound,p05,2.01756046231083
01-Jan-1993,ar_trend_bound,p05,1.97670400023794
01-Apr-1993,ar_trend_bound,p05,1.93354163866229
01-Jul-1993,ar_trend_bound,p05,1.84390361747526
01-Oct-1993,ar_trend_bound,p05,1.82799480348227
01-Jan-1994,ar_trend_bound,p05,1.77660900751202
01-Apr-1994,ar_trend_bound,p05,1.75990358628965
01-Jul-1994,ar_trend_bound,p05,1.77417837879618
01-Oct-1994,ar_trend_bound,p05,1.69149642451548
01-Jan-1995,ar_trend_bound,p05,1.66287277818354
01-Apr-1995,ar_trend_bound,p05,1.63248406270853
01-Jul-1995,ar_trend_bound,p05,1.57389072733087
01-Oct-1995,ar_trend_bound,p05,1.56698436859857
01-Jan-1996,ar_trend_bound,p05,1.54487548726467
01-Apr-1996,ar_trend_bound,p05,1.53142069567189
01-Jul-1996,ar_trend_bound,p05,1.44958643994465
01-Oct-1996,ar_trend_bound,p05,1.4224753016999
01-Jan-1997,ar_trend_bound,p05,1.33901177243047
01-Apr-1997,ar_trend_bound,p05,1.23185314359931
01-Jul-1997,ar_trend_bound,p05,1.18750186594856
01-Oct-1997,ar_trend_bound,p05,1.14792453086969
01-Jan-1998,ar_trend_bound,p05,1.07284936017014
01-Apr-1998,ar_trend_bound,p05,1.09557938340081
01-Jul-1998,ar_trend_bound,p05,1.12907774855213
01-Oct-1998,ar_trend_bound,p05,1.18562740016283
01-Jan-1999,ar_trend_bound,p05,1.21037334697659
01-Apr-1999,ar_trend_bound,p05,1.28402603789458
01-Jul-1999,ar_trend_bound,p05,1.35674435114831
01-Oct-1999,ar_trend_bound,p05,1.38986287361187
01-Jan-2000,ar_trend_bound,p05,1.41066038812837
01-Apr-2000,ar_trend_bound,p05,1.41325937939149
01-Jul-2000,ar_trend_bound,p05,1.41837489227062
01-Oct-2000,ar_trend_bound,p05,1.42125171713293
01-Jan-2001,ar_trend_bound,p05,1.42982220985281
01-Apr-2001,ar_trend_bound,p05,1.38576648894692
01-Jul-2001,ar_trend_bound,p05,1.33101012867704
01-Oct-2001,ar_trend_bound,p05,1.33909667729137
01-Jan-2002,ar_trend_bound,p05,1.37068203210474
01-Apr-2002,ar_trend_bound,p05,1.38875787336616
01-Jul-2002,ar_trend_bound,p05,1.41207613055041
01-Oct-2002,ar_trend_bound,p05,1.43090447955092
01-Jan-2003,ar_trend_bound,p05,1.45395205902686
01-Apr-2003,ar_trend_bound,p05,1.43746381165414
01-Jul-2003,ar_trend_bound,p05,1.49789933946021
01-Oct-2003,ar_trend_bound,p05,1.49315001120873
01-Jan-2004,ar_trend_bound,p05,1.50811027425467
01-Apr-2004,ar_trend_bound,p05,1.50064150280507
01-Jul-2004,ar_trend_bound,p05,1.49859433102146
01-Oct-2004,ar_trend_bound,p05,1.52834049667067
01-Jan-2005,ar_trend_bound,p05,1.51179877712023
01-Apr-2005,ar_trend_bound,p05,1.53099065767755
01-Jul-2005,ar_trend_bound,p05,1.53490327743419
01-Oct-2005,ar_trend_bound,p05,1.53895591581976
01-Jan-2006,ar_trend_bound,p05,1.51233508000066
01-Apr-2006,ar_trend_bound,p05,1.48131610821744
01-Jul-2006,ar_trend_bound,p05,1.46517784619131
01-Oct-2006,ar_trend_bound,p05,1.44520902857136
01-Jan-2007,ar_trend_bound,p05,1.46595955770092
01-Apr-2007,ar_trend_bound,p05,1.44303334496429
01-Jul-2007,ar_trend_bound,p05,1.43146902758828
01-Oct-2007,ar_trend_bound,p05,1.3904807312891
01-Jan-2008,ar_trend_bound,p05,1.37766090578916
01-Apr-2008,ar_trend_bound,p05,1.35003069369515
01-Jul-2008,ar_trend_bound,p05,1.30850957860438
01-Oct-2008,ar_trend_bound,p05,1.26574942645775
01-Jan-2009,ar_trend_bound,p05,1.24241315612027
01-Apr-2009,ar_trend_bound,p05,1.21812397537187
01-Jul-2009,ar_trend_bound,p05,1.23095966896635
01-Oct-2009,ar_trend_bound,p05,1.20750215376816
01-Jan-2010,ar_trend_bound,p05,1.20653644596521
01-Apr-2010,ar_trend_bound,p05,1.20087652184161
01-Jul-2010,ar_trend_bound,p05,1.19911819028806
01-Oct-2010,ar_trend_bound,p05,1.20086556972293
01-Jan-2011,ar_trend_bound,p05,1.20475982082006
01-Apr-2011,ar_trend_bound,p05,1.21382372054403
01-Jul-2011,ar_trend_bound,p05,1.1656093603613
01-Oct-2011,ar_trend_bound,p05,1.13536961862172
01-Jan-2012,ar_trend_bound,p05,1.11869362423066
01-Apr-2012,ar_trend_bound,p05,1.07187867584626
01-Jul-2012,ar_trend_bound,p05,1.04994058912298
01-Oct-2012,ar_trend_bound,p05,1.06397251574272
01-Jan-2013,ar_trend_bound,p05,1.03644638711158
01-Apr-2013,ar_trend_bound,p05,0.994794907774365
01-Jul-2013,ar_trend_bound,p05,0.977582240579048
01-Oct-2013,ar_trend_bound,p05,0.96378516000332
01-Jan-2014,ar_trend_bound,p05,0.965059396909848
01-Apr-2014,ar_trend_bound,p05,0.947393851888429
01-Jul-2014,ar_trend_bound,p05,0.92160632136267
01-Oct-2014,ar_trend_bound,p05,0.905927377450752
01-Jan-2015,ar_trend_bound,p05,0.870866628464168
01-Apr-2015,ar_trend_bound,p05,0.90168974395663
01-Jul-2015,ar_trend_bound,p05,0.889105597038874
01-Oct-2015,ar_trend_bound,p05,0.916586285525019
01-Jan-2016,ar_trend_bound,p05,0.932400490453244
01-Apr-2016,ar_trend_bound,p05,1.00258013296982
01-Jul-2016,ar_trend_bound,p05,1.01759773722511
01-Oct-2016,ar_trend_bound,p05,1.04343641348829
01-Jan-2017,ar_trend_bound,p05,1.06427024228594
01-Apr-2017,ar_trend_bound,p05,1.07660641293112
01-Jul-2017,ar_trend_bound,p05,1.1213099801442
01-Oct-2017,ar_trend_bound,p05,1.15710416857595
01-Jan-2018,ar_trend_bound,p05,1.17307349378943
01-Apr-2018,ar_trend_bound,p05,1.15456970279969
01-Jul-2018,ar_trend_bound,p05,1.1666451919037
01-Oct-2018,ar_trend_bound,p05,1.16942855341546
01-Jan-2019,ar_trend_bound,p05,1.18084992244169
01-Apr-2019,ar_trend_bound,p05,1.21143737542478
01-Jul-2019,ar_trend_bound,p05,1.19617639853629
01-Oct-2019,ar_trend_bound,p05,1.20227270935383
01-Jan-2020,ar_trend_bound,p05,1.23109464524135
01-Apr-2020,ar_trend_bound,p05,1.217419748468
01-Jul-2020,ar_trend_bound,p05,1.24103431209314
01-Oct-2020,ar_trend_bound,p05,1.2818310281869
01-Jan-2021,ar_trend_bound,p05,1.3132764943086
01-Apr-2021,ar_trend_bound,p05,1.35057479170579
01-Jul-2021,ar_trend_bound,p05,1.33795014102273
01-Oct-2021,ar_trend_bound,p05,1.37257426781032
01-Jan-2022,ar_trend_bound,p05,1.41152817414677
01-Apr-2022,ar_trend_bound,p05,1.41094327109815
01-Jul-2022,ar_trend_bound,p05,1.37215683455941
01-Oct-2022,ar_trend_bound,p05,1.37347174459092
01-Jan-2023,ar_trend_bound,p05,1.35234363959
01-Apr-2023,ar_trend_bound,p05,1.33738463298344
01-Jul-2023,ar_trend_bound,p05,1.34891256607837
01-Oct-2023,ar_trend_bound,p05,1.34675065583245
01-Jan-2024,ar_trend_bound,p05,1.3731579337626
01-Apr-2024,ar_trend_bound,p05,1.3955581082081
01-Jul-2024,ar_trend_bound,p05,1.33725338302276
01-Oct-2024,ar_trend_bound,p05,1.35386961524125
01-Jan-2025,ar_trend_bound,p05,1.34969448663771
01-Apr-2025,ar_trend_bound,p05,1.30921339165727
01-Jul-2025,ar_trend_bound,p05,1.29750502085033
01-Oct-2025,ar_trend_bound,p05,1.29676366382303
01-Jan-2026,ar_trend_bound,p05,1.30567051098503
01-Apr-2026,ar_trend_bound,p05,1.34894573934053
01-Jul-1947,ar_trend_bound,p16,0.938004777814507
01-Oct-1947,ar_trend_bound,p16,0.961763573476042
01-Jan-1948,ar_trend_bound,p16,0.977289112618332
01-Apr-1948,ar_trend_bound,p16,0.967190822352168
01-Jul-1948,ar_trend_bound,p16,0.986065331135942
01-Oct-1948,ar_trend_bound,p16,0.974360274884003
01-Jan-1949,ar_trend_bound,p16,0.987769677264688
01-Apr-1949,ar_trend_bound,p16,0.979001905027481
01-Jul-1949,ar_trend_bound,p16,1.00630422823781
01-Oct-1949,ar_trend_bound,p16,1.01599715978001
01-Jan-1950,ar_trend_bound,p16,1.02678880593068
01-Apr-1950,ar_trend_bound,p16,1.04724683977391
01-Jul-1950,ar_trend_bound,p16,1.06546554844529
01-Oct-1950,ar_trend_bound,p16,1.07180733604437
01-Jan-1951,ar_trend_bound,p16,1.0946846893529
01-Apr-1951,ar_trend_bound,p16,1.09412195698384
01-Jul-1951,ar_trend_bound,p16,1.08522405116703
01-Oct-1951,ar_trend_bound,p16,1.10948140666778
01-Jan-1952,ar_trend_bound,p16,1.08721874008242
01-Apr-1952,ar_trend_bound,p16,1.07919783554047
01-Jul-1952,ar_trend_bound,p16,1.07826206704722
01-Oct-1952,ar_trend_bound,p16,1.07859295043162
01-Jan-1953,ar_trend_bound,p16,1.07862644926705
01-Apr-1953,ar_trend_bound,p16,1.07102989333841
01-Jul-1953,ar_trend_bound,p16,1.08042533259013
01-Oct-1953,ar_trend_bound,p16,1.08081805639112
01-Jan-1954,ar_trend_bound,p16,1.08727584008012
01-Apr-1954,ar_trend_bound,p16,1.08550471837483
01-Jul-1954,ar_trend_bound,p16,1.09099670351802
01-Oct-1954,ar_trend_bound,p16,1.11627949540664
01-Jan-1955,ar_trend_bound,p16,1.13568806739022
01-Apr-1955,ar_trend_bound,p16,1.17495940000626
01-Jul-1955,ar_trend_bound,p16,1.19533331351325
01-Oct-1955,ar_trend_bound,p16,1.22214540812882
01-Jan-1956,ar_trend_bound,p16,1.25556914175749
01-Apr-1956,ar_trend_bound,p16,1.29046674561102
01-Jul-1956,ar_trend_bound,p16,1.3014864255151
01-Oct-1956,ar_trend_bound,p16,1.2993110464408
01-Jan-1957,ar_trend_bound,p16,1.3229318798305
01-Apr-1957,ar_trend_bound,p16,1.31831666790274
01-Jul-1957,ar_trend_bound,p16,1.33138633075134
01-Oct-1957,ar_trend_bound,p16,1.3076467461835
01-Jan-1958,ar_trend_bound,p16,1.32889504151681
01-Apr-1958,ar_trend_bound,p16,1.29698254260358
01-Jul-1958,ar_trend_bound,p16,1.27389389689209
01-Oct-1958,ar_trend_bound,p16,1.27529161872873
01-Jan-1959,ar_trend_bound,p16,1.2956161096103
01-Apr-1959,ar_trend_bound,p16,1.26908144719939
01-Jul-1959,ar_trend_bound,p16,1.26846361757364
01-Oct-1959,ar_trend_bound,p16,1.25944692696088
01-Jan-1960,ar_trend_bound,p16,1.23950541506425
01-Apr-1960,ar_trend_bound,p16,1.24504033536944
01-Jul-1960,ar_trend_bound,p16,1.23047478587812
01-Oct-1960,ar_trend_bound,p16,1.2249715634937
01-Jan-1961,ar_trend_bound,p16,1.18076051391725
01-Apr-1961,ar_trend_bound,p16,1.15485809087048
01-Jul-1961,ar_trend_bound,p16,1.19297123093504
01-Oct-1961,ar_trend_bound,p16,1.16514445825092
01-Jan-1962,ar_trend_bound,p16,1.21321016560767
01-Apr-1962,ar_trend_bound,p16,1.23277219908951
01-Jul-1962,ar_trend_bound,p16,1.22615227846131
01-Oct-1962,ar_trend_bound,p16,1.25909997060786
01-Jan-1963,ar_trend_bound,p16,1.2818563448911
01-Apr-1963,ar_trend_bound,p16,1.29305666081157
01-Jul-1963,ar_trend_bound,p16,1.37256876988395
01-Oct-1963,ar_trend_bound,p16,1.39296109995818
01-Jan-1964,ar_trend_bound,p16,1.43653003757783
01-Apr-1964,ar_trend_bound,p16,1.42241443140726
01-Jul-1964,ar_trend_bound,p16,1.46853652239275
01-Oct-1964,ar_trend_bound,p16,1.52292887685597
01-Jan-1965,ar_trend_bound,p16,1.56581846580251
01-Apr-1965,ar_trend_bound,p16,1.6536145759935
01-Jul-1965,ar_trend_bound,p16,1.68843567933127
01-Oct-1965,ar_trend_bound,p16,1.74369587385186
01-Jan-1966,ar_trend_bound,p16,1.8288678031432
01-Apr-1966,ar_trend_bound,p16,1.91371200154581
01-Jul-1966,ar_trend_bound,p16,1.93752737404434
01-Oct-1966,ar_trend_bound,p16,1.99033665766946
01-Jan-1967,ar_trend_bound,p16,1.97556192290537
01-Apr-1967,ar_trend_bound,p16,2.03913951342757
01-Jul-1967,ar_trend_bound,p16,2.11313048556633
01-Oct-1967,ar_trend_bound,p16,2.15186729642262
01-Jan-1968,ar_trend_bound,p16,2.20990116079012
01-Apr-1968,ar_trend_bound,p16,2.24276774833143
01-Jul-1968,ar_trend_bound,p16,2.26705754919554
01-Oct-1968,ar_trend_bound,p16,2.29098401423974
01-Jan-1969,ar_trend_bound,p16,2.30888331438311
01-Apr-1969,ar_trend_bound,p16,2.37817960995525
01-Jul-1969,ar_trend_bound,p16,2.38193066840883
01-Oct-1969,ar_trend_bound,p16,2.39943399928594
01-Jan-1970,ar_trend_bound,p16,2.41871272086722
01-Apr-1970,ar_trend_bound,p16,2.43229612962604
01-Jul-1970,ar_trend_bound,p16,2.42935115166744
01-Oct-1970,ar_trend_bound,p16,2.46091968037655
01-Jan-1971,ar_trend_bound,p16,2.46320288823442
01-Apr-1971,ar_trend_bound,p16,2.48762107457021
01-Jul-1971,ar_trend_bound,p16,2.5017375356325
01-Oct-1971,ar_trend_bound,p16,2.47809768728649
01-Jan-1972,ar_trend_bound,p16,2.51756159267411
01-Apr-1972,ar_trend_bound,p16,2.50618649955847
01-Jul-1972,ar_trend_bound,p16,2.52320123024897
01-Oct-1972,ar_trend_bound,p16,2.53347388737792
01-Jan-1973,ar_trend_bound,p16,2.54254906583548
01-Apr-1973,ar_trend_bound,p16,2.58302775268725
01-Jul-1973,ar_trend_bound,p16,2.58499112406876
01-Oct-1973,ar_trend_bound,p16,2.59071759783899
01-Jan-1974,ar_trend_bound,p16,2.63415878294801
01-Apr-1974,ar_trend_bound,p16,2.63485292448053
01-Jul-1974,ar_trend_bound,p16,2.65025865589363
01-Oct-1974,ar_trend_bound,p16,2.65363363570222
01-Jan-1975,ar_trend_bound,p16,2.63172367592194
01-Apr-1975,ar_trend_bound,p16,2.6101563523228
01-Jul-1975,ar_trend_bound,p16,2.64050154513005
01-Oct-1975,ar_trend_bound,p16,2.64296202819272
01-Jan-1976,ar_trend_bound,p16,2.64021355321568
01-Apr-1976,ar_trend_bound,p16,2.61799439338632
01-Jul-1976,ar_trend_bound,p16,2.65299790492927
01-Oct-1976,ar_trend_bound,p16,2.66289917969995
01-Jan-1977,ar_trend_bound,p16,2.6844883963887
01-Apr-1977,ar_trend_bound,p16,2.68499195662221
01-Jul-1977,ar_trend_bound,p16,2.67026757463481
01-Oct-1977,ar_trend_bound,p16,2.66463747865062
01-Jan-1978,ar_trend_bound,p16,2.67972866175032
01-Apr-1978,ar_trend_bound,p16,2.72143866267871
01-Jul-1978,ar_trend_bound,p16,2.71929084626862
01-Oct-1978,ar_trend_bound,p16,2.7361100963889
01-Jan-1979,ar_trend_bound,p16,2.73876526883171
01-Apr-1979,ar_trend_bound,p16,2.77030834128324
01-Jul-1979,ar_trend_bound,p16,2.76411045530778
01-Oct-1979,ar_trend_bound,p16,2.78003478524585
01-Jan-1980,ar_trend_bound,p16,2.78632912933558
01-Apr-1980,ar_trend_bound,p16,2.7837396967121
01-Jul-1980,ar_trend_bound,p16,2.79551230609302
01-Oct-1980,ar_trend_bound,p16,2.81153005904836
01-Jan-1981,ar_trend_bound,p16,2.81685962948724
01-Apr-1981,ar_trend_bound,p16,2.79119608472285
01-Jul-1981,ar_trend_bound,p16,2.81048489165739
01-Oct-1981,ar_trend_bound,p16,2.82096593123299
01-Jan-1982,ar_trend_bound,p16,2.81072720307889
01-Apr-1982,ar_trend_bound,p16,2.78983806943562
01-Jul-1982,ar_trend_bound,p16,2.81389830403362
01-Oct-1982,ar_trend_bound,p16,2.8110734661988
01-Jan-1983,ar_trend_bound,p16,2.81292660814182
01-Apr-1983,ar_trend_bound,p16,2.81922302056087
01-Jul-1983,ar_trend_bound,p16,2.81671296680474
01-Oct-1983,ar_trend_bound,p16,2.79741191443771
01-Jan-1984,ar_trend_bound,p16,2.80498262656131
01-Apr-1984,ar_trend_bound,p16,2.80167715167566
01-Jul-1984,ar_trend_bound,p16,2.79069200202438
01-Oct-1984,ar_trend_bound,p16,2.76247770200016
01-Jan-1985,ar_trend_bound,p16,2.78488349658158
01-Apr-1985,ar_trend_bound,p16,2.74260194173527
01-Jul-1985,ar_trend_bound,p16,2.74027446203871
01-Oct-1985,ar_trend_bound,p16,2.73465758353456
01-Jan-1986,ar_trend_bound,p16,2.71125262228747
01-Apr-1986,ar_trend_bound,p16,2.67902181403774
01-Jul-1986,ar_trend_bound,p16,2.7004295359404
01-Oct-1986,ar_trend_bound,p16,2.70592242465276
01-Jan-1987,ar_trend_bound,p16,2.7401439318512
01-Apr-1987,ar_trend_bound,p16,2.73990609200763
01-Jul-1987,ar_trend_bound,p16,2.73935136237138
01-Oct-1987,ar_trend_bound,p16,2.74076126826276
01-Jan-1988,ar_trend_bound,p16,2.71739180098078
01-Apr-1988,ar_trend_bound,p16,2.74040885343403
01-Jul-1988,ar_trend_bound,p16,2.7471881518861
01-Oct-1988,ar_trend_bound,p16,2.72117324942534
01-Jan-1989,ar_trend_bound,p16,2.71064621072646
01-Apr-1989,ar_trend_bound,p16,2.69620086491694
01-Jul-1989,ar_trend_bound,p16,2.6715733937373
01-Oct-1989,ar_trend_bound,p16,2.64712041046564
01-Jan-1990,ar_trend_bound,p16,2.64252988974615
01-Apr-1990,ar_trend_bound,p16,2.59989680806592
01-Jul-1990,ar_trend_bound,p16,2.57523822266649
01-Oct-1990,ar_trend_bound,p16,2.53984786728251
01-Jan-1991,ar_trend_bound,p16,2.46903689790615
01-Apr-1991,ar_trend_bound,p16,2.42819056988685
01-Jul-1991,ar_trend_bound,p16,2.40056453685542
01-Oct-1991,ar_trend_bound,p16,2.37666535179983
01-Jan-1992,ar_trend_bound,p16,2.31134424116503
01-Apr-1992,ar_trend_bound,p16,2.28121245552743
01-Jul-1992,ar_trend_bound,p16,2.2507022836829
01-Oct-1992,ar_trend_bound,p16,2.21756801632176
01-Jan-1993,ar_trend_bound,p16,2.16675838242721
01-Apr-1993,ar_trend_bound,p16,2.12891063960628
01-Jul-1993,ar_trend_bound,p16,2.04662975409479
01-Oct-1993,ar_trend_bound,p16,2.01571381679508
01-Jan-1994,ar_trend_bound,p16,1.95142349592721
01-Apr-1994,ar_trend_bound,p16,1.95214936667476
01-Jul-1994,ar_trend_bound,p16,1.95727067365385
01-Oct-1994,ar_trend_bound,p16,1.88712985752762
01-Jan-1995,ar_trend_bound,p16,1.85034176634813
01-Apr-1995,ar_trend_bound,p16,1.83437758213933
01-Jul-1995,ar_trend_bound,p16,1.75742403236935
01-Oct-1995,ar_trend_bound,p16,1.74238649405024
01-Jan-1996,ar_trend_bound,p16,1.72749934687316
01-Apr-1996,ar_trend_bound,p16,1.71682259962565
01-Jul-1996,ar_trend_bound,p16,1.6465114761904
01-Oct-1996,ar_trend_bound,p16,1.61231173952866
01-Jan-1997,ar_trend_bound,p16,1.52319967565052
01-Apr-1997,ar_trend_bound,p16,1.43677520410452
01-Jul-1997,ar_trend_bound,p16,1.40593982486148
01-Oct-1997,ar_trend_bound,p16,1.35824368566039
01-Jan-1998,ar_trend_bound,p16,1.30494808845392
01-Apr-1998,ar_trend_bound,p16,1.32882206087474
01-Jul-1998,ar_trend_bound,p16,1.35953320132741
01-Oct-1998,ar_trend_bound,p16,1.37625163413175
01-Jan-1999,ar_trend_bound,p16,1.41544545157716
01-Apr-1999,ar_trend_bound,p16,1.50323724875644
01-Jul-1999,ar_trend_bound,p16,1.54971768764977
01-Oct-1999,ar_trend_bound,p16,1.59836962687876
01-Jan-2000,ar_trend_bound,p16,1.63608930057035
01-Apr-2000,ar_trend_bound,p16,1.62124632435164
01-Jul-2000,ar_trend_bound,p16,1.64237772111091
01-Oct-2000,ar_trend_bound,p16,1.64317906625077
01-Jan-2001,ar_trend_bound,p16,1.65952110520779
01-Apr-2001,ar_trend_bound,p16,1.6232822689987
01-Jul-2001,ar_trend_bound,p16,1.5815572348836
01-Oct-2001,ar_trend_bound,p16,1.57302596000402
01-Jan-2002,ar_trend_bound,p16,1.60587289210405
01-Apr-2002,ar_trend_bound,p16,1.64592349737291
01-Jul-2002,ar_trend_bound,p16,1.65176578975363
01-Oct-2002,ar_trend_bound,p16,1.67913105253972
01-Jan-2003,ar_trend_bound,p16,1.70633187545716
01-Apr-2003,ar_trend_bound,p16,1.70437350206442
01-Jul-2003,ar_trend_bound,p16,1.73877728701292
01-Oct-2003,ar_trend_bound,p16,1.76418013863919
01-Jan-2004,ar_trend_bound,p16,1.77697771971545
01-Apr-2004,ar_trend_bound,p16,1.79020092634645
01-Jul-2004,ar_trend_bound,p16,1.78685157116279
01-Oct-2004,ar_trend_bound,p16,1.81389976932369
01-Jan-2005,ar_trend_bound,p16,1.8119788879791
01-Apr-2005,ar_trend_bound,p16,1.82035706339786
01-Jul-2005,ar_trend_bound,p16,1.815399953765
01-Oct-2005,ar_trend_bound,p16,1.79979571730105
01-Jan-2006,ar_trend_bound,p16,1.78774389326219
01-Apr-2006,ar_trend_bound,p16,1.78429865548229
01-Jul-2006,ar_trend_bound,p16,1.77526243861708
01-Oct-2006,ar_trend_bound,p16,1.74546157958371
01-Jan-2007,ar_trend_bound,p16,1.73843256798061
01-Apr-2007,ar_trend_bound,p16,1.73925418216781
01-Jul-2007,ar_trend_bound,p16,1.70619290428773
01-Oct-2007,ar_trend_bound,p16,1.69427203478604
01-Jan-2008,ar_trend_bound,p16,1.67248957742134
01-Apr-2008,ar_trend_bound,p16,1.6515763323052
01-Jul-2008,ar_trend_bound,p16,1.62542841944726
01-Oct-2008,ar_trend_bound,p16,1.58070283066255
01-Jan-2009,ar_trend_bound,p16,1.56840496933163
01-Apr-2009,ar_trend_bound,p16,1.56348075407109
01-Jul-2009,ar_trend_bound,p16,1.54853692291781
01-Oct-2009,ar_trend_bound,p16,1.53705693574388
01-Jan-2010,ar_trend_bound,p16,1.5233987671493
01-Apr-2010,ar_trend_bound,p16,1.50941642730585
01-Jul-2010,ar_trend_bound,p16,1.49504963403398
01-Oct-2010,ar_trend_bound,p16,1.49688958241719
01-Jan-2011,ar_trend_bound,p16,1.49638220613479
01-Apr-2011,ar_trend_bound,p16,1.48826011039169
01-Jul-2011,ar_trend_bound,p16,1.45214485280778
01-Oct-2011,ar_trend_bound,p16,1.42549069863565
01-Jan-2012,ar_trend_bound,p16,1.42143899460009
01-Apr-2012,ar_trend_bound,p16,1.37268243175122
01-Jul-2012,ar_trend_bound,p16,1.34492393285635
01-Oct-2012,ar_trend_bound,p16,1.34044054785823
01-Jan-2013,ar_trend_bound,p16,1.30473166168111
01-Apr-2013,ar_trend_bound,p16,1.25981025934982
01-Jul-2013,ar_trend_bound,p16,1.27256353449683
01-Oct-2013,ar_trend_bound,p16,1.25880100712097
01-Jan-2014,ar_trend_bound,p16,1.26643553973058
01-Apr-2014,ar_trend_bound,p16,1.24555007132764
01-Jul-2014,ar_trend_bound,p16,1.22741866514905
01-Oct-2014,ar_trend_bound,p16,1.20175048333222
01-Jan-2015,ar_trend_bound,p16,1.18428915040082
01-Apr-2015,ar_trend_bound,p16,1.21690839786717
01-Jul-2015,ar_trend_bound,p16,1.22829429886342
01-Oct-2015,ar_trend_bound,p16,1.22452855558776
01-Jan-2016,ar_trend_bound,p16,1.25292163664186
01-Apr-2016,ar_trend_bound,p16,1.30419127083312
01-Jul-2016,ar_trend_bound,p16,1.32528088805038
01-Oct-2016,ar_trend_bound,p16,1.34275191106262
01-Jan-2017,ar_trend_bound,p16,1.38149583779733
01-Apr-2017,ar_trend_bound,p16,1.38289305010619
01-Jul-2017,ar_trend_bound,p16,1.42558116061739
01-Oct-2017,ar_trend_bound,p16,1.45235023412167
01-Jan-2018,ar_trend_bound,p16,1.49383721322596
01-Apr-2018,ar_trend_bound,p16,1.4870313271351
01-Jul-2018,ar_trend_bound,p16,1.50030161722557
01-Oct-2018,ar_trend_bound,p16,1.52263657789105
01-Jan-2019,ar_trend_bound,p16,1.53432128032913
01-Apr-2019,ar_trend_bound,p16,1.57059081326984
01-Jul-2019,ar_trend_bound,p16,1.58612844356589
01-Oct-2019,ar_trend_bound,p16,1.60224973463293
01-Jan-2020,ar_trend_bound,p16,1.62661205918293
01-Apr-2020,ar_trend_bound,p16,1.62913843427226
01-Jul-2020,ar_trend_bound,p16,1.69070140725201
01-Oct-2020,ar_trend_bound,p16,1.7129083383222
01-Jan-2021,ar_trend_bound,p16,1.74341092110044
01-Apr-2021,ar_trend_bound,p16,1.78833707548111
01-Jul-2021,ar_trend_bound,p16,1.80473199066434
01-Oct-2021,ar_trend_bound,p16,1.8361625297385
01-Jan-2022,ar_trend_bound,p16,1.87015432496472
01-Apr-2022,ar_trend_bound,p16,1.89261360340968
01-Jul-2022,ar_trend_bound,p16,1.89021886906698
01-Oct-2022,ar_trend_bound,p16,1.90438187123529
01-Jan-2023,ar_trend_bound,p16,1.91308030679735
01-Apr-2023,ar_trend_bound,p16,1.90617150823637
01-Jul-2023,ar_trend_bound,p16,1.90949608587851
01-Oct-2023,ar_trend_bound,p16,1.89378654809258
01-Jan-2024,ar_trend_bound,p16,1.90553290264623
01-Apr-2024,ar_trend_bound,p16,1.91310108327747
01-Jul-2024,ar_trend_bound,p16,1.88241516502458
01-Oct-2024,ar_trend_bound,p16,1.90527320606076
01-Jan-2025,ar_trend_bound,p16,1.9234644593874
01-Apr-2025,ar_trend_bound,p16,1.92010262969254
01-Jul-2025,ar_trend_bound,p16,1.93575667354985
01-Oct-2025,ar_trend_bound,p16,1.9363618197978
01-Jan-2026,ar_trend_bound,p16,1.94973048924638
01-Apr-2026,ar_trend_bound,p16,1.98211632813685
01-Jul-1947,ar_trend_bound,p84,2.58234431462178
01-Oct-1947,ar_trend_bound,p84,2.58259399721782
01-Jan-1948,ar_trend_bound,p84,2.5682236299659
01-Apr-1948,ar_trend_bound,p84,2.54837723717117
01-Jul-1948,ar_trend_bound,p84,2.53882234028476
01-Oct-1948,ar_trend_bound,p84,2.51232756058942
01-Jan-1949,ar_trend_bound,p84,2.49942423712817
01-Apr-1949,ar_trend_bound,p84,2.48757576734963
01-Jul-1949,ar_trend_bound,p84,2.48629225535597
01-Oct-1949,ar_trend_bound,p84,2.46135074382461
01-Jan-1950,ar_trend_bound,p84,2.46599693450685
01-Apr-1950,ar_trend_bound,p84,2.45442981798675
01-Jul-1950,ar_trend_bound,p84,2.48212032341062
01-Oct-1950,ar_trend_bound,p84,2.45799978619934
01-Jan-1951,ar_trend_bound,p84,2.4481018470548
01-Apr-1951,ar_trend_bound,p84,2.43882395627902
01-Jul-1951,ar_trend_bound,p84,2.42150711833684
01-Oct-1951,ar_trend_bound,p84,2.40628599202377
01-Jan-1952,ar_trend_bound,p84,2.39166672505164
01-Apr-1952,ar_trend_bound,p84,2.36283099828909
01-Jul-1952,ar_trend_bound,p84,2.34410494751342
01-Oct-1952,ar_trend_bound,p84,2.34004460139516
01-Jan-1953,ar_trend_bound,p84,2.33880637895473
01-Apr-1953,ar_trend_bound,p84,2.31407240267907
01-Jul-1953,ar_trend_bound,p84,2.30480333858993
01-Oct-1953,ar_trend_bound,p84,2.29038917674086
01-Jan-1954,ar_trend_bound,p84,2.28755392480614
01-Apr-1954,ar_trend_bound,p84,2.25130589794537
01-Jul-1954,ar_trend_bound,p84,2.24052834033233
01-Oct-1954,ar_trend_bound,p84,2.24556112837719
01-Jan-1955,ar_trend_bound,p84,2.2752145430316
01-Apr-1955,ar_trend_bound,p84,2.25158023443413
01-Jul-1955,ar_trend_bound,p84,2.26660459158219
01-Oct-1955,ar_trend_bound,p84,2.26893009112457
01-Jan-1956,ar_trend_bound,p84,2.30275675256102
01-Apr-1956,ar_trend_bound,p84,2.32163765732416
01-Jul-1956,ar_trend_bound,p84,2.34621404108712
01-Oct-1956,ar_trend_bound,p84,2.33325618839072
01-Jan-1957,ar_trend_bound,p84,2.3677845207572
01-Apr-1957,ar_trend_bound,p84,2.34643138230967
01-Jul-1957,ar_trend_bound,p84,2.34660856625614
01-Oct-1957,ar_trend_bound,p84,2.31826241665584
01-Jan-1958,ar_trend_bound,p84,2.33090312116376
01-Apr-1958,ar_trend_bound,p84,2.2792458871654
01-Jul-1958,ar_trend_bound,p84,2.26898997063566
01-Oct-1958,ar_trend_bound,p84,2.24040864299603
01-Jan-1959,ar_trend_bound,p84,2.26278139095814
01-Apr-1959,ar_trend_bound,p84,2.25141708118745
01-Jul-1959,ar_trend_bound,p84,2.25545034958866
01-Oct-1959,ar_trend_bound,p84,2.23818357468742
01-Jan-1960,ar_trend_bound,p84,2.20102989190948
01-Apr-1960,ar_trend_bound,p84,2.21736466390165
01-Jul-1960,ar_trend_bound,p84,2.19704212422465
01-Oct-1960,ar_trend_bound,p84,2.17833671064117
01-Jan-1961,ar_trend_bound,p84,2.16072794366248
01-Apr-1961,ar_trend_bound,p84,2.15626321241661
01-Jul-1961,ar_trend_bound,p84,2.19580478540702
01-Oct-1961,ar_trend_bound,p84,2.18860855765712
01-Jan-1962,ar_trend_bound,p84,2.20985240833126
01-Apr-1962,ar_trend_bound,p84,2.21145236986358
01-Jul-1962,ar_trend_bound,p84,2.23182315541457
01-Oct-1962,ar_trend_bound,p84,2.25442456330802
01-Jan-1963,ar_trend_bound,p84,2.25949129855188
01-Apr-1963,ar_trend_bound,p84,2.26385403150204
01-Jul-1963,ar_trend_bound,p84,2.33641992950072
01-Oct-1963,ar_trend_bound,p84,2.33926191819432
01-Jan-1964,ar_trend_bound,p84,2.3711331993418
01-Apr-1964,ar_trend_bound,p84,2.37687480549469
01-Jul-1964,ar_trend_bound,p84,2.43962313858678
01-Oct-1964,ar_trend_bound,p84,2.47423813087191
01-Jan-1965,ar_trend_bound,p84,2.51974041283257
01-Apr-1965,ar_trend_bound,p84,2.59303441198599
01-Jul-1965,ar_trend_bound,p84,2.6452463832317
01-Oct-1965,ar_trend_bound,p84,2.68639185580418
01-Jan-1966,ar_trend_bound,p84,2.79765380381071
01-Apr-1966,ar_trend_bound,p84,2.88822711641478
01-Jul-1966,ar_trend_bound,p84,2.94612042777004
01-Oct-1966,ar_trend_bound,p84,3.01533440031091
01-Jan-1967,ar_trend_bound,p84,3.04944106079607
01-Apr-1967,ar_trend_bound,p84,3.13486338557448
01-Jul-1967,ar_trend_bound,p84,3.26905686734123
01-Oct-1967,ar_trend_bound,p84,3.31281223878868
01-Jan-1968,ar_trend_bound,p84,3.41217354586178
01-Apr-1968,ar_trend_bound,p84,3.47385371889452
01-Jul-1968,ar_trend_bound,p84,3.54578627890907
01-Oct-1968,ar_trend_bound,p84,3.62411502647835
01-Jan-1969,ar_trend_bound,p84,3.66580858887673
01-Apr-1969,ar_trend_bound,p84,3.75825070741338
01-Jul-1969,ar_trend_bound,p84,3.79456303257785
01-Oct-1969,ar_trend_bound,p84,3.83320415806625
01-Jan-1970,ar_trend_bound,p84,3.86068055671996
01-Apr-1970,ar_trend_bound,p84,3.88745132374713
01-Jul-1970,ar_trend_bound,p84,3.91465393429089
01-Oct-1970,ar_trend_bound,p84,3.94433820822334
01-Jan-1971,ar_trend_bound,p84,3.9500199160632
01-Apr-1971,ar_trend_bound,p84,3.99009180342231
01-Jul-1971,ar_trend_bound,p84,4.00432977766856
01-Oct-1971,ar_trend_bound,p84,3.97999074714174
01-Jan-1972,ar_trend_bound,p84,4.04624259208093
01-Apr-1972,ar_trend_bound,p84,4.02674226960247
01-Jul-1972,ar_trend_bound,p84,4.06182972300461
01-Oct-1972,ar_trend_bound,p84,4.08247945673582
01-Jan-1973,ar_trend_bound,p84,4.127410042012
01-Apr-1973,ar_trend_bound,p84,4.18816724527108
01-Jul-1973,ar_trend_bound,p84,4.20992878558208
01-Oct-1973,ar_trend_bound,p84,4.24166126757781
01-Jan-1974,ar_trend_bound,p84,4.29920170840466
01-Apr-1974,ar_trend_bound,p84,4.32398922951965
01-Jul-1974,ar_trend_bound,p84,4.31507910377155
01-Oct-1974,ar_trend_bound,p84,4.31218273634803
01-Jan-1975,ar_trend_bound,p84,4.29738181117277
01-Apr-1975,ar_trend_bound,p84,4.2935861433402
01-Jul-1975,ar_trend_bound,p84,4.32788741110193
01-Oct-1975,ar_trend_bound,p84,4.32172050147668
01-Jan-1976,ar_trend_bound,p84,4.30720479506293
01-Apr-1976,ar_trend_bound,p84,4.31526140998635
01-Jul-1976,ar_trend_bound,p84,4.36064817930492
01-Oct-1976,ar_trend_bound,p84,4.34400338077733
01-Jan-1977,ar_trend_bound,p84,4.36800484703108
01-Apr-1977,ar_trend_bound,p84,4.35295817636972
01-Jul-1977,ar_trend_bound,p84,4.34583893811934
01-Oct-1977,ar_trend_bound,p84,4.34914048201192
01-Jan-1978,ar_trend_bound,p84,4.37139283052557
01-Apr-1978,ar_trend_bound,p84,4.38958582902237
01-Jul-1978,ar_trend_bound,p84,4.40918838284417
01-Oct-1978,ar_trend_bound,p84,4.38475515852762
01-Jan-1979,ar_trend_bound,p84,4.3949925424618
01-Apr-1979,ar_trend_bound,p84,4.41499051383185
01-Jul-1979,ar_trend_bound,p84,4.41636507313234
01-Oct-1979,ar_trend_bound,p84,4.39320801481073
01-Jan-1980,ar_trend_bound,p84,4.38318918609456
01-Apr-1980,ar_trend_bound,p84,4.35544375410842
01-Jul-1980,ar_trend_bound,p84,4.35345203977113
01-Oct-1980,ar_trend_bound,p84,4.3460912869586
01-Jan-1981,ar_trend_bound,p84,4.35312781832603
01-Apr-1981,ar_trend_bound,p84,4.29546644502896
01-Jul-1981,ar_trend_bound,p84,4.28396028911265
01-Oct-1981,ar_trend_bound,p84,4.25576484670288
01-Jan-1982,ar_trend_bound,p84,4.23439942652553
01-Apr-1982,ar_trend_bound,p84,4.17793662100278
01-Jul-1982,ar_trend_bound,p84,4.18673807045627
01-Oct-1982,ar_trend_bound,p84,4.13788045597693
01-Jan-1983,ar_trend_bound,p84,4.10215518352451
01-Apr-1983,ar_trend_bound,p84,4.08842253444937
01-Jul-1983,ar_trend_bound,p84,4.07742017306269
01-Oct-1983,ar_trend_bound,p84,4.02561068400385
01-Jan-1984,ar_trend_bound,p84,4.00942925025494
01-Apr-1984,ar_trend_bound,p84,3.9855478016937
01-Jul-1984,ar_trend_bound,p84,3.93211913506069
01-Oct-1984,ar_trend_bound,p84,3.89704352032413
01-Jan-1985,ar_trend_bound,p84,3.89343985772956
01-Apr-1985,ar_trend_bound,p84,3.86789387870636
01-Jul-1985,ar_trend_bound,p84,3.83797016310825
01-Oct-1985,ar_trend_bound,p84,3.81398428156391
01-Jan-1986,ar_trend_bound,p84,3.79642187366681
01-Apr-1986,ar_trend_bound,p84,3.76173284422417
01-Jul-1986,ar_trend_bound,p84,3.75853371561966
01-Oct-1986,ar_trend_bound,p84,3.76831410901696
01-Jan-1987,ar_trend_bound,p84,3.7766800123469
01-Apr-1987,ar_trend_bound,p84,3.77666049377571
01-Jul-1987,ar_trend_bound,p84,3.75285426095419
01-Oct-1987,ar_trend_bound,p84,3.75053103617995
01-Jan-1988,ar_trend_bound,p84,3.73135749063896
01-Apr-1988,ar_trend_bound,p84,3.74787178876207
01-Jul-1988,ar_trend_bound,p84,3.73472006139065
01-Oct-1988,ar_trend_bound,p84,3.72375574594674
01-Jan-1989,ar_trend_bound,p84,3.70802592046237
01-Apr-1989,ar_trend_bound,p84,3.67194588337414
01-Jul-1989,ar_trend_bound,p84,3.59519672855426
01-Oct-1989,ar_trend_bound,p84,3.59304243420971
01-Jan-1990,ar_trend_bound,p84,3.57062889433707
01-Apr-1990,ar_trend_bound,p84,3.49749384801742
01-Jul-1990,ar_trend_bound,p84,3.47578250879017
01-Oct-1990,ar_trend_bound,p84,3.39958888349928
01-Jan-1991,ar_trend_bound,p84,3.27511903731473
01-Apr-1991,ar_trend_bound,p84,3.19720040157956
01-Jul-1991,ar_trend_bound,p84,3.12278269953503
01-Oct-1991,ar_trend_bound,p84,3.08253064988816
01-Jan-1992,ar_trend_bound,p84,3.02202418548996
01-Apr-1992,ar_trend_bound,p84,2.95510387072356
01-Jul-1992,ar_trend_bound,p84,2.88908900143974
01-Oct-1992,ar_trend_bound,p84,2.8463290882198
01-Jan-1993,ar_trend_bound,p84,2.7687741588485
01-Apr-1993,ar_trend_bound,p84,2.72374496839746
01-Jul-1993,ar_trend_bound,p84,2.64313265786349
01-Oct-1993,ar_trend_bound,p84,2.60970271843479
01-Jan-1994,ar_trend_bound,p84,2.54647647152025
01-Apr-1994,ar_trend_bound,p84,2.53178281275157
01-Jul-1994,ar_trend_bound,p84,2.52245632859709
01-Oct-1994,ar_trend_bound,p84,2.45408062312366
01-Jan-1995,ar_trend_bound,p84,2.41134328033015
01-Apr-1995,ar_trend_bound,p84,2.38583631223315
01-Jul-1995,ar_trend_bound,p84,2.33634626263275
01-Oct-1995,ar_trend_bound,p84,2.3207657817202
01-Jan-1996,ar_trend_bound,p84,2.31559094775695
01-Apr-1996,ar_trend_bound,p84,2.30870209003278
01-Jul-1996,ar_trend_bound,p84,2.2452119264701
01-Oct-1996,ar_trend_bound,p84,2.23464599063367
01-Jan-1997,ar_trend_bound,p84,2.17189979260875
01-Apr-1997,ar_trend_bound,p84,2.11682984853666
01-Jul-1997,ar_trend_bound,p84,2.0965146570736
01-Oct-1997,ar_trend_bound,p84,2.07325192642792
01-Jan-1998,ar_trend_bound,p84,2.03681361331009
01-Apr-1998,ar_trend_bound,p84,2.0493033813194
01-Jul-1998,ar_trend_bound,p84,2.07077832126368
01-Oct-1998,ar_trend_bound,p84,2.08062950807206
01-Jan-1999,ar_trend_bound,p84,2.09258345362703
01-Apr-1999,ar_trend_bound,p84,2.16675845114212
01-Jul-1999,ar_trend_bound,p84,2.20646891961182
01-Oct-1999,ar_trend_bound,p84,2.26270059556042
01-Jan-2000,ar_trend_bound,p84,2.30613205884149
01-Apr-2000,ar_trend_bound,p84,2.29174137810202
01-Jul-2000,ar_trend_bound,p84,2.30312107740345
01-Oct-2000,ar_trend_bound,p84,2.30905154755973
01-Jan-2001,ar_trend_bound,p84,2.32661564568631
01-Apr-2001,ar_trend_bound,p84,2.29248799102591
01-Jul-2001,ar_trend_bound,p84,2.27934941070572
01-Oct-2001,ar_trend_bound,p84,2.27372344333751
01-Jan-2002,ar_trend_bound,p84,2.31121184331342
01-Apr-2002,ar_trend_bound,p84,2.36670943940902
01-Jul-2002,ar_trend_bound,p84,2.37934143483128
01-Oct-2002,ar_trend_bound,p84,2.40512775321439
01-Jan-2003,ar_trend_bound,p84,2.43474970169433
01-Apr-2003,ar_trend_bound,p84,2.42937230794237
01-Jul-2003,ar_trend_bound,p84,2.48701418907769
01-Oct-2003,ar_trend_bound,p84,2.51543581215328
01-Jan-2004,ar_trend_bound,p84,2.55550467432473
01-Apr-2004,ar_trend_bound,p84,2.58793424220078
01-Jul-2004,ar_trend_bound,p84,2.59934392885576
01-Oct-2004,ar_trend_bound,p84,2.63945701971349
01-Jan-2005,ar_trend_bound,p84,2.63884546487603
01-Apr-2005,ar_trend_bound,p84,2.64275582167804
01-Jul-2005,ar_trend_bound,p84,2.67299090038035
01-Oct-2005,ar_trend_bound,p84,2.66252687156535
01-Jan-2006,ar_trend_bound,p84,2.66416338603375
01-Apr-2006,ar_trend_bound,p84,2.6684467605031
01-Jul-2006,ar_trend_bound,p84,2.64730993458316
01-Oct-2006,ar_trend_bound,p84,2.63782038823669
01-Jan-2007,ar_trend_bound,p84,2.64560888575486
01-Apr-2007,ar_trend_bound,p84,2.62952336229393
01-Jul-2007,ar_trend_bound,p84,2.59991289689871
01-Oct-2007,ar_trend_bound,p84,2.59331954787232
01-Jan-2008,ar_trend_bound,p84,2.57279068900424
01-Apr-2008,ar_trend_bound,p84,2.55605283033634
01-Jul-2008,ar_trend_bound,p84,2.52355252087502
01-Oct-2008,ar_trend_bound,p84,2.47595310304912
01-Jan-2009,ar_trend_bound,p84,2.46216166505147
01-Apr-2009,ar_trend_bound,p84,2.45835564105828
01-Jul-2009,ar_trend_bound,p84,2.45180128376006
01-Oct-2009,ar_trend_bound,p84,2.43307771987052
01-Jan-2010,ar_trend_bound,p84,2.40086992963094
01-Apr-2010,ar_trend_bound,p84,2.39530208101177
01-Jul-2010,ar_trend_bound,p84,2.36944881394487
01-Oct-2010,ar_trend_bound,p84,2.3809122295219
01-Jan-2011,ar_trend_bound,p84,2.3729670980694
01-Apr-2011,ar_trend_bound,p84,2.35756311920393
01-Jul-2011,ar_trend_bound,p84,2.32594654498568
01-Oct-2011,ar_trend_bound,p84,2.29701653872288
01-Jan-2012,ar_trend_bound,p84,2.26245423878346
01-Apr-2012,ar_trend_bound,p84,2.23651347474674
01-Jul-2012,ar_trend_bound,p84,2.22153044606967
01-Oct-2012,ar_trend_bound,p84,2.21580295632162
01-Jan-2013,ar_trend_bound,p84,2.187382311863
01-Apr-2013,ar_trend_bound,p84,2.1743022100589
01-Jul-2013,ar_trend_bound,p84,2.17511677864624
01-Oct-2013,ar_trend_bound,p84,2.15718460158931
01-Jan-2014,ar_trend_bound,p84,2.16408724360474
01-Apr-2014,ar_trend_bound,p84,2.16843002977711
01-Jul-2014,ar_trend_bound,p84,2.15920507107826
01-Oct-2014,ar_trend_bound,p84,2.14717141183511
01-Jan-2015,ar_trend_bound,p84,2.14610310256729
01-Apr-2015,ar_trend_bound,p84,2.18279042491453
01-Jul-2015,ar_trend_bound,p84,2.1964054037317
01-Oct-2015,ar_trend_bound,p84,2.18555583330046
01-Jan-2016,ar_trend_bound,p84,2.21339297979645
01-Apr-2016,ar_trend_bound,p84,2.2630802291788
01-Jul-2016,ar_trend_bound,p84,2.27102484983632
01-Oct-2016,ar_trend_bound,p84,2.2968859343598
01-Jan-2017,ar_trend_bound,p84,2.3400353340676
01-Apr-2017,ar_trend_bound,p84,2.32552221044651
01-Jul-2017,ar_trend_bound,p84,2.36251604564953
01-Oct-2017,ar_trend_bound,p84,2.4067136049442
01-Jan-2018,ar_trend_bound,p84,2.44222520677023
01-Apr-2018,ar_trend_bound,p84,2.4701207046481
01-Jul-2018,ar_trend_bound,p84,2.47884536024207
01-Oct-2018,ar_trend_bound,p84,2.52293170912837
01-Jan-2019,ar_trend_bound,p84,2.55119258936283
01-Apr-2019,ar_trend_bound,p84,2.59223945895698
01-Jul-2019,ar_trend_bound,p84,2.63320877310883
01-Oct-2019,ar_trend_bound,p84,2.68010236100743
01-Jan-2020,ar_trend_bound,p84,2.73268583365577
01-Apr-2020,ar_trend_bound,p84,2.75097963344462
01-Jul-2020,ar_trend_bound,p84,2.83682062664147
01-Oct-2020,ar_trend_bound,p84,2.87714139293376
01-Jan-2021,ar_trend_bound,p84,2.94629573326273
01-Apr-2021,ar_trend_bound,p84,3.00286691755282
01-Jul-2021,ar_trend_bound,p84,3.03814199823897
01-Oct-2021,ar_trend_bound,p84,3.10438311568937
01-Jan-2022,ar_trend_bound,p84,3.16661871602666
01-Apr-2022,ar_trend_bound,p84,3.18741057405782
01-Jul-2022,ar_trend_bound,p84,3.18134368728666
01-Oct-2022,ar_trend_bound,p84,3.18419042180077
01-Jan-2023,ar_trend_bound,p84,3.18610411510739
01-Apr-2023,ar_trend_bound,p84,3.20181688600392
01-Jul-2023,ar_trend_bound,p84,3.19368610667526
01-Oct-2023,ar_trend_bound,p84,3.21184237565256
01-Jan-2024,ar_trend_bound,p84,3.25054164875985
01-Apr-2024,ar_trend_bound,p84,3.24584178530317
01-Jul-2024,ar_trend_bound,p84,3.25092569281533
01-Oct-2024,ar_trend_bound,p84,3.27696665155541
01-Jan-2025,ar_trend_bound,p84,3.32897561341308
01-Apr-2025,ar_trend_bound,p84,3.32620911069849
01-Jul-2025,ar_trend_bound,p84,3.37797654388032
01-Oct-2025,ar_trend_bound,p84,3.40699846679134
01-Jan-2026,ar_trend_bound,p84,3.46797778139375
01-Apr-2026,ar_trend_bound,p84,3.51538579892192
01-Jul-1947,ar_trend_bound,p95,3.11064683637101
01-Oct-1947,ar_trend_bound,p95,3.07316431061658
01-Jan-1948,ar_trend_bound,p95,3.0632374634003
01-Apr-1948,ar_trend_bound,p95,3.07746472579819
01-Jul-1948,ar_trend_bound,p95,3.05046822512199
01-Oct-1948,ar_trend_bound,p95,3.02119352506016
01-Jan-1949,ar_trend_bound,p95,3.00244333089424
01-Apr-1949,ar_trend_bound,p95,2.9925171088335
01-Jul-1949,ar_trend_bound,p95,2.99615204606075
01-Oct-1949,ar_trend_bound,p95,3.0010358708001
01-Jan-1950,ar_trend_bound,p95,2.98865951738092
01-Apr-1950,ar_trend_bound,p95,2.98447575909015
01-Jul-1950,ar_trend_bound,p95,2.95510250386502
01-Oct-1950,ar_trend_bound,p95,2.95471738168915
01-Jan-1951,ar_trend_bound,p95,2.92426707585342
01-Apr-1951,ar_trend_bound,p95,2.91242016539227
01-Jul-1951,ar_trend_bound,p95,2.90199231747331
01-Oct-1951,ar_trend_bound,p95,2.88115923291425
01-Jan-1952,ar_trend_bound,p95,2.85596861508535
01-Apr-1952,ar_trend_bound,p95,2.82885556732203
01-Jul-1952,ar_trend_bound,p95,2.81920525940103
01-Oct-1952,ar_trend_bound,p95,2.76380340518776
01-Jan-1953,ar_trend_bound,p95,2.75536928150082
01-Apr-1953,ar_trend_bound,p95,2.745629258002
01-Jul-1953,ar_trend_bound,p95,2.77273919482721
01-Oct-1953,ar_trend_bound,p95,2.72219465687961
01-Jan-1954,ar_trend_bound,p95,2.7328595592309
01-Apr-1954,ar_trend_bound,p95,2.69097216923376
01-Jul-1954,ar_trend_bound,p95,2.69115124470782
01-Oct-1954,ar_trend_bound,p95,2.6634787830729
01-Jan-1955,ar_trend_bound,p95,2.65683639198357
01-Apr-1955,ar_trend_bound,p95,2.64412502754405
01-Jul-1955,ar_trend_bound,p95,2.65466345482688
01-Oct-1955,ar_trend_bound,p95,2.65203600810517
01-Jan-1956,ar_trend_bound,p95,2.67375139832835
01-Apr-1956,ar_trend_bound,p95,2.68709412250041
01-Jul-1956,ar_trend_bound,p95,2.71117770819156
01-Oct-1956,ar_trend_bound,p95,2.68436223793884
01-Jan-1957,ar_trend_bound,p95,2.70411758494565
01-Apr-1957,ar_trend_bound,p95,2.69999748214168
01-Jul-1957,ar_trend_bound,p95,2.69090349203958
01-Oct-1957,ar_trend_bound,p95,2.67905645433959
01-Jan-1958,ar_trend_bound,p95,2.6746819144512
01-Apr-1958,ar_trend_bound,p95,2.66532131501979
01-Jul-1958,ar_trend_bound,p95,2.62530141717287
01-Oct-1958,ar_trend_bound,p95,2.61098179794848
01-Jan-1959,ar_trend_bound,p95,2.65052616779402
01-Apr-1959,ar_trend_bound,p95,2.65382316127865
01-Jul-1959,ar_trend_bound,p95,2.6414951985437
01-Oct-1959,ar_trend_bound,p95,2.63159608805902
01-Jan-1960,ar_trend_bound,p95,2.63817850584953
01-Apr-1960,ar_trend_bound,p95,2.67695534969828
01-Jul-1960,ar_trend_bound,p95,2.68131932274871
01-Oct-1960,ar_trend_bound,p95,2.6761483006728
01-Jan-1961,ar_trend_bound,p95,2.61770085488608
01-Apr-1961,ar_trend_bound,p95,2.59750861791894
01-Jul-1961,ar_trend_bound,p95,2.63454050056096
01-Oct-1961,ar_trend_bound,p95,2.65554054283012
01-Jan-1962,ar_trend_bound,p95,2.68341810890742
01-Apr-1962,ar_trend_bound,p95,2.68956563071453
01-Jul-1962,ar_trend_bound,p95,2.70868728702886
01-Oct-1962,ar_trend_bound,p95,2.69924075682282
01-Jan-1963,ar_trend_bound,p95,2.71246892460793
01-Apr-1963,ar_trend_bound,p95,2.70904099784671
01-Jul-1963,ar_trend_bound,p95,2.755038468835
01-Oct-1963,ar_trend_bound,p95,2.7716314987677
01-Jan-1964,ar_trend_bound,p95,2.79977834498171
01-Apr-1964,ar_trend_bound,p95,2.79546992252771
01-Jul-1964,ar_trend_bound,p95,2.84602647270179
01-Oct-1964,ar_trend_bound,p95,2.86627577926099
01-Jan-1965,ar_trend_bound,p95,2.91190591585791
01-Apr-1965,ar_trend_bound,p95,2.99205448348005
01-Jul-1965,ar_trend_bound,p95,3.0224655142246
01-Oct-1965,ar_trend_bound,p95,3.07858745336282
01-Jan-1966,ar_trend_bound,p95,3.18973714399615
01-Apr-1966,ar_trend_bound,p95,3.23780771997664
01-Jul-1966,ar_trend_bound,p95,3.32495923475685
01-Oct-1966,ar_trend_bound,p95,3.37912768407048
01-Jan-1967,ar_trend_bound,p95,3.37061736829313
01-Apr-1967,ar_trend_bound,p95,3.48281533686691
01-Jul-1967,ar_trend_bound,p95,3.57819686091159
01-Oct-1967,ar_trend_bound,p95,3.65521921865617
01-Jan-1968,ar_trend_bound,p95,3.76587225008559
01-Apr-1968,ar_trend_bound,p95,3.82132062206612
01-Jul-1968,ar_trend_bound,p95,3.9275239061164
01-Oct-1968,ar_trend_bound,p95,3.99276461145073
01-Jan-1969,ar_trend_bound,p95,4.02677326996069
01-Apr-1969,ar_trend_bound,p95,4.14443107040381
01-Jul-1969,ar_trend_bound,p95,4.18760002043417
01-Oct-1969,ar_trend_bound,p95,4.21509935334202
01-Jan-1970,ar_trend_bound,p95,4.26313122451034
01-Apr-1970,ar_trend_bound,p95,4.30041330010335
01-Jul-1970,ar_trend_bound,p95,4.34075147468841
01-Oct-1970,ar_trend_bound,p95,4.44622812593385
01-Jan-1971,ar_trend_bound,p95,4.36711394125581
01-Apr-1971,ar_trend_bound,p95,4.38740297062335
01-Jul-1971,ar_trend_bound,p95,4.42678550386362
01-Oct-1971,ar_trend_bound,p95,4.39692359342768
01-Jan-1972,ar_trend_bound,p95,4.4371631462676
01-Apr-1972,ar_trend_bound,p95,4.4573954236582
01-Jul-1972,ar_trend_bound,p95,4.51516997732769
01-Oct-1972,ar_trend_bound,p95,4.51972519603848
01-Jan-1973,ar_trend_bound,p95,4.59507324040845
01-Apr-1973,ar_trend_bound,p95,4.62546681325898
01-Jul-1973,ar_trend_bound,p95,4.6251853966495
01-Oct-1973,ar_trend_bound,p95,4.65843076662073
01-Jan-1974,ar_trend_bound,p95,4.7174055015966
01-Apr-1974,ar_trend_bound,p95,4.73641031488079
01-Jul-1974,ar_trend_bound,p95,4.73890422764561
01-Oct-1974,ar_trend_bound,p95,4.75321588481951
01-Jan-1975,ar_trend_bound,p95,4.70695266918153
01-Apr-1975,ar_trend_bound,p95,4.69769872310298
01-Jul-1975,ar_trend_bound,p95,4.72531861295628
01-Oct-1975,ar_trend_bound,p95,4.70177842893506
01-Jan-1976,ar_trend_bound,p95,4.6833799447109
01-Apr-1976,ar_trend_bound,p95,4.66871643496652
01-Jul-1976,ar_trend_bound,p95,4.7035413912999
01-Oct-1976,ar_trend_bound,p95,4.72900747776099
01-Jan-1977,ar_trend_bound,p95,4.72191484060859
01-Apr-1977,ar_trend_bound,p95,4.72351952105078
01-Jul-1977,ar_trend_bound,p95,4.73390827239269
01-Oct-1977,ar_trend_bound,p95,4.72560282646207
01-Jan-1978,ar_trend_bound,p95,4.74609932101301
01-Apr-1978,ar_trend_bound,p95,4.73982444380424
01-Jul-1978,ar_trend_bound,p95,4.7487574849604
01-Oct-1978,ar_trend_bound,p95,4.72363704638121
01-Jan-1979,ar_trend_bound,p95,4.73386657362473
01-Apr-1979,ar_trend_bound,p95,4.75357878663269
01-Jul-1979,ar_trend_bound,p95,4.7478568728752
01-Oct-1979,ar_trend_bound,p95,4.73941601235614
01-Jan-1980,ar_trend_bound,p95,4.73655658927514
01-Apr-1980,ar_trend_bound,p95,4.71712181061783
01-Jul-1980,ar_trend_bound,p95,4.70484471478391
01-Oct-1980,ar_trend_bound,p95,4.72311327214965
01-Jan-1981,ar_trend_bound,p95,4.72645162615349
01-Apr-1981,ar_trend_bound,p95,4.66305646517174
01-Jul-1981,ar_trend_bound,p95,4.68559132678761
01-Oct-1981,ar_trend_bound,p95,4.64050602044466
01-Jan-1982,ar_trend_bound,p95,4.59366732647694
01-Apr-1982,ar_trend_bound,p95,4.56621211500451
01-Jul-1982,ar_trend_bound,p95,4.5695931420723
01-Oct-1982,ar_trend_bound,p95,4.55540998598062
01-Jan-1983,ar_trend_bound,p95,4.52090878349608
01-Apr-1983,ar_trend_bound,p95,4.51855392839082
01-Jul-1983,ar_trend_bound,p95,4.48518127596858
01-Oct-1983,ar_trend_bound,p95,4.40056249519925
01-Jan-1984,ar_trend_bound,p95,4.37664350692186
01-Apr-1984,ar_trend_bound,p95,4.34544599937522
01-Jul-1984,ar_trend_bound,p95,4.30199713330827
01-Oct-1984,ar_trend_bound,p95,4.23852525374632
01-Jan-1985,ar_trend_bound,p95,4.2685375877524
01-Apr-1985,ar_trend_bound,p95,4.2161994422592
01-Jul-1985,ar_trend_bound,p95,4.17327729598591
01-Oct-1985,ar_trend_bound,p95,4.16512129767489
01-Jan-1986,ar_trend_bound,p95,4.14913285437921
01-Apr-1986,ar_trend_bound,p95,4.092992765076
01-Jul-1986,ar_trend_bound,p95,4.11182377521981
01-Oct-1986,ar_trend_bound,p95,4.10808512714754
01-Jan-1987,ar_trend_bound,p95,4.11197905165829
01-Apr-1987,ar_trend_bound,p95,4.08481291484676
01-Jul-1987,ar_trend_bound,p95,4.06722400320124
01-Oct-1987,ar_trend_bound,p95,4.05021255181027
01-Jan-1988,ar_trend_bound,p95,4.05096082737872
01-Apr-1988,ar_trend_bound,p95,4.04719070950329
01-Jul-1988,ar_trend_bound,p95,4.01845675091361
01-Oct-1988,ar_trend_bound,p95,4.03165428355279
01-Jan-1989,ar_trend_bound,p95,3.9825753358507
01-Apr-1989,ar_trend_bound,p95,3.96847788116815
01-Jul-1989,ar_trend_bound,p95,3.91025988997121
01-Oct-1989,ar_trend_bound,p95,3.86980980757309
01-Jan-1990,ar_trend_bound,p95,3.87047919573302
01-Apr-1990,ar_trend_bound,p95,3.81236105998348
01-Jul-1990,ar_trend_bound,p95,3.75544380648307
01-Oct-1990,ar_trend_bound,p95,3.67420285132219
01-Jan-1991,ar_trend_bound,p95,3.55478361268
01-Apr-1991,ar_trend_bound,p95,3.46352628003492
01-Jul-1991,ar_trend_bound,p95,3.40778749810467
01-Oct-1991,ar_trend_bound,p95,3.33010085999005
01-Jan-1992,ar_trend_bound,p95,3.22864741943229
01-Apr-1992,ar_trend_bound,p95,3.16841966939127
01-Jul-1992,ar_trend_bound,p95,3.11523176745676
01-Oct-1992,ar_trend_bound,p95,3.06774615571941
01-Jan-1993,ar_trend_bound,p95,3.00064582605232
01-Apr-1993,ar_trend_bound,p95,2.96619425335374
01-Jul-1993,ar_trend_bound,p95,2.87901326649567
01-Oct-1993,ar_trend_bound,p95,2.84091229930954
01-Jan-1994,ar_trend_bound,p95,2.7691086564957
01-Apr-1994,ar_trend_bound,p95,2.76336244570183
01-Jul-1994,ar_trend_bound,p95,2.7435075877402
01-Oct-1994,ar_trend_bound,p95,2.66951677027069
01-Jan-1995,ar_trend_bound,p95,2.63437784116791
01-Apr-1995,ar_trend_bound,p95,2.61006753046852
01-Jul-1995,ar_trend_bound,p95,2.54323486513645
01-Oct-1995,ar_trend_bound,p95,2.53353214029119
01-Jan-1996,ar_trend_bound,p95,2.53123324034466
01-Apr-1996,ar_trend_bound,p95,2.52503410959313
01-Jul-1996,ar_trend_bound,p95,2.48516879436773
01-Oct-1996,ar_trend_bound,p95,2.4613220664985
01-Jan-1997,ar_trend_bound,p95,2.41402779060439
01-Apr-1997,ar_trend_bound,p95,2.37109107169701
01-Jul-1997,ar_trend_bound,p95,2.35374870310116
01-Oct-1997,ar_trend_bound,p95,2.34379234543194
01-Jan-1998,ar_trend_bound,p95,2.30785029893413
01-Apr-1998,ar_trend_bound,p95,2.32412476177463
01-Jul-1998,ar_trend_bound,p95,2.35266326917966
01-Oct-1998,ar_trend_bound,p95,2.33305137527183
01-Jan-1999,ar_trend_bound,p95,2.36593300207898
01-Apr-1999,ar_trend_bound,p95,2.41133705229855
01-Jul-1999,ar_trend_bound,p95,2.45355869577189
01-Oct-1999,ar_trend_bound,p95,2.48422031945511
01-Jan-2000,ar_trend_bound,p95,2.54656929787928
01-Apr-2000,ar_trend_bound,p95,2.52761127117443
01-Jul-2000,ar_trend_bound,p95,2.55378192999824
01-Oct-2000,ar_trend_bound,p95,2.57081122720004
01-Jan-2001,ar_trend_bound,p95,2.55895001164489
01-Apr-2001,ar_trend_bound,p95,2.54445059193999
01-Jul-2001,ar_trend_bound,p95,2.52944455174711
01-Oct-2001,ar_trend_bound,p95,2.53733803522728
01-Jan-2002,ar_trend_bound,p95,2.5564116427052
01-Apr-2002,ar_trend_bound,p95,2.61950258976399
01-Jul-2002,ar_trend_bound,p95,2.62221398873009
01-Oct-2002,ar_trend_bound,p95,2.62792190203079
01-Jan-2003,ar_trend_bound,p95,2.68647449904548
01-Apr-2003,ar_trend_bound,p95,2.6632813445736
01-Jul-2003,ar_trend_bound,p95,2.72969280744081
01-Oct-2003,ar_trend_bound,p95,2.75541851671502
01-Jan-2004,ar_trend_bound,p95,2.8121103807337
01-Apr-2004,ar_trend_bound,p95,2.83338219650622
01-Jul-2004,ar_trend_bound,p95,2.85801558427523
01-Oct-2004,ar_trend_bound,p95,2.90458368692179
01-Jan-2005,ar_trend_bound,p95,2.9131292775763
01-Apr-2005,ar_trend_bound,p95,2.93449658061056
01-Jul-2005,ar_trend_bound,p95,2.95326672834796
01-Oct-2005,ar_trend_bound,p95,2.95146869692129
01-Jan-2006,ar_trend_bound,p95,2.95233001741008
01-Apr-2006,ar_trend_bound,p95,2.96357741262566
01-Jul-2006,ar_trend_bound,p95,2.96966764729147
01-Oct-2006,ar_trend_bound,p95,2.93026759915956
01-Jan-2007,ar_trend_bound,p95,2.95683492606483
01-Apr-2007,ar_trend_bound,p95,2.96993422297053
01-Jul-2007,ar_trend_bound,p95,2.9237129212151
01-Oct-2007,ar_trend_bound,p95,2.90621043972142
01-Jan-2008,ar_trend_bound,p95,2.92185251287895
01-Apr-2008,ar_trend_bound,p95,2.88483503906488
01-Jul-2008,ar_trend_bound,p95,2.85553103892461
01-Oct-2008,ar_trend_bound,p95,2.82795136711836
01-Jan-2009,ar_trend_bound,p95,2.79489036464729
01-Apr-2009,ar_trend_bound,p95,2.78289933214992
01-Jul-2009,ar_trend_bound,p95,2.75867823176951
01-Oct-2009,ar_trend_bound,p95,2.72806463990746
01-Jan-2010,ar_trend_bound,p95,2.69899218418096
01-Apr-2010,ar_trend_bound,p95,2.68869665827024
01-Jul-2010,ar_trend_bound,p95,2.68507545017714
01-Oct-2010,ar_trend_bound,p95,2.68728826416049
01-Jan-2011,ar_trend_bound,p95,2.66534735020467
01-Apr-2011,ar_trend_bound,p95,2.64770525891274
01-Jul-2011,ar_trend_bound,p95,2.61024636424693
01-Oct-2011,ar_trend_bound,p95,2.58574193328752
01-Jan-2012,ar_trend_bound,p95,2.55928330565158
01-Apr-2012,ar_trend_bound,p95,2.53896676530241
01-Jul-2012,ar_trend_bound,p95,2.53122691522317
01-Oct-2012,ar_trend_bound,p95,2.54273109211221
01-Jan-2013,ar_trend_bound,p95,2.5315129627092
01-Apr-2013,ar_trend_bound,p95,2.50307112239404
01-Jul-2013,ar_trend_bound,p95,2.5233674345632
01-Oct-2013,ar_trend_bound,p95,2.51072872498219
01-Jan-2014,ar_trend_bound,p95,2.51747985184039
01-Apr-2014,ar_trend_bound,p95,2.53299819345769
01-Jul-2014,ar_trend_bound,p95,2.54072295107602
01-Oct-2014,ar_trend_bound,p95,2.50770645473293
01-Jan-2015,ar_trend_bound,p95,2.50089723915665
01-Apr-2015,ar_trend_bound,p95,2.55490201124833
01-Jul-2015,ar_trend_bound,p95,2.57500541289851
01-Oct-2015,ar_trend_bound,p95,2.56578344128733
01-Jan-2016,ar_trend_bound,p95,2.58355992188286
01-Apr-2016,ar_trend_bound,p95,2.63830622513319
01-Jul-2016,ar_trend_bound,p95,2.63464024423415
01-Oct-2016,ar_trend_bound,p95,2.65743348142953
01-Jan-2017,ar_trend_bound,p95,2.70123773602487
01-Apr-2017,ar_trend_bound,p95,2.69715110630504
01-Jul-2017,ar_trend_bound,p95,2.73932228301072
01-Oct-2017,ar_trend_bound,p95,2.80000805454513
01-Jan-2018,ar_trend_bound,p95,2.83012029050728
01-Apr-2018,ar_trend_bound,p95,2.83469067681923
01-Jul-2018,ar_trend_bound,p95,2.85615512015412
01-Oct-2018,ar_trend_bound,p95,2.87169001958201
01-Jan-2019,ar_trend_bound,p95,2.90218698533465
01-Apr-2019,ar_trend_bound,p95,2.97140746780041
01-Jul-2019,ar_trend_bound,p95,2.99619765164988
01-Oct-2019,ar_trend_bound,p95,3.03893413683393
01-Jan-2020,ar_trend_bound,p95,3.0946347971062
01-Apr-2020,ar_trend_bound,p95,3.13144910545759
01-Jul-2020,ar_trend_bound,p95,3.19703739728715
01-Oct-2020,ar_trend_bound,p95,3.24758365692568
01-Jan-2021,ar_trend_bound,p95,3.3215743463173
01-Apr-2021,ar_trend_bound,p95,3.38724482375035
01-Jul-2021,ar_trend_bound,p95,3.44559744715086
01-Oct-2021,ar_trend_bound,p95,3.49663749135244
01-Jan-2022,ar_trend_bound,p95,3.54618134818225
01-Apr-2022,ar_trend_bound,p95,3.56126944149743
01-Jul-2022,ar_trend_bound,p95,3.57848574458521
01-Oct-2022,ar_trend_bound,p95,3.57950838641295
01-Jan-2023,ar_trend_bound,p95,3.61158136292409
01-Apr-2023,ar_trend_bound,p95,3.60072601478953
01-Jul-2023,ar_trend_bound,p95,3.60282496465408
01-Oct-2023,ar_trend_bound,p95,3.61583005257913
01-Jan-2024,ar_trend_bound,p95,3.6493230842582
01-Apr-2024,ar_trend_bound,p95,3.65789604278485
01-Jul-2024,ar_trend_bound,p95,3.63870665474875
01-Oct-2024,ar_trend_bound,p95,3.69303150604823
01-Jan-2025,ar_trend_bound,p95,3.73612483920615
01-Apr-2025,ar_trend_bound,p95,3.77614668890696
01-Jul-2025,ar_trend_bound,p95,3.80558970792709
01-Oct-2025,ar_trend_bound,p95,3.8584190818569
01-Jan-2026,ar_trend_bound,p95,3.91496264931334
01-Apr-2026,ar_trend_bound,p95,3.98216124106808
01-Apr-1960,biuc_lrexp,mcse,0.0108893505950264
01-Jul-1960,biuc_lrexp,mcse,0.0108668544366286
01-Oct-1960,biuc_lrexp,mcse,0.0109531938201276
01-Jan-1961,biuc_lrexp,mcse,0.0109674360984227
01-Apr-1961,biuc_lrexp,mcse,0.0109962561928491
01-Jul-1961,biuc_lrexp,mcse,0.0111346982236932
01-Oct-1961,biuc_lrexp,mcse,0.011193395569658
01-Jan-1962,biuc_lrexp,mcse,0.0113520684295129
01-Apr-1962,biuc_lrexp,mcse,0.0113682224641537
01-Jul-1962,biuc_lrexp,mcse,0.0114219020407882
01-Oct-1962,biuc_lrexp,mcse,0.0115286055093183
01-Jan-1963,biuc_lrexp,mcse,0.0116259872465023
01-Apr-1963,biuc_lrexp,mcse,0.0117599566688162
01-Jul-1963,biuc_lrexp,mcse,0.0118968146787365
01-Oct-1963,biuc_lrexp,mcse,0.0119315346897666
01-Jan-1964,biuc_lrexp,mcse,0.012101268472904
01-Apr-1964,biuc_lrexp,mcse,0.0121868403829172
01-Jul-1964,biuc_lrexp,mcse,0.0123714843868988
01-Oct-1964,biuc_lrexp,mcse,0.0125156035734218
01-Jan-1965,biuc_lrexp,mcse,0.0126466756012943
01-Apr-1965,biuc_lrexp,mcse,0.0128815804989997
01-Jul-1965,biuc_lrexp,mcse,0.0129888225525203
01-Oct-1965,biuc_lrexp,mcse,0.0131294595531652
01-Jan-1966,biuc_lrexp,mcse,0.0134389032255266
01-Apr-1966,biuc_lrexp,mcse,0.0136919722368004
01-Jul-1966,biuc_lrexp,mcse,0.0139334457588503
01-Oct-1966,biuc_lrexp,mcse,0.0141129915186511
01-Jan-1967,biuc_lrexp,mcse,0.0141394165166217
01-Apr-1967,biuc_lrexp,mcse,0.0143466440211255
01-Jul-1967,biuc_lrexp,mcse,0.0146853608235647
01-Oct-1967,biuc_lrexp,mcse,0.0148762032409468
01-Jan-1968,biuc_lrexp,mcse,0.015188876537022
01-Apr-1968,biuc_lrexp,mcse,0.0154476486855897
01-Jul-1968,biuc_lrexp,mcse,0.0187627099363691
01-Oct-1968,biuc_lrexp,mcse,0.0191960955795108
01-Jan-1969,biuc_lrexp,mcse,0.019418123244584
01-Apr-1969,biuc_lrexp,mcse,0.0201666989706639
01-Jul-1969,biuc_lrexp,mcse,0.0206267883550888
01-Oct-1969,biuc_lrexp,mcse,0.0207245944676721
01-Jan-1970,biuc_lrexp,mcse,0.0209737903376637
01-Apr-1970,biuc_lrexp,mcse,0.0211308113981861
01-Jul-1970,biuc_lrexp,mcse,0.0218497772400282
01-Oct-1970,biuc_lrexp,mcse,0.0232441009635108
01-Jan-1971,biuc_lrexp,mcse,0.0233896647912782
01-Apr-1971,biuc_lrexp,mcse,0.0237657100297343
01-Jul-1971,biuc_lrexp,mcse,0.0240261138488747
01-Oct-1971,biuc_lrexp,mcse,0.0256094957673096
01-Jan-1972,biuc_lrexp,mcse,0.0260316337586541
01-Apr-1972,biuc_lrexp,mcse,0.0261835909933227
01-Jul-1972,biuc_lrexp,mcse,0.0266617073083501
01-Oct-1972,biuc_lrexp,mcse,0.0285381021045158
01-Jan-1973,biuc_lrexp,mcse,0.0290536881379166
01-Apr-1973,biuc_lrexp,mcse,0.0296051014212713
01-Jul-1973,biuc_lrexp,mcse,0.0298974541861909
01-Oct-1973,biuc_lrexp,mcse,0.0302436094609992
01-Jan-1974,biuc_lrexp,mcse,0.0318444545067457
01-Apr-1974,biuc_lrexp,mcse,0.0347523204106085
01-Jul-1974,biuc_lrexp,mcse,0.0357488762913469
01-Oct-1974,biuc_lrexp,mcse,0.0359906509051714
01-Jan-1975,biuc_lrexp,mcse,0.0360643589424248
01-Apr-1975,biuc_lrexp,mcse,0.0362373605276465
01-Jul-1975,biuc_lrexp,mcse,0.0367695904448125
01-Oct-1975,biuc_lrexp,mcse,0.0369689496596263
01-Jan-1976,biuc_lrexp,mcse,0.0358729245727693
01-Apr-1976,biuc_lrexp,mcse,0.0343102129797922
01-Jul-1976,biuc_lrexp,mcse,0.0349104711882239
01-Oct-1976,biuc_lrexp,mcse,0.035115737840499
01-Jan-1977,biuc_lrexp,mcse,0.0353405331036425
01-Apr-1977,biuc_lrexp,mcse,0.0357825398059953
01-Jul-1977,biuc_lrexp,mcse,0.0366639692310735
01-Oct-1977,biuc_lrexp,mcse,0.0367839481727858
01-Jan-1978,biuc_lrexp,mcse,0.0376791065143166
01-Apr-1978,biuc_lrexp,mcse,0.0393792632361064
01-Jul-1978,biuc_lrexp,mcse,0.0394401049419205
01-Oct-1978,biuc_lrexp,mcse,0.0405658250543202
01-Jan-1979,biuc_lrexp,mcse,0.0424266378191609
01-Apr-1979,biuc_lrexp,mcse,0.0428758008345564
01-Jul-1979,biuc_lrexp,mcse,0.044835718993048
01-Oct-1979,biuc_lrexp,mcse,0.0448520326931843
01-Jan-1980,biuc_lrexp,mcse,0.0451233366323765
01-Apr-1980,biuc_lrexp,mcse,0.045022908034062
01-Jul-1980,biuc_lrexp,mcse,0.0449296184754491
01-Oct-1980,biuc_lrexp,mcse,0.0460580408354422
01-Jan-1981,biuc_lrexp,mcse,0.0480957760531287
01-Apr-1981,biuc_lrexp,mcse,0.0463770716728042
01-Jul-1981,biuc_lrexp,mcse,0.0451772182097238
01-Oct-1981,biuc_lrexp,mcse,0.0449826654057846
01-Jan-1982,biuc_lrexp,mcse,0.0424572697970888
01-Apr-1982,biuc_lrexp,mcse,0.0405062780881192
01-Jul-1982,biuc_lrexp,mcse,0.0402736516322016
01-Oct-1982,biuc_lrexp,mcse,0.0390990989204578
01-Jan-1983,biuc_lrexp,mcse,0.0377146844696493
01-Apr-1983,biuc_lrexp,mcse,0.0382292753760791
01-Jul-1983,biuc_lrexp,mcse,0.038086103842541
01-Oct-1983,biuc_lrexp,mcse,0.0373924692436084
01-Jan-1984,biuc_lrexp,mcse,0.0367518226277649
01-Apr-1984,biuc_lrexp,mcse,0.035997954874511
01-Jul-1984,biuc_lrexp,mcse,0.0337214808187827
01-Oct-1984,biuc_lrexp,mcse,0.0319399482177537
01-Jan-1985,biuc_lrexp,mcse,0.0303759119694972
01-Apr-1985,biuc_lrexp,mcse,0.0302355472135427
01-Jul-1985,biuc_lrexp,mcse,0.0304428343143542
01-Oct-1985,biuc_lrexp,mcse,0.0297698439665996
01-Jan-1986,biuc_lrexp,mcse,0.0282079548942986
01-Apr-1986,biuc_lrexp,mcse,0.0275292942200811
01-Jul-1986,biuc_lrexp,mcse,0.0268403240398608
01-Oct-1986,biuc_lrexp,mcse,0.0264315666499263
01-Jan-1987,biuc_lrexp,mcse,0.0266721596700933
01-Apr-1987,biuc_lrexp,mcse,0.0264116903347895
01-Jul-1987,biuc_lrexp,mcse,0.0265515084946692
01-Oct-1987,biuc_lrexp,mcse,0.0252519783908105
01-Jan-1988,biuc_lrexp,mcse,0.0251047207764436
01-Apr-1988,biuc_lrexp,mcse,0.0243954871355229
01-Jul-1988,biuc_lrexp,mcse,0.0236685815295014
01-Oct-1988,biuc_lrexp,mcse,0.0225639069691186
01-Jan-1989,biuc_lrexp,mcse,0.0223273194856788
01-Apr-1989,biuc_lrexp,mcse,0.0223094423886646
01-Jul-1989,biuc_lrexp,mcse,0.021142944417215
01-Oct-1989,biuc_lrexp,mcse,0.0202663104006379
01-Jan-1990,biuc_lrexp,mcse,0.0193513205866616
01-Apr-1990,biuc_lrexp,mcse,0.0195735458202533
01-Jul-1990,biuc_lrexp,mcse,0.0197970098718878
01-Oct-1990,biuc_lrexp,mcse,0.019322212926941
01-Jan-1991,biuc_lrexp,mcse,0.0190475992923569
01-Apr-1991,biuc_lrexp,mcse,0.0188600339772262
01-Jul-1991,biuc_lrexp,mcse,0.0178696775695713
01-Oct-1991,biuc_lrexp,mcse,0.0173765449800393
01-Jan-1992,biuc_lrexp,mcse,0.016327523167293
01-Apr-1992,biuc_lrexp,mcse,0.0166028805503259
01-Jul-1992,biuc_lrexp,mcse,0.0159966750084678
01-Oct-1992,biuc_lrexp,mcse,0.0154156349437879
01-Jan-1993,biuc_lrexp,mcse,0.0149582241001741
01-Apr-1993,biuc_lrexp,mcse,0.0152713007526064
01-Jul-1993,biuc_lrexp,mcse,0.0144759570788062
01-Oct-1993,biuc_lrexp,mcse,0.0144100408040722
01-Jan-1994,biuc_lrexp,mcse,0.0142340157339026
01-Apr-1994,biuc_lrexp,mcse,0.0142741858886222
01-Jul-1994,biuc_lrexp,mcse,0.014206001948775
01-Oct-1994,biuc_lrexp,mcse,0.0140620416536358
01-Jan-1995,biuc_lrexp,mcse,0.0136149428334509
01-Apr-1995,biuc_lrexp,mcse,0.0136233623072513
01-Jul-1995,biuc_lrexp,mcse,0.0132656101014028
01-Oct-1995,biuc_lrexp,mcse,0.0128069743372206
01-Jan-1996,biuc_lrexp,mcse,0.0127637421139347
01-Apr-1996,biuc_lrexp,mcse,0.0127490607899557
01-Jul-1996,biuc_lrexp,mcse,0.0126606884569586
01-Oct-1996,biuc_lrexp,mcse,0.0125973738386309
01-Jan-1997,biuc_lrexp,mcse,0.0124812282138381
01-Apr-1997,biuc_lrexp,mcse,0.0122292292919652
01-Jul-1997,biuc_lrexp,mcse,0.0122489375841152
01-Oct-1997,biuc_lrexp,mcse,0.011819522777199
01-Jan-1998,biuc_lrexp,mcse,0.0115787168924433
01-Apr-1998,biuc_lrexp,mcse,0.0113774999676661
01-Jul-1998,biuc_lrexp,mcse,0.0112839562670067
01-Oct-1998,biuc_lrexp,mcse,0.0112226204242263
01-Jan-1999,biuc_lrexp,mcse,0.0109853647258538
01-Apr-1999,biuc_lrexp,mcse,0.0111044689872609
01-Jul-1999,biuc_lrexp,mcse,0.0110990764802927
01-Oct-1999,biuc_lrexp,mcse,0.0110147436381626
01-Jan-2000,biuc_lrexp,mcse,0.0110101512270719
01-Apr-2000,biuc_lrexp,mcse,0.0109751449932643
01-Jul-2000,biuc_lrexp,mcse,0.0109258897774947
01-Oct-2000,biuc_lrexp,mcse,0.0108708016943318
01-Jan-2001,biuc_lrexp,mcse,0.0108411310079397
01-Apr-2001,biuc_lrexp,mcse,0.0108029451701573
01-Jul-2001,biuc_lrexp,mcse,0.0107659666265102
01-Oct-2001,biuc_lrexp,mcse,0.010817878039639
01-Jan-2002,biuc_lrexp,mcse,0.0107896421034197
01-Apr-2002,biuc_lrexp,mcse,0.0108070060492772
01-Jul-2002,biuc_lrexp,mcse,0.0108095588053748
01-Oct-2002,biuc_lrexp,mcse,0.0107766842117002
01-Jan-2003,biuc_lrexp,mcse,0.0108446206848668
01-Apr-2003,biuc_lrexp,mcse,0.0107944568591126
01-Jul-2003,biuc_lrexp,mcse,0.0108449081047932
01-Oct-2003,biuc_lrexp,mcse,0.0108786136011801
01-Jan-2004,biuc_lrexp,mcse,0.0109311596711173
01-Apr-2004,biuc_lrexp,mcse,0.0109199651529004
01-Jul-2004,biuc_lrexp,mcse,0.0109236278631802
01-Oct-2004,biuc_lrexp,mcse,0.0109583522189148
01-Jan-2005,biuc_lrexp,mcse,0.0109933379134558
01-Apr-2005,biuc_lrexp,mcse,0.0110190738054767
01-Jul-2005,biuc_lrexp,mcse,0.0110282779000968
01-Oct-2005,biuc_lrexp,mcse,0.0110760887432299
01-Jan-2006,biuc_lrexp,mcse,0.0111029634472295
01-Apr-2006,biuc_lrexp,mcse,0.0111773269589282
01-Jul-2006,biuc_lrexp,mcse,0.0112122816825443
01-Oct-2006,biuc_lrexp,mcse,0.0111838781983281
01-Jan-2007,biuc_lrexp,mcse,0.0111774842365887
01-Apr-2007,biuc_lrexp,mcse,0.0111837481198155
01-Jul-2007,biuc_lrexp,mcse,0.0112255049620653
01-Oct-2007,biuc_lrexp,mcse,0.0112576738407411
01-Jan-2008,biuc_lrexp,mcse,0.0112735189495146
01-Apr-2008,biuc_lrexp,mcse,0.0112820038040214
01-Jul-2008,biuc_lrexp,mcse,0.0112802685450153
01-Oct-2008,biuc_lrexp,mcse,0.0113030639757699
01-Jan-2009,biuc_lrexp,mcse,0.0112828139172904
01-Apr-2009,biuc_lrexp,mcse,0.0113118744916605
01-Jul-2009,biuc_lrexp,mcse,0.0113177359902084
01-Oct-2009,biuc_lrexp,mcse,0.0113096868112498
01-Jan-2010,biuc_lrexp,mcse,0.0113169143523059
01-Apr-2010,biuc_lrexp,mcse,0.0113307287143559
01-Jul-2010,biuc_lrexp,mcse,0.0113180249503663
01-Oct-2010,biuc_lrexp,mcse,0.01128386939394
01-Jan-2011,biuc_lrexp,mcse,0.0113005070732322
01-Apr-2011,biuc_lrexp,mcse,0.0113852808886166
01-Jul-2011,biuc_lrexp,mcse,0.0113826509857833
01-Oct-2011,biuc_lrexp,mcse,0.0113756269498068
01-Jan-2012,biuc_lrexp,mcse,0.0114303912555788
01-Apr-2012,biuc_lrexp,mcse,0.0114707681273807
01-Jul-2012,biuc_lrexp,mcse,0.0115109472383241
01-Oct-2012,biuc_lrexp,mcse,0.0115356539455652
01-Jan-2013,biuc_lrexp,mcse,0.0114604438739522
01-Apr-2013,biuc_lrexp,mcse,0.0114623660529053
01-Jul-2013,biuc_lrexp,mcse,0.0115083224754306
01-Oct-2013,biuc_lrexp,mcse,0.0115198768234119
01-Jan-2014,biuc_lrexp,mcse,0.0115194707751969
01-Apr-2014,biuc_lrexp,mcse,0.0115424495605793
01-Jul-2014,biuc_lrexp,mcse,0.0115613850787941
01-Oct-2014,biuc_lrexp,mcse,0.0115845013056654
01-Jan-2015,biuc_lrexp,mcse,0.0115700163527713
01-Apr-2015,biuc_lrexp,mcse,0.0116246997857087
01-Jul-2015,biuc_lrexp,mcse,0.0116216583257237
01-Oct-2015,biuc_lrexp,mcse,0.0116579426587064
01-Jan-2016,biuc_lrexp,mcse,0.0117382508715712
01-Apr-2016,biuc_lrexp,mcse,0.011794947175934
01-Jul-2016,biuc_lrexp,mcse,0.0118166124005753
01-Oct-2016,biuc_lrexp,mcse,0.0118745286927971
01-Jan-2017,biuc_lrexp,mcse,0.011938684291661
01-Apr-2017,biuc_lrexp,mcse,0.0120084136013306
01-Jul-2017,biuc_lrexp,mcse,0.0120420388236728
01-Oct-2017,biuc_lrexp,mcse,0.01208895055636
01-Jan-2018,biuc_lrexp,mcse,0.0121032692123643
01-Apr-2018,biuc_lrexp,mcse,0.0121696385576129
01-Jul-2018,biuc_lrexp,mcse,0.0122162516491199
01-Oct-2018,biuc_lrexp,mcse,0.01229646254753
01-Jan-2019,biuc_lrexp,mcse,0.0123298861099666
01-Apr-2019,biuc_lrexp,mcse,0.0124616160905995
01-Jul-2019,biuc_lrexp,mcse,0.0125354510462323
01-Oct-2019,biuc_lrexp,mcse,0.0126407139379103
01-Jan-2020,biuc_lrexp,mcse,0.0126937993066094
01-Apr-2020,biuc_lrexp,mcse,0.0127882205021941
01-Jul-2020,biuc_lrexp,mcse,0.0129249299738055
01-Oct-2020,biuc_lrexp,mcse,0.0130496551089863
01-Jan-2021,biuc_lrexp,mcse,0.0131799610207182
01-Apr-2021,biuc_lrexp,mcse,0.0132997671340273
01-Jul-2021,biuc_lrexp,mcse,0.0134445217014077
01-Oct-2021,biuc_lrexp,mcse,0.0136125791315124
01-Jan-2022,biuc_lrexp,mcse,0.0137093149123012
01-Apr-2022,biuc_lrexp,mcse,0.0137909928819699
01-Jul-2022,biuc_lrexp,mcse,0.0138062858437625
01-Oct-2022,biuc_lrexp,mcse,0.0138733349950955
01-Jan-2023,biuc_lrexp,mcse,0.0138683004573737
01-Apr-2023,biuc_lrexp,mcse,0.0139002374641969
01-Jul-2023,biuc_lrexp,mcse,0.0139219951548544
01-Oct-2023,biuc_lrexp,mcse,0.013935345067124
01-Jan-2024,biuc_lrexp,mcse,0.013923557218987
01-Apr-2024,biuc_lrexp,mcse,0.0138989921575084
01-Jul-2024,biuc_lrexp,mcse,0.0140243464452581
01-Oct-2024,biuc_lrexp,mcse,0.0139586542021873
01-Jan-2025,biuc_lrexp,mcse,0.0139328045620671
01-Apr-2025,biuc_lrexp,mcse,0.0139368433047204
01-Jul-2025,biuc_lrexp,mcse,0.0139682875410602
01-Oct-2025,biuc_lrexp,mcse,0.013899307737952
01-Jan-2026,biuc_lrexp,mcse,0.0138613578037968
01-Apr-1960,biuc_lrexp,mean,1.42400299286571
01-Jul-1960,biuc_lrexp,mean,1.42725001600953
01-Oct-1960,biuc_lrexp,mean,1.43345366642335
01-Jan-1961,biuc_lrexp,mean,1.43321788150374
01-Apr-1961,biuc_lrexp,mean,1.43323505223792
01-Jul-1961,biuc_lrexp,mean,1.443343515777
01-Oct-1961,biuc_lrexp,mean,1.44340908576329
01-Jan-1962,biuc_lrexp,mean,1.45341832623182
01-Apr-1962,biuc_lrexp,mean,1.45652915876346
01-Jul-1962,biuc_lrexp,mean,1.4593417399318
01-Oct-1962,biuc_lrexp,mean,1.46467642941423
01-Jan-1963,biuc_lrexp,mean,1.46862742162581
01-Apr-1963,biuc_lrexp,mean,1.47097685222449
01-Jul-1963,biuc_lrexp,mean,1.48164774744782
01-Oct-1963,biuc_lrexp,mean,1.48461601651536
01-Jan-1964,biuc_lrexp,mean,1.49144077097334
01-Apr-1964,biuc_lrexp,mean,1.49165899069283
01-Jul-1964,biuc_lrexp,mean,1.49898313918685
01-Oct-1964,biuc_lrexp,mean,1.50395765429001
01-Jan-1965,biuc_lrexp,mean,1.50942650003564
01-Apr-1965,biuc_lrexp,mean,1.5185417404008
01-Jul-1965,biuc_lrexp,mean,1.521090214917
01-Oct-1965,biuc_lrexp,mean,1.52520864897704
01-Jan-1966,biuc_lrexp,mean,1.54013943610293
01-Apr-1966,biuc_lrexp,mean,1.54532780853473
01-Jul-1966,biuc_lrexp,mean,1.54992939507424
01-Oct-1966,biuc_lrexp,mean,1.55604475836446
01-Jan-1967,biuc_lrexp,mean,1.55137656483716
01-Apr-1967,biuc_lrexp,mean,1.56080982047373
01-Jul-1967,biuc_lrexp,mean,1.57638998218712
01-Oct-1967,biuc_lrexp,mean,1.57966576945579
01-Jan-1968,biuc_lrexp,mean,1.60150254037011
01-Apr-1968,biuc_lrexp,mean,1.62999307326343
01-Jul-1968,biuc_lrexp,mean,2.23855923687562
01-Oct-1968,biuc_lrexp,mean,2.27810506197743
01-Jan-1969,biuc_lrexp,mean,2.30211023274544
01-Apr-1969,biuc_lrexp,mean,2.39672529550473
01-Jul-1969,biuc_lrexp,mean,2.44954930931539
01-Oct-1969,biuc_lrexp,mean,2.46192881561093
01-Jan-1970,biuc_lrexp,mean,2.4762534563752
01-Apr-1970,biuc_lrexp,mean,2.49307106316668
01-Jul-1970,biuc_lrexp,mean,2.6138520640112
01-Oct-1970,biuc_lrexp,mean,2.81558540497317
01-Jan-1971,biuc_lrexp,mean,2.82731022335319
01-Apr-1971,biuc_lrexp,mean,2.84957231177633
01-Jul-1971,biuc_lrexp,mean,2.8649561292123
01-Oct-1971,biuc_lrexp,mean,3.14244164051438
01-Jan-1972,biuc_lrexp,mean,3.16944550144088
01-Apr-1972,biuc_lrexp,mean,3.18069887705919
01-Jul-1972,biuc_lrexp,mean,3.20404760544149
01-Oct-1972,biuc_lrexp,mean,3.50784507755132
01-Jan-1973,biuc_lrexp,mean,3.5323148610813
01-Apr-1973,biuc_lrexp,mean,3.55693797887359
01-Jul-1973,biuc_lrexp,mean,3.5666475262432
01-Oct-1973,biuc_lrexp,mean,3.58816056828817
01-Jan-1974,biuc_lrexp,mean,3.83026734738726
01-Apr-1974,biuc_lrexp,mean,4.32041211030735
01-Jul-1974,biuc_lrexp,mean,4.46778799830249
01-Oct-1974,biuc_lrexp,mean,4.48813784709248
01-Jan-1975,biuc_lrexp,mean,4.49293754271817
01-Apr-1975,biuc_lrexp,mean,4.50975060220243
01-Jul-1975,biuc_lrexp,mean,4.55733588150074
01-Oct-1975,biuc_lrexp,mean,4.55658182018921
01-Jan-1976,biuc_lrexp,mean,4.37429301636847
01-Apr-1976,biuc_lrexp,mean,4.05058409038938
01-Jul-1976,biuc_lrexp,mean,4.1270108045929
01-Oct-1976,biuc_lrexp,mean,4.13416769878741
01-Jan-1977,biuc_lrexp,mean,4.14992795095657
01-Apr-1977,biuc_lrexp,mean,4.2392487687185
01-Jul-1977,biuc_lrexp,mean,4.40497087027643
01-Oct-1977,biuc_lrexp,mean,4.42057112828834
01-Jan-1978,biuc_lrexp,mean,4.56752049368386
01-Apr-1978,biuc_lrexp,mean,4.8409406335458
01-Jul-1978,biuc_lrexp,mean,4.85346646728815
01-Oct-1978,biuc_lrexp,mean,5.03397583428316
01-Jan-1979,biuc_lrexp,mean,5.36963525752905
01-Apr-1979,biuc_lrexp,mean,5.40298952129191
01-Jul-1979,biuc_lrexp,mean,5.77239322333375
01-Oct-1979,biuc_lrexp,mean,5.78032212497198
01-Jan-1980,biuc_lrexp,mean,5.79626273023719
01-Apr-1980,biuc_lrexp,mean,5.78531887766379
01-Jul-1980,biuc_lrexp,mean,5.78577776124484
01-Oct-1980,biuc_lrexp,mean,6.00131986544924
01-Jan-1981,biuc_lrexp,mean,6.4144122000667
01-Apr-1981,biuc_lrexp,mean,6.23624815252965
01-Jul-1981,biuc_lrexp,mean,6.06980354163232
01-Oct-1981,biuc_lrexp,mean,6.11232178835329
01-Jan-1982,biuc_lrexp,mean,5.7309444230174
01-Apr-1982,biuc_lrexp,mean,5.44988182225705
01-Jul-1982,biuc_lrexp,mean,5.44081187649965
01-Oct-1982,biuc_lrexp,mean,5.30659911006044
01-Jan-1983,biuc_lrexp,mean,5.10948561538541
01-Apr-1983,biuc_lrexp,mean,5.25728351320194
01-Jul-1983,biuc_lrexp,mean,5.28169628583053
01-Oct-1983,biuc_lrexp,mean,5.26509744101747
01-Jan-1984,biuc_lrexp,mean,5.20881396167417
01-Apr-1984,biuc_lrexp,mean,5.13226047274527
01-Jul-1984,biuc_lrexp,mean,4.81955894612168
01-Oct-1984,biuc_lrexp,mean,4.56879077179294
01-Jan-1985,biuc_lrexp,mean,4.33632008246299
01-Apr-1985,biuc_lrexp,mean,4.38791043148055
01-Jul-1985,biuc_lrexp,mean,4.50484490073123
01-Oct-1985,biuc_lrexp,mean,4.43812790862163
01-Jan-1986,biuc_lrexp,mean,4.21987766432515
01-Apr-1986,biuc_lrexp,mean,4.17380474775444
01-Jul-1986,biuc_lrexp,mean,4.09081430804458
01-Oct-1986,biuc_lrexp,mean,4.07384716939007
01-Jan-1987,biuc_lrexp,mean,4.17567719023666
01-Apr-1987,biuc_lrexp,mean,4.17557614990059
01-Jul-1987,biuc_lrexp,mean,4.26762241402987
01-Oct-1987,biuc_lrexp,mean,4.06249050259588
01-Jan-1988,biuc_lrexp,mean,4.09631233116757
01-Apr-1988,biuc_lrexp,mean,3.97675597909008
01-Jul-1988,biuc_lrexp,mean,3.88861438889582
01-Oct-1988,biuc_lrexp,mean,3.72231616008985
01-Jan-1989,biuc_lrexp,mean,3.71763179422454
01-Apr-1989,biuc_lrexp,mean,3.72567381901647
01-Jul-1989,biuc_lrexp,mean,3.5718588170891
01-Oct-1989,biuc_lrexp,mean,3.42244646003898
01-Jan-1990,biuc_lrexp,mean,3.26925165298605
01-Apr-1990,biuc_lrexp,mean,3.36326967313136
01-Jul-1990,biuc_lrexp,mean,3.41754261606432
01-Oct-1990,biuc_lrexp,mean,3.35415596719856
01-Jan-1991,biuc_lrexp,mean,3.32595238800959
01-Apr-1991,biuc_lrexp,mean,3.31252407930723
01-Jul-1991,biuc_lrexp,mean,3.14475724554381
01-Oct-1991,biuc_lrexp,mean,3.07153809863551
01-Jan-1992,biuc_lrexp,mean,2.87940104063298
01-Apr-1992,biuc_lrexp,mean,2.95943043609588
01-Jul-1992,biuc_lrexp,mean,2.85463755091161
01-Oct-1992,biuc_lrexp,mean,2.75663007871567
01-Jan-1993,biuc_lrexp,mean,2.68007751760152
01-Apr-1993,biuc_lrexp,mean,2.75969171184537
01-Jul-1993,biuc_lrexp,mean,2.6119657873702
01-Oct-1993,biuc_lrexp,mean,2.59842345365642
01-Jan-1994,biuc_lrexp,mean,2.57829789102166
01-Apr-1994,biuc_lrexp,mean,2.59535315883012
01-Jul-1994,biuc_lrexp,mean,2.58590782710407
01-Oct-1994,biuc_lrexp,mean,2.56330712334971
01-Jan-1995,biuc_lrexp,mean,2.45648119596105
01-Apr-1995,biuc_lrexp,mean,2.45689888802119
01-Jul-1995,biuc_lrexp,mean,2.36459792841308
01-Oct-1995,biuc_lrexp,mean,2.25938925497643
01-Jan-1996,biuc_lrexp,mean,2.24422209591604
01-Apr-1996,biuc_lrexp,mean,2.23431326496713
01-Jul-1996,biuc_lrexp,mean,2.21924527943029
01-Oct-1996,biuc_lrexp,mean,2.21130878857987
01-Jan-1997,biuc_lrexp,mean,2.19461869340438
01-Apr-1997,biuc_lrexp,mean,2.11530346568112
01-Jul-1997,biuc_lrexp,mean,2.15243518270008
01-Oct-1997,biuc_lrexp,mean,1.99713859076667
01-Jan-1998,biuc_lrexp,mean,1.95308001068499
01-Apr-1998,biuc_lrexp,mean,1.90310816905794
01-Jul-1998,biuc_lrexp,mean,1.8934811991405
01-Oct-1998,biuc_lrexp,mean,1.88641823775026
01-Jan-1999,biuc_lrexp,mean,1.8203269206618
01-Apr-1999,biuc_lrexp,mean,1.88762988821542
01-Jul-1999,biuc_lrexp,mean,1.89130726898113
01-Oct-1999,biuc_lrexp,mean,1.89579149774233
01-Jan-2000,biuc_lrexp,mean,1.8983639472218
01-Apr-2000,biuc_lrexp,mean,1.89567018790649
01-Jul-2000,biuc_lrexp,mean,1.89559384137959
01-Oct-2000,biuc_lrexp,mean,1.89408700199158
01-Jan-2001,biuc_lrexp,mean,1.89434882530132
01-Apr-2001,biuc_lrexp,mean,1.89245300871485
01-Jul-2001,biuc_lrexp,mean,1.88964702186742
01-Oct-2001,biuc_lrexp,mean,1.89944278920358
01-Jan-2002,biuc_lrexp,mean,1.89017481439571
01-Apr-2002,biuc_lrexp,mean,1.89150369484583
01-Jul-2002,biuc_lrexp,mean,1.89021848929819
01-Oct-2002,biuc_lrexp,mean,1.88104885948332
01-Jan-2003,biuc_lrexp,mean,1.89198418710419
01-Apr-2003,biuc_lrexp,mean,1.89081256736926
01-Jul-2003,biuc_lrexp,mean,1.89402475896628
01-Oct-2003,biuc_lrexp,mean,1.89417467030307
01-Jan-2004,biuc_lrexp,mean,1.89550721970795
01-Apr-2004,biuc_lrexp,mean,1.8953025767004
01-Jul-2004,biuc_lrexp,mean,1.89467144993499
01-Oct-2004,biuc_lrexp,mean,1.89547296088307
01-Jan-2005,biuc_lrexp,mean,1.88668277647916
01-Apr-2005,biuc_lrexp,mean,1.8942989570642
01-Jul-2005,biuc_lrexp,mean,1.89492689635864
01-Oct-2005,biuc_lrexp,mean,1.8941870704976
01-Jan-2006,biuc_lrexp,mean,1.89264801233118
01-Apr-2006,biuc_lrexp,mean,1.89175733929827
01-Jul-2006,biuc_lrexp,mean,1.88913362490839
01-Oct-2006,biuc_lrexp,mean,1.88454229728113
01-Jan-2007,biuc_lrexp,mean,1.86889747251709
01-Apr-2007,biuc_lrexp,mean,1.86784061413927
01-Jul-2007,biuc_lrexp,mean,1.88364828539474
01-Oct-2007,biuc_lrexp,mean,1.88689520227356
01-Jan-2008,biuc_lrexp,mean,1.90392608650144
01-Apr-2008,biuc_lrexp,mean,1.90529368891268
01-Jul-2008,biuc_lrexp,mean,1.90479009240343
01-Oct-2008,biuc_lrexp,mean,1.90178168598488
01-Jan-2009,biuc_lrexp,mean,1.90085430252754
01-Apr-2009,biuc_lrexp,mean,1.90902111990534
01-Jul-2009,biuc_lrexp,mean,1.88783394403287
01-Oct-2009,biuc_lrexp,mean,1.8766326897218
01-Jan-2010,biuc_lrexp,mean,1.87220661820464
01-Apr-2010,biuc_lrexp,mean,1.87584225750307
01-Jul-2010,biuc_lrexp,mean,1.866365698295
01-Oct-2010,biuc_lrexp,mean,1.85214739169878
01-Jan-2011,biuc_lrexp,mean,1.86912551792372
01-Apr-2011,biuc_lrexp,mean,1.89700027029489
01-Jul-2011,biuc_lrexp,mean,1.89342400183925
01-Oct-2011,biuc_lrexp,mean,1.8761098082493
01-Jan-2012,biuc_lrexp,mean,1.87328956055819
01-Apr-2012,biuc_lrexp,mean,1.87574890132028
01-Jul-2012,biuc_lrexp,mean,1.87054819863351
01-Oct-2012,biuc_lrexp,mean,1.84942990795892
01-Jan-2013,biuc_lrexp,mean,1.82674803756685
01-Apr-2013,biuc_lrexp,mean,1.82024118963377
01-Jul-2013,biuc_lrexp,mean,1.81772368475536
01-Oct-2013,biuc_lrexp,mean,1.81551763439207
01-Jan-2014,biuc_lrexp,mean,1.8142281912959
01-Apr-2014,biuc_lrexp,mean,1.81288906353509
01-Jul-2014,biuc_lrexp,mean,1.81137914841811
01-Oct-2014,biuc_lrexp,mean,1.80955911502984
01-Jan-2015,biuc_lrexp,mean,1.80803264648286
01-Apr-2015,biuc_lrexp,mean,1.8057446958884
01-Jul-2015,biuc_lrexp,mean,1.80732639167076
01-Oct-2015,biuc_lrexp,mean,1.79142719576176
01-Jan-2016,biuc_lrexp,mean,1.80432795420385
01-Apr-2016,biuc_lrexp,mean,1.81365128921241
01-Jul-2016,biuc_lrexp,mean,1.81727222061464
01-Oct-2016,biuc_lrexp,mean,1.82191548851103
01-Jan-2017,biuc_lrexp,mean,1.84181187658634
01-Apr-2017,biuc_lrexp,mean,1.84076988555858
01-Jul-2017,biuc_lrexp,mean,1.82691709422513
01-Oct-2017,biuc_lrexp,mean,1.82734010245487
01-Jan-2018,biuc_lrexp,mean,1.82820243808095
01-Apr-2018,biuc_lrexp,mean,1.82928613345746
01-Jul-2018,biuc_lrexp,mean,1.83089713290284
01-Oct-2018,biuc_lrexp,mean,1.83300300434753
01-Jan-2019,biuc_lrexp,mean,1.83486597293635
01-Apr-2019,biuc_lrexp,mean,1.83793237374022
01-Jul-2019,biuc_lrexp,mean,1.8396974893483
01-Oct-2019,biuc_lrexp,mean,1.84096415815787
01-Jan-2020,biuc_lrexp,mean,1.84058774267827
01-Apr-2020,biuc_lrexp,mean,1.8084286384141
01-Jul-2020,biuc_lrexp,mean,1.81354291655116
01-Oct-2020,biuc_lrexp,mean,1.83338922246987
01-Jan-2021,biuc_lrexp,mean,1.88053859340981
01-Apr-2021,biuc_lrexp,mean,1.91609375935498
01-Jul-2021,biuc_lrexp,mean,1.95628888336879
01-Oct-2021,biuc_lrexp,mean,1.99681264696887
01-Jan-2022,biuc_lrexp,mean,1.98406821527899
01-Apr-2022,biuc_lrexp,mean,2.05070449131304
01-Jul-2022,biuc_lrexp,mean,2.06745690829337
01-Oct-2022,biuc_lrexp,mean,2.10381586993348
01-Jan-2023,biuc_lrexp,mean,1.97439611610776
01-Apr-2023,biuc_lrexp,mean,1.9800099541854
01-Jul-2023,biuc_lrexp,mean,1.97218227442839
01-Oct-2023,biuc_lrexp,mean,1.97309642257869
01-Jan-2024,biuc_lrexp,mean,1.91347192148627
01-Apr-2024,biuc_lrexp,mean,1.9367837745144
01-Jul-2024,biuc_lrexp,mean,1.93619521260377
01-Oct-2024,biuc_lrexp,mean,1.94179937111026
01-Jan-2025,biuc_lrexp,mean,1.9500637828083
01-Apr-2025,biuc_lrexp,mean,1.97569511261964
01-Jul-2025,biuc_lrexp,mean,1.9807841359836
01-Oct-2025,biuc_lrexp,mean,1.98343707539683
01-Jan-2026,biuc_lrexp,mean,1.98698675235452
01-Apr-1960,biuc_lrexp,p05,1.04316725572215
01-Jul-1960,biuc_lrexp,p05,1.04989672174892
01-Oct-1960,biuc_lrexp,p05,1.0605889209363
01-Jan-1961,biuc_lrexp,p05,1.06246448713127
01-Apr-1961,biuc_lrexp,p05,1.0649637325372
01-Jul-1961,biuc_lrexp,p05,1.07717460298971
01-Oct-1961,biuc_lrexp,p05,1.080071596847
01-Jan-1962,biuc_lrexp,p05,1.09064493567186
01-Apr-1962,biuc_lrexp,p05,1.09774478398648
01-Jul-1962,biuc_lrexp,p05,1.10212462294807
01-Oct-1962,biuc_lrexp,p05,1.10982710730323
01-Jan-1963,biuc_lrexp,p05,1.11523354754649
01-Apr-1963,biuc_lrexp,p05,1.11985254689695
01-Jul-1963,biuc_lrexp,p05,1.12981771192914
01-Oct-1963,biuc_lrexp,p05,1.13176158458693
01-Jan-1964,biuc_lrexp,p05,1.13753772648247
01-Apr-1964,biuc_lrexp,p05,1.13983692067807
01-Jul-1964,biuc_lrexp,p05,1.14676565756396
01-Oct-1964,biuc_lrexp,p05,1.15136405956205
01-Jan-1965,biuc_lrexp,p05,1.15678197892175
01-Apr-1965,biuc_lrexp,p05,1.16339718064817
01-Jul-1965,biuc_lrexp,p05,1.16695733950872
01-Oct-1965,biuc_lrexp,p05,1.16731419064497
01-Jan-1966,biuc_lrexp,p05,1.1794432123251
01-Apr-1966,biuc_lrexp,p05,1.18418845304856
01-Jul-1966,biuc_lrexp,p05,1.18982454313394
01-Oct-1966,biuc_lrexp,p05,1.19218536221157
01-Jan-1967,biuc_lrexp,p05,1.18920812171882
01-Apr-1967,biuc_lrexp,p05,1.19600332762577
01-Jul-1967,biuc_lrexp,p05,1.20870097404759
01-Oct-1967,biuc_lrexp,p05,1.20900064498037
01-Jan-1968,biuc_lrexp,p05,1.23112219233821
01-Apr-1968,biuc_lrexp,p05,1.25287887849597
01-Jul-1968,biuc_lrexp,p05,1.82495838770635
01-Oct-1968,biuc_lrexp,p05,1.86088063630225
01-Jan-1969,biuc_lrexp,p05,1.87779588476753
01-Apr-1969,biuc_lrexp,p05,1.9635630283232
01-Jul-1969,biuc_lrexp,p05,2.01265961812058
01-Oct-1969,biuc_lrexp,p05,2.02243856715176
01-Jan-1970,biuc_lrexp,p05,2.02937574727855
01-Apr-1970,biuc_lrexp,p05,2.04517977938231
01-Jul-1970,biuc_lrexp,p05,2.15909237210581
01-Oct-1970,biuc_lrexp,p05,2.33779471556649
01-Jan-1971,biuc_lrexp,p05,2.35133132276938
01-Apr-1971,biuc_lrexp,p05,2.36767405140449
01-Jul-1971,biuc_lrexp,p05,2.37981194211244
01-Oct-1971,biuc_lrexp,p05,2.63390752153285
01-Jan-1972,biuc_lrexp,p05,2.65185409615225
01-Apr-1972,biuc_lrexp,p05,2.66279194798209
01-Jul-1972,biuc_lrexp,p05,2.67872035006425
01-Oct-1972,biuc_lrexp,p05,2.95381796380874
01-Jan-1973,biuc_lrexp,p05,2.97194193062314
01-Apr-1973,biuc_lrexp,p05,2.98955398339701
01-Jul-1973,biuc_lrexp,p05,2.99696592121556
01-Oct-1973,biuc_lrexp,p05,3.01231373098851
01-Jan-1974,biuc_lrexp,p05,3.23404819360963
01-Apr-1974,biuc_lrexp,p05,3.67846879576
01-Jul-1974,biuc_lrexp,p05,3.81106622189547
01-Oct-1974,biuc_lrexp,p05,3.83352568579033
01-Jan-1975,biuc_lrexp,p05,3.84051880097496
01-Apr-1975,biuc_lrexp,p05,3.85672519384278
01-Jul-1975,biuc_lrexp,p05,3.89586799498402
01-Oct-1975,biuc_lrexp,p05,3.89165757789893
01-Jan-1976,biuc_lrexp,p05,3.72913459242822
01-Apr-1976,biuc_lrexp,p05,3.42675534853224
01-Jul-1976,biuc_lrexp,p05,3.49563382384342
01-Oct-1976,biuc_lrexp,p05,3.49860814979013
01-Jan-1977,biuc_lrexp,p05,3.51165984727982
01-Apr-1977,biuc_lrexp,p05,3.59215356747473
01-Jul-1977,biuc_lrexp,p05,3.74435949800139
01-Oct-1977,biuc_lrexp,p05,3.75257447295101
01-Jan-1978,biuc_lrexp,p05,3.88867344674971
01-Apr-1978,biuc_lrexp,p05,4.13804927193212
01-Jul-1978,biuc_lrexp,p05,4.14750655543607
01-Oct-1978,biuc_lrexp,p05,4.3085943988868
01-Jan-1979,biuc_lrexp,p05,4.61067251136293
01-Apr-1979,biuc_lrexp,p05,4.63526694783155
01-Jul-1979,biuc_lrexp,p05,4.96676758580405
01-Oct-1979,biuc_lrexp,p05,4.97321951798005
01-Jan-1980,biuc_lrexp,p05,4.98587596025505
01-Apr-1980,biuc_lrexp,p05,4.97631812171399
01-Jul-1980,biuc_lrexp,p05,4.97531081345857
01-Oct-1980,biuc_lrexp,p05,5.17431189151977
01-Jan-1981,biuc_lrexp,p05,5.54102047470639
01-Apr-1981,biuc_lrexp,p05,5.39412596036202
01-Jul-1981,biuc_lrexp,p05,5.25198584659338
01-Oct-1981,biuc_lrexp,p05,5.2852071538239
01-Jan-1982,biuc_lrexp,p05,4.95459272629378
01-Apr-1982,biuc_lrexp,p05,4.70450304574572
01-Jul-1982,biuc_lrexp,p05,4.69474507107465
01-Oct-1982,biuc_lrexp,p05,4.57840207476038
01-Jan-1983,biuc_lrexp,p05,4.40243145615345
01-Apr-1983,biuc_lrexp,p05,4.54037849479189
01-Jul-1983,biuc_lrexp,p05,4.563446581325
01-Oct-1983,biuc_lrexp,p05,4.55418163048523
01-Jan-1984,biuc_lrexp,p05,4.50801698780726
01-Apr-1984,biuc_lrexp,p05,4.43861508628161
01-Jul-1984,biuc_lrexp,p05,4.160867839202
01-Oct-1984,biuc_lrexp,p05,3.93746835110239
01-Jan-1985,biuc_lrexp,p05,3.72855965870916
01-Apr-1985,biuc_lrexp,p05,3.78436045696147
01-Jul-1985,biuc_lrexp,p05,3.89872358182367
01-Oct-1985,biuc_lrexp,p05,3.84090928361104
01-Jan-1986,biuc_lrexp,p05,3.64774576582419
01-Apr-1986,biuc_lrexp,p05,3.61152033922288
01-Jul-1986,biuc_lrexp,p05,3.53554101233486
01-Oct-1986,biuc_lrexp,p05,3.52708869827111
01-Jan-1987,biuc_lrexp,p05,3.62405932972097
01-Apr-1987,biuc_lrexp,p05,3.62750806130796
01-Jul-1987,biuc_lrexp,p05,3.71575409476408
01-Oct-1987,biuc_lrexp,p05,3.53535919756492
01-Jan-1988,biuc_lrexp,p05,3.56936831762865
01-Apr-1988,biuc_lrexp,p05,3.46200504255013
01-Jul-1988,biuc_lrexp,p05,3.38580676483379
01-Oct-1988,biuc_lrexp,p05,3.23695053447228
01-Jan-1989,biuc_lrexp,p05,3.23746183877986
01-Apr-1989,biuc_lrexp,p05,3.24789439548636
01-Jul-1989,biuc_lrexp,p05,3.10711207053443
01-Oct-1989,biuc_lrexp,p05,2.97312001407747
01-Jan-1990,biuc_lrexp,p05,2.82691362922118
01-Apr-1990,biuc_lrexp,p05,2.92412612533043
01-Jul-1990,biuc_lrexp,p05,2.97913793756754
01-Oct-1990,biuc_lrexp,p05,2.92432405441718
01-Jan-1991,biuc_lrexp,p05,2.90389230858535
01-Apr-1991,biuc_lrexp,p05,2.89448224824133
01-Jul-1991,biuc_lrexp,p05,2.7441204064455
01-Oct-1991,biuc_lrexp,p05,2.67739788942567
01-Jan-1992,biuc_lrexp,p05,2.49964592945615
01-Apr-1992,biuc_lrexp,p05,2.58035743425785
01-Jul-1992,biuc_lrexp,p05,2.48467981418455
01-Oct-1992,biuc_lrexp,p05,2.39312517035638
01-Jan-1993,biuc_lrexp,p05,2.3213357499825
01-Apr-1993,biuc_lrexp,p05,2.39831344822774
01-Jul-1993,biuc_lrexp,p05,2.2592848590255
01-Oct-1993,biuc_lrexp,p05,2.24818587558618
01-Jan-1994,biuc_lrexp,p05,2.22868634483505
01-Apr-1994,biuc_lrexp,p05,2.24775633383286
01-Jul-1994,biuc_lrexp,p05,2.2401025821581
01-Oct-1994,biuc_lrexp,p05,2.2215169068624
01-Jan-1995,biuc_lrexp,p05,2.11964387824498
01-Apr-1995,biuc_lrexp,p05,2.12297509349553
01-Jul-1995,biuc_lrexp,p05,2.03469861238624
01-Oct-1995,biuc_lrexp,p05,1.93350601136142
01-Jan-1996,biuc_lrexp,p05,1.92218533499676
01-Apr-1996,biuc_lrexp,p05,1.91679023366672
01-Jul-1996,biuc_lrexp,p05,1.90191806357458
01-Oct-1996,biuc_lrexp,p05,1.8979159777404
01-Jan-1997,biuc_lrexp,p05,1.8852216583285
01-Apr-1997,biuc_lrexp,p05,1.80842143032675
01-Jul-1997,biuc_lrexp,p05,1.84693316534081
01-Oct-1997,biuc_lrexp,p05,1.69277983522474
01-Jan-1998,biuc_lrexp,p05,1.65324489540683
01-Apr-1998,biuc_lrexp,p05,1.60372557260419
01-Jul-1998,biuc_lrexp,p05,1.59910211417536
01-Oct-1998,biuc_lrexp,p05,1.59419806723292
01-Jan-1999,biuc_lrexp,p05,1.5236859073443
01-Apr-1999,biuc_lrexp,p05,1.59957893728082
01-Jul-1999,biuc_lrexp,p05,1.60487144304784
01-Oct-1999,biuc_lrexp,p05,1.61276740378603
01-Jan-2000,biuc_lrexp,p05,1.61719737457789
01-Apr-2000,biuc_lrexp,p05,1.61398280070427
01-Jul-2000,biuc_lrexp,p05,1.61389947934938
01-Oct-2000,biuc_lrexp,p05,1.61385950871342
01-Jan-2001,biuc_lrexp,p05,1.61553302311017
01-Apr-2001,biuc_lrexp,p05,1.61600607303218
01-Jul-2001,biuc_lrexp,p05,1.61385954993902
01-Oct-2001,biuc_lrexp,p05,1.6230188143687
01-Jan-2002,biuc_lrexp,p05,1.61323677273857
01-Apr-2002,biuc_lrexp,p05,1.61437347450321
01-Jul-2002,biuc_lrexp,p05,1.61389992752062
01-Oct-2002,biuc_lrexp,p05,1.60468512833169
01-Jan-2003,biuc_lrexp,p05,1.61607538811556
01-Apr-2003,biuc_lrexp,p05,1.61455109830451
01-Jul-2003,biuc_lrexp,p05,1.61861559916066
01-Oct-2003,biuc_lrexp,p05,1.61703099387711
01-Jan-2004,biuc_lrexp,p05,1.61985512167416
01-Apr-2004,biuc_lrexp,p05,1.61867426629999
01-Jul-2004,biuc_lrexp,p05,1.61885221284785
01-Oct-2004,biuc_lrexp,p05,1.6184278685395
01-Jan-2005,biuc_lrexp,p05,1.60951405095917
01-Apr-2005,biuc_lrexp,p05,1.61735965685814
01-Jul-2005,biuc_lrexp,p05,1.61867315244948
01-Oct-2005,biuc_lrexp,p05,1.61930806746668
01-Jan-2006,biuc_lrexp,p05,1.61731274258113
01-Apr-2006,biuc_lrexp,p05,1.61506640273723
01-Jul-2006,biuc_lrexp,p05,1.61283428391267
01-Oct-2006,biuc_lrexp,p05,1.60825299682579
01-Jan-2007,biuc_lrexp,p05,1.59178126990031
01-Apr-2007,biuc_lrexp,p05,1.58790550782033
01-Jul-2007,biuc_lrexp,p05,1.60683928641955
01-Oct-2007,biuc_lrexp,p05,1.60896013624039
01-Jan-2008,biuc_lrexp,p05,1.62643665041593
01-Apr-2008,biuc_lrexp,p05,1.62740036524681
01-Jul-2008,biuc_lrexp,p05,1.62725289463163
01-Oct-2008,biuc_lrexp,p05,1.62434921341993
01-Jan-2009,biuc_lrexp,p05,1.62195219408885
01-Apr-2009,biuc_lrexp,p05,1.63019399437574
01-Jul-2009,biuc_lrexp,p05,1.61034899976894
01-Oct-2009,biuc_lrexp,p05,1.59810487279906
01-Jan-2010,biuc_lrexp,p05,1.59385949674373
01-Apr-2010,biuc_lrexp,p05,1.59727481309661
01-Jul-2010,biuc_lrexp,p05,1.58682139879642
01-Oct-2010,biuc_lrexp,p05,1.57159573408693
01-Jan-2011,biuc_lrexp,p05,1.59242066203167
01-Apr-2011,biuc_lrexp,p05,1.61844146362354
01-Jul-2011,biuc_lrexp,p05,1.6154375143833
01-Oct-2011,biuc_lrexp,p05,1.60046244871515
01-Jan-2012,biuc_lrexp,p05,1.59765025947329
01-Apr-2012,biuc_lrexp,p05,1.59855708931784
01-Jul-2012,biuc_lrexp,p05,1.59242287521772
01-Oct-2012,biuc_lrexp,p05,1.57108504085677
01-Jan-2013,biuc_lrexp,p05,1.54850991212932
01-Apr-2013,biuc_lrexp,p05,1.53950528587019
01-Jul-2013,biuc_lrexp,p05,1.53635461207231
01-Oct-2013,biuc_lrexp,p05,1.53471816618289
01-Jan-2014,biuc_lrexp,p05,1.53291347398081
01-Apr-2014,biuc_lrexp,p05,1.53281998496847
01-Jul-2014,biuc_lrexp,p05,1.53072088368184
01-Oct-2014,biuc_lrexp,p05,1.52771666997572
01-Jan-2015,biuc_lrexp,p05,1.52435967346349
01-Apr-2015,biuc_lrexp,p05,1.52098172945115
01-Jul-2015,biuc_lrexp,p05,1.52237323492546
01-Oct-2015,biuc_lrexp,p05,1.50548733848554
01-Jan-2016,biuc_lrexp,p05,1.51927229420844
01-Apr-2016,biuc_lrexp,p05,1.52851802643032
01-Jul-2016,biuc_lrexp,p05,1.53036103173218
01-Oct-2016,biuc_lrexp,p05,1.534270452586
01-Jan-2017,biuc_lrexp,p05,1.55220519713449
01-Apr-2017,biuc_lrexp,p05,1.55038405337456
01-Jul-2017,biuc_lrexp,p05,1.53339889815307
01-Oct-2017,biuc_lrexp,p05,1.53212270457964
01-Jan-2018,biuc_lrexp,p05,1.53025798339035
01-Apr-2018,biuc_lrexp,p05,1.52982336794373
01-Jul-2018,biuc_lrexp,p05,1.53234812299223
01-Oct-2018,biuc_lrexp,p05,1.53297964904455
01-Jan-2019,biuc_lrexp,p05,1.53407693915349
01-Apr-2019,biuc_lrexp,p05,1.53351497088915
01-Jul-2019,biuc_lrexp,p05,1.53415407390027
01-Oct-2019,biuc_lrexp,p05,1.53286232119562
01-Jan-2020,biuc_lrexp,p05,1.52957423841368
01-Apr-2020,biuc_lrexp,p05,1.48991993434705
01-Jul-2020,biuc_lrexp,p05,1.49254734808784
01-Oct-2020,biuc_lrexp,p05,1.51452934351162
01-Jan-2021,biuc_lrexp,p05,1.56285421092597
01-Apr-2021,biuc_lrexp,p05,1.59547545419763
01-Jul-2021,biuc_lrexp,p05,1.63410642480696
01-Oct-2021,biuc_lrexp,p05,1.67372931652554
01-Jan-2022,biuc_lrexp,p05,1.65952727079082
01-Apr-2022,biuc_lrexp,p05,1.72123106543278
01-Jul-2022,biuc_lrexp,p05,1.73737492275783
01-Oct-2022,biuc_lrexp,p05,1.76572465630693
01-Jan-2023,biuc_lrexp,p05,1.64523373557399
01-Apr-2023,biuc_lrexp,p05,1.64881103793813
01-Jul-2023,biuc_lrexp,p05,1.6407288911855
01-Oct-2023,biuc_lrexp,p05,1.63971378041248
01-Jan-2024,biuc_lrexp,p05,1.57340025931368
01-Apr-2024,biuc_lrexp,p05,1.6004926161757
01-Jul-2024,biuc_lrexp,p05,1.59848834116198
01-Oct-2024,biuc_lrexp,p05,1.60174415672624
01-Jan-2025,biuc_lrexp,p05,1.60801777338669
01-Apr-2025,biuc_lrexp,p05,1.63413830026699
01-Jul-2025,biuc_lrexp,p05,1.63553734314929
01-Oct-2025,biuc_lrexp,p05,1.63677821315711
01-Jan-2026,biuc_lrexp,p05,1.63667593802821
01-Apr-1960,biuc_lrexp,p16,1.19836027037865
01-Jul-1960,biuc_lrexp,p16,1.20396675121385
01-Oct-1960,biuc_lrexp,p16,1.21262116019764
01-Jan-1961,biuc_lrexp,p16,1.21513023584921
01-Apr-1961,biuc_lrexp,p16,1.21641057254004
01-Jul-1961,biuc_lrexp,p16,1.2281825630781
01-Oct-1961,biuc_lrexp,p16,1.23065009026072
01-Jan-1962,biuc_lrexp,p16,1.24027681593605
01-Apr-1962,biuc_lrexp,p16,1.24430243053999
01-Jul-1962,biuc_lrexp,p16,1.24771031646295
01-Oct-1962,biuc_lrexp,p16,1.25444529420406
01-Jan-1963,biuc_lrexp,p16,1.25740490198554
01-Apr-1963,biuc_lrexp,p16,1.25972172228253
01-Jul-1963,biuc_lrexp,p16,1.27092291071152
01-Oct-1963,biuc_lrexp,p16,1.27252147047711
01-Jan-1964,biuc_lrexp,p16,1.2786051870165
01-Apr-1964,biuc_lrexp,p16,1.27956121847399
01-Jul-1964,biuc_lrexp,p16,1.28309640225612
01-Oct-1964,biuc_lrexp,p16,1.28713472536539
01-Jan-1965,biuc_lrexp,p16,1.29181560472802
01-Apr-1965,biuc_lrexp,p16,1.29890068722231
01-Jul-1965,biuc_lrexp,p16,1.29868556792084
01-Oct-1965,biuc_lrexp,p16,1.30104168855239
01-Jan-1966,biuc_lrexp,p16,1.31293933588997
01-Apr-1966,biuc_lrexp,p16,1.31815601232406
01-Jul-1966,biuc_lrexp,p16,1.32124220219276
01-Oct-1966,biuc_lrexp,p16,1.32543928251856
01-Jan-1967,biuc_lrexp,p16,1.32233094691227
01-Apr-1967,biuc_lrexp,p16,1.32842658323869
01-Jul-1967,biuc_lrexp,p16,1.34208353939191
01-Oct-1967,biuc_lrexp,p16,1.34453383130826
01-Jan-1968,biuc_lrexp,p16,1.36410268247858
01-Apr-1968,biuc_lrexp,p16,1.39009760614332
01-Jul-1968,biuc_lrexp,p16,1.96933423884708
01-Oct-1968,biuc_lrexp,p16,2.00486894741394
01-Jan-1969,biuc_lrexp,p16,2.02579757968358
01-Apr-1969,biuc_lrexp,p16,2.11326712720599
01-Jul-1969,biuc_lrexp,p16,2.16212472111548
01-Oct-1969,biuc_lrexp,p16,2.17357122866108
01-Jan-1970,biuc_lrexp,p16,2.1881239176414
01-Apr-1970,biuc_lrexp,p16,2.20346458764119
01-Jul-1970,biuc_lrexp,p16,2.31634773627436
01-Oct-1970,biuc_lrexp,p16,2.50381247442788
01-Jan-1971,biuc_lrexp,p16,2.51414364065319
01-Apr-1971,biuc_lrexp,p16,2.53308120644972
01-Jul-1971,biuc_lrexp,p16,2.5461553760634
01-Oct-1971,biuc_lrexp,p16,2.80885506584643
01-Jan-1972,biuc_lrexp,p16,2.83186732368214
01-Apr-1972,biuc_lrexp,p16,2.84571668171974
01-Jul-1972,biuc_lrexp,p16,2.86458240557911
01-Oct-1972,biuc_lrexp,p16,3.14756479639561
01-Jan-1973,biuc_lrexp,p16,3.16937001415414
01-Apr-1973,biuc_lrexp,p16,3.18942313505348
01-Jul-1973,biuc_lrexp,p16,3.19554074115246
01-Oct-1973,biuc_lrexp,p16,3.21235442594987
01-Jan-1974,biuc_lrexp,p16,3.43753474913302
01-Apr-1974,biuc_lrexp,p16,3.89124831505366
01-Jul-1974,biuc_lrexp,p16,4.02902962946527
01-Oct-1974,biuc_lrexp,p16,4.04837508645281
01-Jan-1975,biuc_lrexp,p16,4.05321076347917
01-Apr-1975,biuc_lrexp,p16,4.07056810025814
01-Jul-1975,biuc_lrexp,p16,4.11428145342538
01-Oct-1975,biuc_lrexp,p16,4.11166640355671
01-Jan-1976,biuc_lrexp,p16,3.94478557405116
01-Apr-1976,biuc_lrexp,p16,3.63884091468895
01-Jul-1976,biuc_lrexp,p16,3.70737144173432
01-Oct-1976,biuc_lrexp,p16,3.71251766723908
01-Jan-1977,biuc_lrexp,p16,3.72384339087669
01-Apr-1977,biuc_lrexp,p16,3.81041438524297
01-Jul-1977,biuc_lrexp,p16,3.96776831978005
01-Oct-1977,biuc_lrexp,p16,3.980352101568
01-Jan-1978,biuc_lrexp,p16,4.11916690548793
01-Apr-1978,biuc_lrexp,p16,4.3744356464639
01-Jul-1978,biuc_lrexp,p16,4.38503423193553
01-Oct-1978,biuc_lrexp,p16,4.55224679366507
01-Jan-1979,biuc_lrexp,p16,4.86790801047122
01-Apr-1979,biuc_lrexp,p16,4.89546125650128
01-Jul-1979,biuc_lrexp,p16,5.24170476928179
01-Oct-1979,biuc_lrexp,p16,5.24559807413988
01-Jan-1980,biuc_lrexp,p16,5.25550108406076
01-Apr-1980,biuc_lrexp,p16,5.24736723585517
01-Jul-1980,biuc_lrexp,p16,5.2517112790615
01-Oct-1980,biuc_lrexp,p16,5.45074240921115
01-Jan-1981,biuc_lrexp,p16,5.83502960484961
01-Apr-1981,biuc_lrexp,p16,5.67918067230131
01-Jul-1981,biuc_lrexp,p16,5.52718787730946
01-Oct-1981,biuc_lrexp,p16,5.57675524500224
01-Jan-1982,biuc_lrexp,p16,5.22705154518956
01-Apr-1982,biuc_lrexp,p16,4.96965205978489
01-Jul-1982,biuc_lrexp,p16,4.96340486288119
01-Oct-1982,biuc_lrexp,p16,4.84534530762289
01-Jan-1983,biuc_lrexp,p16,4.66188701916698
01-Apr-1983,biuc_lrexp,p16,4.80490720932644
01-Jul-1983,biuc_lrexp,p16,4.83227668770649
01-Oct-1983,biuc_lrexp,p16,4.81997071700737
01-Jan-1984,biuc_lrexp,p16,4.7705175876943
01-Apr-1984,biuc_lrexp,p16,4.69953425060267
01-Jul-1984,biuc_lrexp,p16,4.41042142161708
01-Oct-1984,biuc_lrexp,p16,4.17390896763304
01-Jan-1985,biuc_lrexp,p16,3.95510405920322
01-Apr-1985,biuc_lrexp,p16,4.00934628638036
01-Jul-1985,biuc_lrexp,p16,4.12236019500193
01-Oct-1985,biuc_lrexp,p16,4.06072335294384
01-Jan-1986,biuc_lrexp,p16,3.85604039086615
01-Apr-1986,biuc_lrexp,p16,3.81588953884962
01-Jul-1986,biuc_lrexp,p16,3.7381763825575
01-Oct-1986,biuc_lrexp,p16,3.7252263802925
01-Jan-1987,biuc_lrexp,p16,3.82480065405875
01-Apr-1987,biuc_lrexp,p16,3.82833267039195
01-Jul-1987,biuc_lrexp,p16,3.91930024988192
01-Oct-1987,biuc_lrexp,p16,3.73026043437373
01-Jan-1988,biuc_lrexp,p16,3.76155622236945
01-Apr-1988,biuc_lrexp,p16,3.64973282317938
01-Jul-1988,biuc_lrexp,p16,3.56989139219281
01-Oct-1988,biuc_lrexp,p16,3.41277245731568
01-Jan-1989,biuc_lrexp,p16,3.41250967960476
01-Apr-1989,biuc_lrexp,p16,3.42043259522004
01-Jul-1989,biuc_lrexp,p16,3.27798956268511
01-Oct-1989,biuc_lrexp,p16,3.13548217803551
01-Jan-1990,biuc_lrexp,p16,2.98759308714171
01-Apr-1990,biuc_lrexp,p16,3.08343005987378
01-Jul-1990,biuc_lrexp,p16,3.13676711941669
01-Oct-1990,biuc_lrexp,p16,3.07844088405275
01-Jan-1991,biuc_lrexp,p16,3.05458455647181
01-Apr-1991,biuc_lrexp,p16,3.0448209678875
01-Jul-1991,biuc_lrexp,p16,2.88496161032284
01-Oct-1991,biuc_lrexp,p16,2.81643741681452
01-Jan-1992,biuc_lrexp,p16,2.63083831361323
01-Apr-1992,biuc_lrexp,p16,2.71270397695772
01-Jul-1992,biuc_lrexp,p16,2.61260085047873
01-Oct-1992,biuc_lrexp,p16,2.51996368609421
01-Jan-1993,biuc_lrexp,p16,2.44581521483411
01-Apr-1993,biuc_lrexp,p16,2.52491045414368
01-Jul-1993,biuc_lrexp,p16,2.38325368094354
01-Oct-1993,biuc_lrexp,p16,2.3711771868185
01-Jan-1994,biuc_lrexp,p16,2.35309880998828
01-Apr-1994,biuc_lrexp,p16,2.36908657533754
01-Jul-1994,biuc_lrexp,p16,2.36129246074553
01-Oct-1994,biuc_lrexp,p16,2.34215563413533
01-Jan-1995,biuc_lrexp,p16,2.23871930445488
01-Apr-1995,biuc_lrexp,p16,2.24055558633391
01-Jul-1995,biuc_lrexp,p16,2.15135115692072
01-Oct-1995,biuc_lrexp,p16,2.04885918705797
01-Jan-1996,biuc_lrexp,p16,2.03612486864092
01-Apr-1996,biuc_lrexp,p16,2.02750198336494
01-Jul-1996,biuc_lrexp,p16,2.01532828862593
01-Oct-1996,biuc_lrexp,p16,2.00844325860253
01-Jan-1997,biuc_lrexp,p16,1.99236725916067
01-Apr-1997,biuc_lrexp,p16,1.91648573916111
01-Jul-1997,biuc_lrexp,p16,1.95551729907814
01-Oct-1997,biuc_lrexp,p16,1.80146739895194
01-Jan-1998,biuc_lrexp,p16,1.76000766281129
01-Apr-1998,biuc_lrexp,p16,1.71121353556809
01-Jul-1998,biuc_lrexp,p16,1.70341859792798
01-Oct-1998,biuc_lrexp,p16,1.69897587461979
01-Jan-1999,biuc_lrexp,p16,1.63112842555878
01-Apr-1999,biuc_lrexp,p16,1.70232878907275
01-Jul-1999,biuc_lrexp,p16,1.70862219244603
01-Oct-1999,biuc_lrexp,p16,1.71335688396957
01-Jan-2000,biuc_lrexp,p16,1.71764895005566
01-Apr-2000,biuc_lrexp,p16,1.71481436046656
01-Jul-2000,biuc_lrexp,p16,1.71629292462001
01-Oct-2000,biuc_lrexp,p16,1.71532858836541
01-Jan-2001,biuc_lrexp,p16,1.71632382393161
01-Apr-2001,biuc_lrexp,p16,1.71468025387375
01-Jul-2001,biuc_lrexp,p16,1.71256308701847
01-Oct-2001,biuc_lrexp,p16,1.72293821474962
01-Jan-2002,biuc_lrexp,p16,1.71422842839948
01-Apr-2002,biuc_lrexp,p16,1.71518879361751
01-Jul-2002,biuc_lrexp,p16,1.7135069938377
01-Oct-2002,biuc_lrexp,p16,1.70601816459109
01-Jan-2003,biuc_lrexp,p16,1.71601657330817
01-Apr-2003,biuc_lrexp,p16,1.71601304342308
01-Jul-2003,biuc_lrexp,p16,1.7182955592819
01-Oct-2003,biuc_lrexp,p16,1.7181481615233
01-Jan-2004,biuc_lrexp,p16,1.71980448861898
01-Apr-2004,biuc_lrexp,p16,1.72091807951263
01-Jul-2004,biuc_lrexp,p16,1.71896024572703
01-Oct-2004,biuc_lrexp,p16,1.71986638648036
01-Jan-2005,biuc_lrexp,p16,1.71097854704062
01-Apr-2005,biuc_lrexp,p16,1.71931057407271
01-Jul-2005,biuc_lrexp,p16,1.72016028477157
01-Oct-2005,biuc_lrexp,p16,1.71821724417734
01-Jan-2006,biuc_lrexp,p16,1.71742531705243
01-Apr-2006,biuc_lrexp,p16,1.71672317973528
01-Jul-2006,biuc_lrexp,p16,1.71315005499754
01-Oct-2006,biuc_lrexp,p16,1.70935068253636
01-Jan-2007,biuc_lrexp,p16,1.69281925889149
01-Apr-2007,biuc_lrexp,p16,1.69259736978814
01-Jul-2007,biuc_lrexp,p16,1.70726127378244
01-Oct-2007,biuc_lrexp,p16,1.71092855472631
01-Jan-2008,biuc_lrexp,p16,1.72944145718678
01-Apr-2008,biuc_lrexp,p16,1.73032538896598
01-Jul-2008,biuc_lrexp,p16,1.72953427265682
01-Oct-2008,biuc_lrexp,p16,1.72710035053859
01-Jan-2009,biuc_lrexp,p16,1.72516019166114
01-Apr-2009,biuc_lrexp,p16,1.73383477564381
01-Jul-2009,biuc_lrexp,p16,1.71254283173324
01-Oct-2009,biuc_lrexp,p16,1.70119373496629
01-Jan-2010,biuc_lrexp,p16,1.69742507578987
01-Apr-2010,biuc_lrexp,p16,1.70008574365041
01-Jul-2010,biuc_lrexp,p16,1.68953630690492
01-Oct-2010,biuc_lrexp,p16,1.67482507340315
01-Jan-2011,biuc_lrexp,p16,1.69249375670599
01-Apr-2011,biuc_lrexp,p16,1.72018404306313
01-Jul-2011,biuc_lrexp,p16,1.71566695543469
01-Oct-2011,biuc_lrexp,p16,1.69857371732257
01-Jan-2012,biuc_lrexp,p16,1.69585319022316
01-Apr-2012,biuc_lrexp,p16,1.69784591422694
01-Jul-2012,biuc_lrexp,p16,1.69254940331714
01-Oct-2012,biuc_lrexp,p16,1.67193778159596
01-Jan-2013,biuc_lrexp,p16,1.64903037247582
01-Apr-2013,biuc_lrexp,p16,1.64226366439662
01-Jul-2013,biuc_lrexp,p16,1.63931032019471
01-Oct-2013,biuc_lrexp,p16,1.63613841168408
01-Jan-2014,biuc_lrexp,p16,1.63491144229412
01-Apr-2014,biuc_lrexp,p16,1.63335288029371
01-Jul-2014,biuc_lrexp,p16,1.63106925754808
01-Oct-2014,biuc_lrexp,p16,1.62886604948736
01-Jan-2015,biuc_lrexp,p16,1.6264500869335
01-Apr-2015,biuc_lrexp,p16,1.62416240329014
01-Jul-2015,biuc_lrexp,p16,1.62515374600242
01-Oct-2015,biuc_lrexp,p16,1.60869975205563
01-Jan-2016,biuc_lrexp,p16,1.62107346802546
01-Apr-2016,biuc_lrexp,p16,1.63042221495464
01-Jul-2016,biuc_lrexp,p16,1.63319418226298
01-Oct-2016,biuc_lrexp,p16,1.63696242116359
01-Jan-2017,biuc_lrexp,p16,1.65621780236175
01-Apr-2017,biuc_lrexp,p16,1.65420903103232
01-Jul-2017,biuc_lrexp,p16,1.63842738218931
01-Oct-2017,biuc_lrexp,p16,1.63768156567499
01-Jan-2018,biuc_lrexp,p16,1.63764876861714
01-Apr-2018,biuc_lrexp,p16,1.63728248009623
01-Jul-2018,biuc_lrexp,p16,1.6390269661367
01-Oct-2018,biuc_lrexp,p16,1.63885557643628
01-Jan-2019,biuc_lrexp,p16,1.63973324428451
01-Apr-2019,biuc_lrexp,p16,1.64157577102951
01-Jul-2019,biuc_lrexp,p16,1.64226885129095
01-Oct-2019,biuc_lrexp,p16,1.64309346762493
01-Jan-2020,biuc_lrexp,p16,1.64081018661331
01-Apr-2020,biuc_lrexp,p16,1.60473546552128
01-Jul-2020,biuc_lrexp,p16,1.60830612865346
01-Oct-2020,biuc_lrexp,p16,1.62755393404665
01-Jan-2021,biuc_lrexp,p16,1.6753980035156
01-Apr-2021,biuc_lrexp,p16,1.70912701862298
01-Jul-2021,biuc_lrexp,p16,1.74635299002577
01-Oct-2021,biuc_lrexp,p16,1.785067672814
01-Jan-2022,biuc_lrexp,p16,1.77220079416397
01-Apr-2022,biuc_lrexp,p16,1.83543322563647
01-Jul-2022,biuc_lrexp,p16,1.85128665547096
01-Oct-2022,biuc_lrexp,p16,1.88139748448246
01-Jan-2023,biuc_lrexp,p16,1.75928049054258
01-Apr-2023,biuc_lrexp,p16,1.76326016782457
01-Jul-2023,biuc_lrexp,p16,1.75487544085696
01-Oct-2023,biuc_lrexp,p16,1.75455398456127
01-Jan-2024,biuc_lrexp,p16,1.69290615448057
01-Apr-2024,biuc_lrexp,p16,1.71635903827659
01-Jul-2024,biuc_lrexp,p16,1.71387859405082
01-Oct-2024,biuc_lrexp,p16,1.71831367621935
01-Jan-2025,biuc_lrexp,p16,1.72659351965418
01-Apr-2025,biuc_lrexp,p16,1.75191933013504
01-Jul-2025,biuc_lrexp,p16,1.75457342417699
01-Oct-2025,biuc_lrexp,p16,1.75777480550502
01-Jan-2026,biuc_lrexp,p16,1.75832226645749
01-Apr-1960,biuc_lrexp,p84,1.65691096637309
01-Jul-1960,biuc_lrexp,p84,1.65644589534686
01-Oct-1960,biuc_lrexp,p84,1.660394217275
01-Jan-1961,biuc_lrexp,p84,1.65675464863742
01-Apr-1961,biuc_lrexp,p84,1.65647022712874
01-Jul-1961,biuc_lrexp,p84,1.66647634705876
01-Oct-1961,biuc_lrexp,p84,1.66433417635556
01-Jan-1962,biuc_lrexp,p84,1.67316604484243
01-Apr-1962,biuc_lrexp,p84,1.67610976546814
01-Jul-1962,biuc_lrexp,p84,1.67699124772148
01-Oct-1962,biuc_lrexp,p84,1.68294705956187
01-Jan-1963,biuc_lrexp,p84,1.68767951570647
01-Apr-1963,biuc_lrexp,p84,1.69083616022552
01-Jul-1963,biuc_lrexp,p84,1.70151795150795
01-Oct-1963,biuc_lrexp,p84,1.70466560013542
01-Jan-1964,biuc_lrexp,p84,1.71328216509058
01-Apr-1964,biuc_lrexp,p84,1.71447172377229
01-Jul-1964,biuc_lrexp,p84,1.72296181969544
01-Oct-1964,biuc_lrexp,p84,1.7278806031647
01-Jan-1965,biuc_lrexp,p84,1.73385306663161
01-Apr-1965,biuc_lrexp,p84,1.74666927411373
01-Jul-1965,biuc_lrexp,p84,1.74846714325096
01-Oct-1965,biuc_lrexp,p84,1.75487527463963
01-Jan-1966,biuc_lrexp,p84,1.77484306216836
01-Apr-1966,biuc_lrexp,p84,1.78139016542313
01-Jul-1966,biuc_lrexp,p84,1.78786616590646
01-Oct-1966,biuc_lrexp,p84,1.793717611046
01-Jan-1967,biuc_lrexp,p84,1.78924049950488
01-Apr-1967,biuc_lrexp,p84,1.7988932532604
01-Jul-1967,biuc_lrexp,p84,1.81928690587228
01-Oct-1967,biuc_lrexp,p84,1.82335718348191
01-Jan-1968,biuc_lrexp,p84,1.84756363540045
01-Apr-1968,biuc_lrexp,p84,1.87865702041717
01-Jul-1968,biuc_lrexp,p84,2.51382056245275
01-Oct-1968,biuc_lrexp,p84,2.55690918340837
01-Jan-1969,biuc_lrexp,p84,2.58599576076241
01-Apr-1969,biuc_lrexp,p84,2.68589744205243
01-Jul-1969,biuc_lrexp,p84,2.74378935017945
01-Oct-1969,biuc_lrexp,p84,2.75821811119682
01-Jan-1970,biuc_lrexp,p84,2.77344297955955
01-Apr-1970,biuc_lrexp,p84,2.793636210213
01-Jul-1970,biuc_lrexp,p84,2.91807706365483
01-Oct-1970,biuc_lrexp,p84,3.13422269050459
01-Jan-1971,biuc_lrexp,p84,3.14826171665653
01-Apr-1971,biuc_lrexp,p84,3.17184080075987
01-Jul-1971,biuc_lrexp,p84,3.18915091057728
01-Oct-1971,biuc_lrexp,p84,3.48199011139259
01-Jan-1972,biuc_lrexp,p84,3.51161836307933
01-Apr-1972,biuc_lrexp,p84,3.52313744544514
01-Jul-1972,biuc_lrexp,p84,3.55331320550703
01-Oct-1972,biuc_lrexp,p84,3.87617956619252
01-Jan-1973,biuc_lrexp,p84,3.90427763995601
01-Apr-1973,biuc_lrexp,p84,3.93554956220985
01-Jul-1973,biuc_lrexp,p84,3.95173004184121
01-Oct-1973,biuc_lrexp,p84,3.97561594095703
01-Jan-1974,biuc_lrexp,p84,4.23721467785369
01-Apr-1974,biuc_lrexp,p84,4.75968869290251
01-Jul-1974,biuc_lrexp,p84,4.91531980468072
01-Oct-1974,biuc_lrexp,p84,4.93787171724616
01-Jan-1975,biuc_lrexp,p84,4.94069926445872
01-Apr-1975,biuc_lrexp,p84,4.96204487761235
01-Jul-1975,biuc_lrexp,p84,5.0133939095926
01-Oct-1975,biuc_lrexp,p84,5.01096917123822
01-Jan-1976,biuc_lrexp,p84,4.81453953567293
01-Apr-1976,biuc_lrexp,p84,4.47337204838242
01-Jul-1976,biuc_lrexp,p84,4.55926612546814
01-Oct-1976,biuc_lrexp,p84,4.56758429421958
01-Jan-1977,biuc_lrexp,p84,4.58586703874591
01-Apr-1977,biuc_lrexp,p84,4.68429389484732
01-Jul-1977,biuc_lrexp,p84,4.85782141458268
01-Oct-1977,biuc_lrexp,p84,4.8717970834041
01-Jan-1978,biuc_lrexp,p84,5.0318426925858
01-Apr-1978,biuc_lrexp,p84,5.32584512492832
01-Jul-1978,biuc_lrexp,p84,5.33561397954521
01-Oct-1978,biuc_lrexp,p84,5.52586267940563
01-Jan-1979,biuc_lrexp,p84,5.87673357784631
01-Apr-1979,biuc_lrexp,p84,5.91775476650942
01-Jul-1979,biuc_lrexp,p84,6.30212990937488
01-Oct-1979,biuc_lrexp,p84,6.30866356133971
01-Jan-1980,biuc_lrexp,p84,6.32712816014862
01-Apr-1980,biuc_lrexp,p84,6.31569798570813
01-Jul-1980,biuc_lrexp,p84,6.30744382925535
01-Oct-1980,biuc_lrexp,p84,6.53462073808278
01-Jan-1981,biuc_lrexp,p84,6.96784488768239
01-Apr-1981,biuc_lrexp,p84,6.77118474211998
01-Jul-1981,biuc_lrexp,p84,6.58957721554082
01-Oct-1981,biuc_lrexp,p84,6.63466745023425
01-Jan-1982,biuc_lrexp,p84,6.23037326467872
01-Apr-1982,biuc_lrexp,p84,5.92609678388518
01-Jul-1982,biuc_lrexp,p84,5.91533680143648
01-Oct-1982,biuc_lrexp,p84,5.77188550959185
01-Jan-1983,biuc_lrexp,p84,5.56072813251695
01-Apr-1983,biuc_lrexp,p84,5.71226013520785
01-Jul-1983,biuc_lrexp,p84,5.73337337530985
01-Oct-1983,biuc_lrexp,p84,5.70992794692788
01-Jan-1984,biuc_lrexp,p84,5.64501818249969
01-Apr-1984,biuc_lrexp,p84,5.56106223181088
01-Jul-1984,biuc_lrexp,p84,5.22529309988032
01-Oct-1984,biuc_lrexp,p84,4.96110998662537
01-Jan-1985,biuc_lrexp,p84,4.71443803954203
01-Apr-1985,biuc_lrexp,p84,4.76300908149351
01-Jul-1985,biuc_lrexp,p84,4.88135371858578
01-Oct-1985,biuc_lrexp,p84,4.80835108577097
01-Jan-1986,biuc_lrexp,p84,4.57791147690143
01-Apr-1986,biuc_lrexp,p84,4.52439295893209
01-Jul-1986,biuc_lrexp,p84,4.43762368318212
01-Oct-1986,biuc_lrexp,p84,4.41617529068453
01-Jan-1987,biuc_lrexp,p84,4.52238595322813
01-Apr-1987,biuc_lrexp,p84,4.52103633776957
01-Jul-1987,biuc_lrexp,p84,4.61499078852334
01-Oct-1987,biuc_lrexp,p84,4.39464751102773
01-Jan-1988,biuc_lrexp,p84,4.43023989086409
01-Apr-1988,biuc_lrexp,p84,4.30215964567112
01-Jul-1988,biuc_lrexp,p84,4.20794845241846
01-Oct-1988,biuc_lrexp,p84,4.03134909715166
01-Jan-1989,biuc_lrexp,p84,4.02536855213894
01-Apr-1989,biuc_lrexp,p84,4.0343949877094
01-Jul-1989,biuc_lrexp,p84,3.87126050511066
01-Oct-1989,biuc_lrexp,p84,3.71451240172628
01-Jan-1990,biuc_lrexp,p84,3.55414832647475
01-Apr-1990,biuc_lrexp,p84,3.64840647012817
01-Jul-1990,biuc_lrexp,p84,3.7032056761686
01-Oct-1990,biuc_lrexp,p84,3.63796644941662
01-Jan-1991,biuc_lrexp,p84,3.60282559470078
01-Apr-1991,biuc_lrexp,p84,3.58798624590477
01-Jul-1991,biuc_lrexp,p84,3.41076229706354
01-Oct-1991,biuc_lrexp,p84,3.33364993172605
01-Jan-1992,biuc_lrexp,p84,3.13271858735444
01-Apr-1992,biuc_lrexp,p84,3.21276098935523
01-Jul-1992,biuc_lrexp,p84,3.10459392461356
01-Oct-1992,biuc_lrexp,p84,3.00229430643367
01-Jan-1993,biuc_lrexp,p84,2.92060332797917
01-Apr-1993,biuc_lrexp,p84,3.00203164786387
01-Jul-1993,biuc_lrexp,p84,2.84675448465616
01-Oct-1993,biuc_lrexp,p84,2.83087278799156
01-Jan-1994,biuc_lrexp,p84,2.80747121888354
01-Apr-1994,biuc_lrexp,p84,2.82366724897312
01-Jul-1994,biuc_lrexp,p84,2.81289631467141
01-Oct-1994,biuc_lrexp,p84,2.78699000997979
01-Jan-1995,biuc_lrexp,p84,2.67480690625761
01-Apr-1995,biuc_lrexp,p84,2.67664432492171
01-Jul-1995,biuc_lrexp,p84,2.57753405276478
01-Oct-1995,biuc_lrexp,p84,2.46768494438761
01-Jan-1996,biuc_lrexp,p84,2.44914492207149
01-Apr-1996,biuc_lrexp,p84,2.43869677322288
01-Jul-1996,biuc_lrexp,p84,2.42232841853282
01-Oct-1996,biuc_lrexp,p84,2.41347572930851
01-Jan-1997,biuc_lrexp,p84,2.39501944672748
01-Apr-1997,biuc_lrexp,p84,2.31487558798297
01-Jul-1997,biuc_lrexp,p84,2.35006350905832
01-Oct-1997,biuc_lrexp,p84,2.19169917149743
01-Jan-1998,biuc_lrexp,p84,2.14756471942426
01-Apr-1998,biuc_lrexp,p84,2.09575850214033
01-Jul-1998,biuc_lrexp,p84,2.08404196735922
01-Oct-1998,biuc_lrexp,p84,2.07449177741329
01-Jan-1999,biuc_lrexp,p84,2.01141457003331
01-Apr-1999,biuc_lrexp,p84,2.07383927108505
01-Jul-1999,biuc_lrexp,p84,2.0764841562926
01-Oct-1999,biuc_lrexp,p84,2.07832899662935
01-Jan-2000,biuc_lrexp,p84,2.08044432753812
01-Apr-2000,biuc_lrexp,p84,2.07713792441458
01-Jul-2000,biuc_lrexp,p84,2.07564077964261
01-Oct-2000,biuc_lrexp,p84,2.07263465947211
01-Jan-2001,biuc_lrexp,p84,2.07122699887137
01-Apr-2001,biuc_lrexp,p84,2.07050327902581
01-Jul-2001,biuc_lrexp,p84,2.06719949728613
01-Oct-2001,biuc_lrexp,p84,2.07692860341388
01-Jan-2002,biuc_lrexp,p84,2.06715635305764
01-Apr-2002,biuc_lrexp,p84,2.06808325903681
01-Jul-2002,biuc_lrexp,p84,2.06744557631474
01-Oct-2002,biuc_lrexp,p84,2.05789779412327
01-Jan-2003,biuc_lrexp,p84,2.06897938637067
01-Apr-2003,biuc_lrexp,p84,2.06682471268996
01-Jul-2003,biuc_lrexp,p84,2.06939895848696
01-Oct-2003,biuc_lrexp,p84,2.0690185690692
01-Jan-2004,biuc_lrexp,p84,2.06953248159151
01-Apr-2004,biuc_lrexp,p84,2.06991319299476
01-Jul-2004,biuc_lrexp,p84,2.06920721381014
01-Oct-2004,biuc_lrexp,p84,2.07056577597444
01-Jan-2005,biuc_lrexp,p84,2.06180743578256
01-Apr-2005,biuc_lrexp,p84,2.06879464930346
01-Jul-2005,biuc_lrexp,p84,2.07047720689422
01-Oct-2005,biuc_lrexp,p84,2.07077836780378
01-Jan-2006,biuc_lrexp,p84,2.06813400167147
01-Apr-2006,biuc_lrexp,p84,2.06772956676194
01-Jul-2006,biuc_lrexp,p84,2.06550529282667
01-Oct-2006,biuc_lrexp,p84,2.05936211800703
01-Jan-2007,biuc_lrexp,p84,2.04376207525363
01-Apr-2007,biuc_lrexp,p84,2.04295428990045
01-Jul-2007,biuc_lrexp,p84,2.05900171073649
01-Oct-2007,biuc_lrexp,p84,2.06228211873576
01-Jan-2008,biuc_lrexp,p84,2.07856985331252
01-Apr-2008,biuc_lrexp,p84,2.07852014246081
01-Jul-2008,biuc_lrexp,p84,2.07823273440187
01-Oct-2008,biuc_lrexp,p84,2.07566662113158
01-Jan-2009,biuc_lrexp,p84,2.07406398940506
01-Apr-2009,biuc_lrexp,p84,2.08225469394329
01-Jul-2009,biuc_lrexp,p84,2.06188841135602
01-Oct-2009,biuc_lrexp,p84,2.0505083864295
01-Jan-2010,biuc_lrexp,p84,2.04612554877087
01-Apr-2010,biuc_lrexp,p84,2.05074178637641
01-Jul-2010,biuc_lrexp,p84,2.04189080231548
01-Oct-2010,biuc_lrexp,p84,2.0281061123429
01-Jan-2011,biuc_lrexp,p84,2.04493821222537
01-Apr-2011,biuc_lrexp,p84,2.07282874043633
01-Jul-2011,biuc_lrexp,p84,2.07050177403643
01-Oct-2011,biuc_lrexp,p84,2.05213666861219
01-Jan-2012,biuc_lrexp,p84,2.05085623535118
01-Apr-2012,biuc_lrexp,p84,2.0525760105363
01-Jul-2012,biuc_lrexp,p84,2.04898638490851
01-Oct-2012,biuc_lrexp,p84,2.0270784683245
01-Jan-2013,biuc_lrexp,p84,2.00465656052523
01-Apr-2013,biuc_lrexp,p84,1.99868936074242
01-Jul-2013,biuc_lrexp,p84,1.99734662653374
01-Oct-2013,biuc_lrexp,p84,1.99527337507708
01-Jan-2014,biuc_lrexp,p84,1.99453096673583
01-Apr-2014,biuc_lrexp,p84,1.99362580303192
01-Jul-2014,biuc_lrexp,p84,1.9923662379494
01-Oct-2014,biuc_lrexp,p84,1.99207212370367
01-Jan-2015,biuc_lrexp,p84,1.98893029773902
01-Apr-2015,biuc_lrexp,p84,1.98776742390515
01-Jul-2015,biuc_lrexp,p84,1.98985285390055
01-Oct-2015,biuc_lrexp,p84,1.97314629171888
01-Jan-2016,biuc_lrexp,p84,1.98611539873562
01-Apr-2016,biuc_lrexp,p84,1.99654181153689
01-Jul-2016,biuc_lrexp,p84,2.00007453306372
01-Oct-2016,biuc_lrexp,p84,2.00573324585529
01-Jan-2017,biuc_lrexp,p84,2.0271548591892
01-Apr-2017,biuc_lrexp,p84,2.02830476039081
01-Jul-2017,biuc_lrexp,p84,2.01404279743746
01-Oct-2017,biuc_lrexp,p84,2.0158394621035
01-Jan-2018,biuc_lrexp,p84,2.01678934143317
01-Apr-2018,biuc_lrexp,p84,2.0203003782012
01-Jul-2018,biuc_lrexp,p84,2.02176457321291
01-Oct-2018,biuc_lrexp,p84,2.02721923798942
01-Jan-2019,biuc_lrexp,p84,2.02990329693504
01-Apr-2019,biuc_lrexp,p84,2.03493023443031
01-Jul-2019,biuc_lrexp,p84,2.03688287135699
01-Oct-2019,biuc_lrexp,p84,2.03914046892097
01-Jan-2020,biuc_lrexp,p84,2.03991472637812
01-Apr-2020,biuc_lrexp,p84,2.01220532173022
01-Jul-2020,biuc_lrexp,p84,2.0190374039353
01-Oct-2020,biuc_lrexp,p84,2.03765753128099
01-Jan-2021,biuc_lrexp,p84,2.08682929183778
01-Apr-2021,biuc_lrexp,p84,2.12268384162549
01-Jul-2021,biuc_lrexp,p84,2.16425201812325
01-Oct-2021,biuc_lrexp,p84,2.20635152061904
01-Jan-2022,biuc_lrexp,p84,2.19473314000569
01-Apr-2022,biuc_lrexp,p84,2.26505264631337
01-Jul-2022,biuc_lrexp,p84,2.28494734908617
01-Oct-2022,biuc_lrexp,p84,2.32665131954342
01-Jan-2023,biuc_lrexp,p84,2.19311700067079
01-Apr-2023,biuc_lrexp,p84,2.19997589238973
01-Jul-2023,biuc_lrexp,p84,2.19373290588713
01-Oct-2023,biuc_lrexp,p84,2.19514271575516
01-Jan-2024,biuc_lrexp,p84,2.13811246535088
01-Apr-2024,biuc_lrexp,p84,2.15956373415142
01-Jul-2024,biuc_lrexp,p84,2.1592735186697
01-Oct-2024,biuc_lrexp,p84,2.16583069231164
01-Jan-2025,biuc_lrexp,p84,2.17633989399857
01-Apr-2025,biuc_lrexp,p84,2.20009299826077
01-Jul-2025,biuc_lrexp,p84,2.20679492449612
01-Oct-2025,biuc_lrexp,p84,2.21055221543054
01-Jan-2026,biuc_lrexp,p84,2.2156193464404
01-Apr-1960,biuc_lrexp,p95,1.83383067978853
01-Jul-1960,biuc_lrexp,p95,1.83097738113207
01-Oct-1960,biuc_lrexp,p95,1.83545659383443
01-Jan-1961,biuc_lrexp,p95,1.82974053424428
01-Apr-1961,biuc_lrexp,p95,1.82936828563204
01-Jul-1961,biuc_lrexp,p95,1.8409096491019
01-Oct-1961,biuc_lrexp,p95,1.83824399556586
01-Jan-1962,biuc_lrexp,p95,1.84771957501811
01-Apr-1962,biuc_lrexp,p95,1.84899613288476
01-Jul-1962,biuc_lrexp,p95,1.85140608156556
01-Oct-1962,biuc_lrexp,p95,1.85672142390172
01-Jan-1963,biuc_lrexp,p95,1.86024920724686
01-Apr-1963,biuc_lrexp,p95,1.86221256215502
01-Jul-1963,biuc_lrexp,p95,1.87500525799048
01-Oct-1963,biuc_lrexp,p95,1.87595477450151
01-Jan-1964,biuc_lrexp,p95,1.88420997788851
01-Apr-1964,biuc_lrexp,p95,1.88314439495631
01-Jul-1964,biuc_lrexp,p95,1.89519458757484
01-Oct-1964,biuc_lrexp,p95,1.89929586791621
01-Jan-1965,biuc_lrexp,p95,1.90855461348957
01-Apr-1965,biuc_lrexp,p95,1.92232202954408
01-Jul-1965,biuc_lrexp,p95,1.92518101310542
01-Oct-1965,biuc_lrexp,p95,1.934497527786
01-Jan-1966,biuc_lrexp,p95,1.95551573723604
01-Apr-1966,biuc_lrexp,p95,1.96114962113174
01-Jul-1966,biuc_lrexp,p95,1.97447035862839
01-Oct-1966,biuc_lrexp,p95,1.98018783785005
01-Jan-1967,biuc_lrexp,p95,1.97580311768624
01-Apr-1967,biuc_lrexp,p95,1.98717797366464
01-Jul-1967,biuc_lrexp,p95,2.00935621295895
01-Oct-1967,biuc_lrexp,p95,2.0133244862162
01-Jan-1968,biuc_lrexp,p95,2.0422125329454
01-Apr-1968,biuc_lrexp,p95,2.07312247549642
01-Jul-1968,biuc_lrexp,p95,2.73887835349611
01-Oct-1968,biuc_lrexp,p95,2.78990914152777
01-Jan-1969,biuc_lrexp,p95,2.81610385470961
01-Apr-1969,biuc_lrexp,p95,2.92360636927066
01-Jul-1969,biuc_lrexp,p95,2.98005778366805
01-Oct-1969,biuc_lrexp,p95,2.99174550409124
01-Jan-1970,biuc_lrexp,p95,3.00907494954398
01-Apr-1970,biuc_lrexp,p95,3.02533909182359
01-Jul-1970,biuc_lrexp,p95,3.15860504898995
01-Oct-1970,biuc_lrexp,p95,3.38281015517694
01-Jan-1971,biuc_lrexp,p95,3.3920555751825
01-Apr-1971,biuc_lrexp,p95,3.41872021460437
01-Jul-1971,biuc_lrexp,p95,3.43583241033962
01-Oct-1971,biuc_lrexp,p95,3.73631952481516
01-Jan-1972,biuc_lrexp,p95,3.76941585862559
01-Apr-1972,biuc_lrexp,p95,3.78296621598339
01-Jul-1972,biuc_lrexp,p95,3.81028432094938
01-Oct-1972,biuc_lrexp,p95,4.14709793476425
01-Jan-1973,biuc_lrexp,p95,4.18143663597336
01-Apr-1973,biuc_lrexp,p95,4.21735813885275
01-Jul-1973,biuc_lrexp,p95,4.23558375821193
01-Oct-1973,biuc_lrexp,p95,4.25743532649085
01-Jan-1974,biuc_lrexp,p95,4.52947743925875
01-Apr-1974,biuc_lrexp,p95,5.06876597642056
01-Jul-1974,biuc_lrexp,p95,5.23267530734759
01-Oct-1974,biuc_lrexp,p95,5.25652450791642
01-Jan-1975,biuc_lrexp,p95,5.26460551388474
01-Apr-1975,biuc_lrexp,p95,5.27574716724904
01-Jul-1975,biuc_lrexp,p95,5.33842603645035
01-Oct-1975,biuc_lrexp,p95,5.33507697316569
01-Jan-1976,biuc_lrexp,p95,5.14764450733761
01-Apr-1976,biuc_lrexp,p95,4.79860560442592
01-Jul-1976,biuc_lrexp,p95,4.88521310140294
01-Oct-1976,biuc_lrexp,p95,4.89927845232714
01-Jan-1977,biuc_lrexp,p95,4.92390806034837
01-Apr-1977,biuc_lrexp,p95,5.0183965822609
01-Jul-1977,biuc_lrexp,p95,5.19093362670493
01-Oct-1977,biuc_lrexp,p95,5.21091873637092
01-Jan-1978,biuc_lrexp,p95,5.36672493781669
01-Apr-1978,biuc_lrexp,p95,5.66214561047708
01-Jul-1978,biuc_lrexp,p95,5.67501386372904
01-Oct-1978,biuc_lrexp,p95,5.86515614674495
01-Jan-1979,biuc_lrexp,p95,6.23416240075465
01-Apr-1979,biuc_lrexp,p95,6.27139332515365
01-Jul-1979,biuc_lrexp,p95,6.68258890334857
01-Oct-1979,biuc_lrexp,p95,6.68674712445068
01-Jan-1980,biuc_lrexp,p95,6.71723150657521
01-Apr-1980,biuc_lrexp,p95,6.69588130083787
01-Jul-1980,biuc_lrexp,p95,6.68952882967525
01-Oct-1980,biuc_lrexp,p95,6.92723150519973
01-Jan-1981,biuc_lrexp,p95,7.38038584720175
01-Apr-1981,biuc_lrexp,p95,7.15650537970681
01-Jul-1981,biuc_lrexp,p95,6.95466002334791
01-Oct-1981,biuc_lrexp,p95,6.9953550046727
01-Jan-1982,biuc_lrexp,p95,6.56172590146566
01-Apr-1982,biuc_lrexp,p95,6.25653707217267
01-Jul-1982,biuc_lrexp,p95,6.24626633706158
01-Oct-1982,biuc_lrexp,p95,6.09863517201507
01-Jan-1983,biuc_lrexp,p95,5.87998507218986
01-Apr-1983,biuc_lrexp,p95,6.03859472536855
01-Jul-1983,biuc_lrexp,p95,6.05699534867926
01-Oct-1983,biuc_lrexp,p95,6.02769952310618
01-Jan-1984,biuc_lrexp,p95,5.96327815127412
01-Apr-1984,biuc_lrexp,p95,5.87034247673725
01-Jul-1984,biuc_lrexp,p95,5.5200224040377
01-Oct-1984,biuc_lrexp,p95,5.24073055680217
01-Jan-1985,biuc_lrexp,p95,4.99141764293074
01-Apr-1985,biuc_lrexp,p95,5.04349371290417
01-Jul-1985,biuc_lrexp,p95,5.16232813537343
01-Oct-1985,biuc_lrexp,p95,5.0884143649371
01-Jan-1986,biuc_lrexp,p95,4.84535901975202
01-Apr-1986,biuc_lrexp,p95,4.78974388104848
01-Jul-1986,biuc_lrexp,p95,4.69546571880795
01-Oct-1986,biuc_lrexp,p95,4.67077700053203
01-Jan-1987,biuc_lrexp,p95,4.77590449348768
01-Apr-1987,biuc_lrexp,p95,4.77533446609339
01-Jul-1987,biuc_lrexp,p95,4.87236368359983
01-Oct-1987,biuc_lrexp,p95,4.64677958258474
01-Jan-1988,biuc_lrexp,p95,4.67477280934064
01-Apr-1988,biuc_lrexp,p95,4.54625186372672
01-Jul-1988,biuc_lrexp,p95,4.45296838846827
01-Oct-1988,biuc_lrexp,p95,4.26855376289835
01-Jan-1989,biuc_lrexp,p95,4.25649641472206
01-Apr-1989,biuc_lrexp,p95,4.26738072418267
01-Jul-1989,biuc_lrexp,p95,4.09085312663674
01-Oct-1989,biuc_lrexp,p95,3.93378615445779
01-Jan-1990,biuc_lrexp,p95,3.77425712415843
01-Apr-1990,biuc_lrexp,p95,3.86695266778308
01-Jul-1990,biuc_lrexp,p95,3.92602352548959
01-Oct-1990,biuc_lrexp,p95,3.8563526626879
01-Jan-1991,biuc_lrexp,p95,3.82370923311359
01-Apr-1991,biuc_lrexp,p95,3.80745171644409
01-Jul-1991,biuc_lrexp,p95,3.62462285077571
01-Oct-1991,biuc_lrexp,p95,3.53935600270531
01-Jan-1992,biuc_lrexp,p95,3.33356049812498
01-Apr-1992,biuc_lrexp,p95,3.41490798542627
01-Jul-1992,biuc_lrexp,p95,3.29601270218758
01-Oct-1992,biuc_lrexp,p95,3.1921626708989
01-Jan-1993,biuc_lrexp,p95,3.1055168225248
01-Apr-1993,biuc_lrexp,p95,3.18938488318715
01-Jul-1993,biuc_lrexp,p95,3.02769850724355
01-Oct-1993,biuc_lrexp,p95,3.01068346744098
01-Jan-1994,biuc_lrexp,p95,2.98934338741271
01-Apr-1994,biuc_lrexp,p95,3.00180823536843
01-Jul-1994,biuc_lrexp,p95,2.99034408553942
01-Oct-1994,biuc_lrexp,p95,2.96494112696666
01-Jan-1995,biuc_lrexp,p95,2.84981649951562
01-Apr-1995,biuc_lrexp,p95,2.85178146030465
01-Jul-1995,biuc_lrexp,p95,2.74932669168075
01-Oct-1995,biuc_lrexp,p95,2.64015196320665
01-Jan-1996,biuc_lrexp,p95,2.6196007719199
01-Apr-1996,biuc_lrexp,p95,2.60754585954392
01-Jul-1996,biuc_lrexp,p95,2.58802680496452
01-Oct-1996,biuc_lrexp,p95,2.57543532673397
01-Jan-1997,biuc_lrexp,p95,2.55516119046587
01-Apr-1997,biuc_lrexp,p95,2.46994215687526
01-Jul-1997,biuc_lrexp,p95,2.50351276029548
01-Oct-1997,biuc_lrexp,p95,2.34381804323405
01-Jan-1998,biuc_lrexp,p95,2.29461113282459
01-Apr-1998,biuc_lrexp,p95,2.24184528529909
01-Jul-1998,biuc_lrexp,p95,2.22672261335815
01-Oct-1998,biuc_lrexp,p95,2.21684437389872
01-Jan-1999,biuc_lrexp,p95,2.15236143407985
01-Apr-1999,biuc_lrexp,p95,2.21342087492134
01-Jul-1999,biuc_lrexp,p95,2.2145925686449
01-Oct-1999,biuc_lrexp,p95,2.21619313696204
01-Jan-2000,biuc_lrexp,p95,2.2164722695728
01-Apr-2000,biuc_lrexp,p95,2.21014279221708
01-Jul-2000,biuc_lrexp,p95,2.21011606843891
01-Oct-2000,biuc_lrexp,p95,2.20501263032365
01-Jan-2001,biuc_lrexp,p95,2.20438154343768
01-Apr-2001,biuc_lrexp,p95,2.20039234687569
01-Jul-2001,biuc_lrexp,p95,2.19531716832675
01-Oct-2001,biuc_lrexp,p95,2.20558490206375
01-Jan-2002,biuc_lrexp,p95,2.1972137250433
01-Apr-2002,biuc_lrexp,p95,2.1967880231423
01-Jul-2002,biuc_lrexp,p95,2.19443471292698
01-Oct-2002,biuc_lrexp,p95,2.18685175749386
01-Jan-2003,biuc_lrexp,p95,2.19861910840286
01-Apr-2003,biuc_lrexp,p95,2.19604343515442
01-Jul-2003,biuc_lrexp,p95,2.19988711027588
01-Oct-2003,biuc_lrexp,p95,2.19966246981041
01-Jan-2004,biuc_lrexp,p95,2.20371566406285
01-Apr-2004,biuc_lrexp,p95,2.20522692564091
01-Jul-2004,biuc_lrexp,p95,2.20473613882243
01-Oct-2004,biuc_lrexp,p95,2.20554411451151
01-Jan-2005,biuc_lrexp,p95,2.1977995945399
01-Apr-2005,biuc_lrexp,p95,2.20637526622065
01-Jul-2005,biuc_lrexp,p95,2.20679293017628
01-Oct-2005,biuc_lrexp,p95,2.20539342958149
01-Jan-2006,biuc_lrexp,p95,2.20351646256699
01-Apr-2006,biuc_lrexp,p95,2.20378285477233
01-Jul-2006,biuc_lrexp,p95,2.20186922077064
01-Oct-2006,biuc_lrexp,p95,2.1985908753922
01-Jan-2007,biuc_lrexp,p95,2.18119295071388
01-Apr-2007,biuc_lrexp,p95,2.17903544535788
01-Jul-2007,biuc_lrexp,p95,2.1974239496978
01-Oct-2007,biuc_lrexp,p95,2.19926993903871
01-Jan-2008,biuc_lrexp,p95,2.21654722650938
01-Apr-2008,biuc_lrexp,p95,2.21899155703433
01-Jul-2008,biuc_lrexp,p95,2.21496092281071
01-Oct-2008,biuc_lrexp,p95,2.2142933469868
01-Jan-2009,biuc_lrexp,p95,2.21340185733755
01-Apr-2009,biuc_lrexp,p95,2.22438241388778
01-Jul-2009,biuc_lrexp,p95,2.2003377947961
01-Oct-2009,biuc_lrexp,p95,2.19022595527682
01-Jan-2010,biuc_lrexp,p95,2.18490150775229
01-Apr-2010,biuc_lrexp,p95,2.18870208527238
01-Jul-2010,biuc_lrexp,p95,2.17900529302905
01-Oct-2010,biuc_lrexp,p95,2.16408588623756
01-Jan-2011,biuc_lrexp,p95,2.18189636280494
01-Apr-2011,biuc_lrexp,p95,2.21245439766951
01-Jul-2011,biuc_lrexp,p95,2.20832739297847
01-Oct-2011,biuc_lrexp,p95,2.18920887740451
01-Jan-2012,biuc_lrexp,p95,2.18768667449517
01-Apr-2012,biuc_lrexp,p95,2.1896692483852
01-Jul-2012,biuc_lrexp,p95,2.18579362449941
01-Oct-2012,biuc_lrexp,p95,2.16412676530191
01-Jan-2013,biuc_lrexp,p95,2.13964855603377
01-Apr-2013,biuc_lrexp,p95,2.13159980140987
01-Jul-2013,biuc_lrexp,p95,2.13088845577456
01-Oct-2013,biuc_lrexp,p95,2.12998464971066
01-Jan-2014,biuc_lrexp,p95,2.12959089511728
01-Apr-2014,biuc_lrexp,p95,2.12889550708661
01-Jul-2014,biuc_lrexp,p95,2.12706749605128
01-Oct-2014,biuc_lrexp,p95,2.12580568793386
01-Jan-2015,biuc_lrexp,p95,2.12797916617391
01-Apr-2015,biuc_lrexp,p95,2.12670131036064
01-Jul-2015,biuc_lrexp,p95,2.12782486876946
01-Oct-2015,biuc_lrexp,p95,2.11356760997027
01-Jan-2016,biuc_lrexp,p95,2.12766410670633
01-Apr-2016,biuc_lrexp,p95,2.13810337992761
01-Jul-2016,biuc_lrexp,p95,2.14439637397238
01-Oct-2016,biuc_lrexp,p95,2.15282069698538
01-Jan-2017,biuc_lrexp,p95,2.17122721108981
01-Apr-2017,biuc_lrexp,p95,2.17300950770484
01-Jul-2017,biuc_lrexp,p95,2.16089121381443
01-Oct-2017,biuc_lrexp,p95,2.16461081424066
01-Jan-2018,biuc_lrexp,p95,2.16773431151822
01-Apr-2018,biuc_lrexp,p95,2.1713653580143
01-Jul-2018,biuc_lrexp,p95,2.17683163782181
01-Oct-2018,biuc_lrexp,p95,2.18178585628389
01-Jan-2019,biuc_lrexp,p95,2.18712439062213
01-Apr-2019,biuc_lrexp,p95,2.19419177293211
01-Jul-2019,biuc_lrexp,p95,2.19984208269429
01-Oct-2019,biuc_lrexp,p95,2.20354658617264
01-Jan-2020,biuc_lrexp,p95,2.20399848289297
01-Apr-2020,biuc_lrexp,p95,2.17789507265238
01-Jul-2020,biuc_lrexp,p95,2.18618165024219
01-Oct-2020,biuc_lrexp,p95,2.2079388239907
01-Jan-2021,biuc_lrexp,p95,2.25590191825059
01-Apr-2021,biuc_lrexp,p95,2.29412953070974
01-Jul-2021,biuc_lrexp,p95,2.34043220938317
01-Oct-2021,biuc_lrexp,p95,2.38555518573322
01-Jan-2022,biuc_lrexp,p95,2.37024698799903
01-Apr-2022,biuc_lrexp,p95,2.44774341219788
01-Jul-2022,biuc_lrexp,p95,2.46417646648237
01-Oct-2022,biuc_lrexp,p95,2.51009222443243
01-Jan-2023,biuc_lrexp,p95,2.36842433193371
01-Apr-2023,biuc_lrexp,p95,2.37665118959441
01-Jul-2023,biuc_lrexp,p95,2.37018900519507
01-Oct-2023,biuc_lrexp,p95,2.37479292488253
01-Jan-2024,biuc_lrexp,p95,2.31593184808063
01-Apr-2024,biuc_lrexp,p95,2.34130316534232
01-Jul-2024,biuc_lrexp,p95,2.34299911619957
01-Oct-2024,biuc_lrexp,p95,2.34819555381004
01-Jan-2025,biuc_lrexp,p95,2.35971106548012
01-Apr-2025,biuc_lrexp,p95,2.38745025179094
01-Jul-2025,biuc_lrexp,p95,2.39616139991889
01-Oct-2025,biuc_lrexp,p95,2.39840645245365
01-Jan-2026,biuc_lrexp,p95,2.40644554499276
01-Apr-1947,ucsv_sw07,mcse,0.0273092669170106
01-Jul-1947,ucsv_sw07,mcse,0.154461967518014
01-Oct-1947,ucsv_sw07,mcse,0.231338035129829
01-Jan-1948,ucsv_sw07,mcse,0.0726435774201254
01-Apr-1948,ucsv_sw07,mcse,0.0610007061806206
01-Jul-1948,ucsv_sw07,mcse,0.108996365900497
01-Oct-1948,ucsv_sw07,mcse,0.114210072501009
01-Jan-1949,ucsv_sw07,mcse,0.178585035055783
01-Apr-1949,ucsv_sw07,mcse,0.159779697923711
01-Jul-1949,ucsv_sw07,mcse,0.149125165659315
01-Oct-1949,ucsv_sw07,mcse,0.0949257489993303
01-Jan-1950,ucsv_sw07,mcse,0.0970688722711433
01-Apr-1950,ucsv_sw07,mcse,0.0207329693869494
01-Jul-1950,ucsv_sw07,mcse,0.190100316358827
01-Oct-1950,ucsv_sw07,mcse,0.173887387839458
01-Jan-1951,ucsv_sw07,mcse,0.319457558957196
01-Apr-1951,ucsv_sw07,mcse,0.0501553209193487
01-Jul-1951,ucsv_sw07,mcse,0.0475789248901092
01-Oct-1951,ucsv_sw07,mcse,0.0854352397329881
01-Jan-1952,ucsv_sw07,mcse,0.0137449585290712
01-Apr-1952,ucsv_sw07,mcse,0.0495344965895961
01-Jul-1952,ucsv_sw07,mcse,0.0181267193957343
01-Oct-1952,ucsv_sw07,mcse,0.0210582243665819
01-Jan-1953,ucsv_sw07,mcse,0.00786133727803858
01-Apr-1953,ucsv_sw07,mcse,0.0160911633799574
01-Jul-1953,ucsv_sw07,mcse,0.0176677174917651
01-Oct-1953,ucsv_sw07,mcse,0.0132637569784344
01-Jan-1954,ucsv_sw07,mcse,0.0156950679079751
01-Apr-1954,ucsv_sw07,mcse,0.0310465503024706
01-Jul-1954,ucsv_sw07,mcse,0.043367786999656
01-Oct-1954,ucsv_sw07,mcse,0.0282705327385932
01-Jan-1955,ucsv_sw07,mcse,0.0102347218123278
01-Apr-1955,ucsv_sw07,mcse,0.0125801841581114
01-Jul-1955,ucsv_sw07,mcse,0.00523679067586139
01-Oct-1955,ucsv_sw07,mcse,0.00837933666247931
01-Jan-1956,ucsv_sw07,mcse,0.00489973192622457
01-Apr-1956,ucsv_sw07,mcse,0.0115653459309531
01-Jul-1956,ucsv_sw07,mcse,0.0216365584196085
01-Oct-1956,ucsv_sw07,mcse,0.0113253516837536
01-Jan-1957,ucsv_sw07,mcse,0.0163463431828645
01-Apr-1957,ucsv_sw07,mcse,0.0112319691065501
01-Jul-1957,ucsv_sw07,mcse,0.0142012851731523
01-Oct-1957,ucsv_sw07,mcse,0.00918586775053827
01-Jan-1958,ucsv_sw07,mcse,0.0241250310993391
01-Apr-1958,ucsv_sw07,mcse,0.01152310369464
01-Jul-1958,ucsv_sw07,mcse,0.0194071770651475
01-Oct-1958,ucsv_sw07,mcse,0.0199877825373811
01-Jan-1959,ucsv_sw07,mcse,0.00669706493435532
01-Apr-1959,ucsv_sw07,mcse,0.00514969449701815
01-Jul-1959,ucsv_sw07,mcse,0.00654787150859958
01-Oct-1959,ucsv_sw07,mcse,0.00533635124439205
01-Jan-1960,ucsv_sw07,mcse,0.00536347009074509
01-Apr-1960,ucsv_sw07,mcse,0.00503640201969572
01-Jul-1960,ucsv_sw07,mcse,0.00426115776553432
01-Oct-1960,ucsv_sw07,mcse,0.00451969706398286
01-Jan-1961,ucsv_sw07,mcse,0.00499053011494428
01-Apr-1961,ucsv_sw07,mcse,0.00829612740606003
01-Jul-1961,ucsv_sw07,mcse,0.0033663290695516
01-Oct-1961,ucsv_sw07,mcse,0.00518145522040959
01-Jan-1962,ucsv_sw07,mcse,0.00342976527088948
01-Apr-1962,ucsv_sw07,mcse,0.00246245191649245
01-Jul-1962,ucsv_sw07,mcse,0.00231855382722414
01-Oct-1962,ucsv_sw07,mcse,0.00253788825755889
01-Jan-1963,ucsv_sw07,mcse,0.00288400957912744
01-Apr-1963,ucsv_sw07,mcse,0.00376274212986369
01-Jul-1963,ucsv_sw07,mcse,0.00371873194450844
01-Oct-1963,ucsv_sw07,mcse,0.00335760812076097
01-Jan-1964,ucsv_sw07,mcse,0.00310605897147343
01-Apr-1964,ucsv_sw07,mcse,0.00345974636844056
01-Jul-1964,ucsv_sw07,mcse,0.00311871674973831
01-Oct-1964,ucsv_sw07,mcse,0.0028441687695812
01-Jan-1965,ucsv_sw07,mcse,0.00316040332391765
01-Apr-1965,ucsv_sw07,mcse,0.00309196916259465
01-Jul-1965,ucsv_sw07,mcse,0.00388231390840126
01-Oct-1965,ucsv_sw07,mcse,0.00496828781147299
01-Jan-1966,ucsv_sw07,mcse,0.00510174439441051
01-Apr-1966,ucsv_sw07,mcse,0.00424935733448341
01-Jul-1966,ucsv_sw07,mcse,0.0035365405964412
01-Oct-1966,ucsv_sw07,mcse,0.00398312229019772
01-Jan-1967,ucsv_sw07,mcse,0.00864553951452673
01-Apr-1967,ucsv_sw07,mcse,0.00610065793689097
01-Jul-1967,ucsv_sw07,mcse,0.00399153475296957
01-Oct-1967,ucsv_sw07,mcse,0.00328391207052202
01-Jan-1968,ucsv_sw07,mcse,0.0036819611940796
01-Apr-1968,ucsv_sw07,mcse,0.00384603371858659
01-Jul-1968,ucsv_sw07,mcse,0.00298601701363424
01-Oct-1968,ucsv_sw07,mcse,0.00387445074594446
01-Jan-1969,ucsv_sw07,mcse,0.0031242315544928
01-Apr-1969,ucsv_sw07,mcse,0.00532630391436339
01-Jul-1969,ucsv_sw07,mcse,0.00417913869870965
01-Oct-1969,ucsv_sw07,mcse,0.00366242190954278
01-Jan-1970,ucsv_sw07,mcse,0.00327742016758696
01-Apr-1970,ucsv_sw07,mcse,0.00357266878486923
01-Jul-1970,ucsv_sw07,mcse,0.00421088903482738
01-Oct-1970,ucsv_sw07,mcse,0.00497242903021315
01-Jan-1971,ucsv_sw07,mcse,0.00461134777644056
01-Apr-1971,ucsv_sw07,mcse,0.00457200921103674
01-Jul-1971,ucsv_sw07,mcse,0.00463291292927509
01-Oct-1971,ucsv_sw07,mcse,0.00607498507004489
01-Jan-1972,ucsv_sw07,mcse,0.0052756469440697
01-Apr-1972,ucsv_sw07,mcse,0.00607636638746598
01-Jul-1972,ucsv_sw07,mcse,0.00530628191606392
01-Oct-1972,ucsv_sw07,mcse,0.0066266017984246
01-Jan-1973,ucsv_sw07,mcse,0.00574238542917909
01-Apr-1973,ucsv_sw07,mcse,0.00805505734806984
01-Jul-1973,ucsv_sw07,mcse,0.00515290537617221
01-Oct-1973,ucsv_sw07,mcse,0.00680602725641533
01-Jan-1974,ucsv_sw07,mcse,0.0108620280463011
01-Apr-1974,ucsv_sw07,mcse,0.00763682133796459
01-Jul-1974,ucsv_sw07,mcse,0.00615684898986864
01-Oct-1974,ucsv_sw07,mcse,0.00874117430837057
01-Jan-1975,ucsv_sw07,mcse,0.00540264509805385
01-Apr-1975,ucsv_sw07,mcse,0.0143688757717758
01-Jul-1975,ucsv_sw07,mcse,0.00720802278943352
01-Oct-1975,ucsv_sw07,mcse,0.00650469788969749
01-Jan-1976,ucsv_sw07,mcse,0.00979555795483204
01-Apr-1976,ucsv_sw07,mcse,0.0128799396971262
01-Jul-1976,ucsv_sw07,mcse,0.00538846960165597
01-Oct-1976,ucsv_sw07,mcse,0.00505485044703329
01-Jan-1977,ucsv_sw07,mcse,0.0077520145303292
01-Apr-1977,ucsv_sw07,mcse,0.0059669862865675
01-Jul-1977,ucsv_sw07,mcse,0.00507389179387518
01-Oct-1977,ucsv_sw07,mcse,0.00663060987034693
01-Jan-1978,ucsv_sw07,mcse,0.00406509473112969
01-Apr-1978,ucsv_sw07,mcse,0.00683782051905239
01-Jul-1978,ucsv_sw07,mcse,0.00505914484580812
01-Oct-1978,ucsv_sw07,mcse,0.00514122604152768
01-Jan-1979,ucsv_sw07,mcse,0.00913444985477639
01-Apr-1979,ucsv_sw07,mcse,0.0119442633587154
01-Jul-1979,ucsv_sw07,mcse,0.00626504198682709
01-Oct-1979,ucsv_sw07,mcse,0.00483505042982586
01-Jan-1980,ucsv_sw07,mcse,0.0136349199967111
01-Apr-1980,ucsv_sw07,mcse,0.0054783147614522
01-Jul-1980,ucsv_sw07,mcse,0.00494562229719013
01-Oct-1980,ucsv_sw07,mcse,0.00688389756676372
01-Jan-1981,ucsv_sw07,mcse,0.0106863004203106
01-Apr-1981,ucsv_sw07,mcse,0.00838607072335385
01-Jul-1981,ucsv_sw07,mcse,0.00566953189180021
01-Oct-1981,ucsv_sw07,mcse,0.0055871760969708
01-Jan-1982,ucsv_sw07,mcse,0.00557045602899636
01-Apr-1982,ucsv_sw07,mcse,0.00787303852676061
01-Jul-1982,ucsv_sw07,mcse,0.00845391195639992
01-Oct-1982,ucsv_sw07,mcse,0.00553030817965771
01-Jan-1983,ucsv_sw07,mcse,0.00768286798770221
01-Apr-1983,ucsv_sw07,mcse,0.00664998452147438
01-Jul-1983,ucsv_sw07,mcse,0.00580265674443174
01-Oct-1983,ucsv_sw07,mcse,0.00644817745388798
01-Jan-1984,ucsv_sw07,mcse,0.00515010599166062
01-Apr-1984,ucsv_sw07,mcse,0.00530127359681201
01-Jul-1984,ucsv_sw07,mcse,0.00446432627082233
01-Oct-1984,ucsv_sw07,mcse,0.00542277437406094
01-Jan-1985,ucsv_sw07,mcse,0.00599287009737172
01-Apr-1985,ucsv_sw07,mcse,0.00634725573207125
01-Jul-1985,ucsv_sw07,mcse,0.00530920534206903
01-Oct-1985,ucsv_sw07,mcse,0.00567392803291573
01-Jan-1986,ucsv_sw07,mcse,0.00729855995435537
01-Apr-1986,ucsv_sw07,mcse,0.016798113850917
01-Jul-1986,ucsv_sw07,mcse,0.0100103317023133
01-Oct-1986,ucsv_sw07,mcse,0.00590956934358886
01-Jan-1987,ucsv_sw07,mcse,0.0056233556341738
01-Apr-1987,ucsv_sw07,mcse,0.00631773326092056
01-Jul-1987,ucsv_sw07,mcse,0.00515423632951405
01-Oct-1987,ucsv_sw07,mcse,0.00471005135039383
01-Jan-1988,ucsv_sw07,mcse,0.00486974631512466
01-Apr-1988,ucsv_sw07,mcse,0.00396322626796324
01-Jul-1988,ucsv_sw07,mcse,0.00549081739460596
01-Oct-1988,ucsv_sw07,mcse,0.00445597664210272
01-Jan-1989,ucsv_sw07,mcse,0.00579792545103688
01-Apr-1989,ucsv_sw07,mcse,0.00638237101447481
01-Jul-1989,ucsv_sw07,mcse,0.00670792493329192
01-Oct-1989,ucsv_sw07,mcse,0.00466010408203289
01-Jan-1990,ucsv_sw07,mcse,0.0101596412314881
01-Apr-1990,ucsv_sw07,mcse,0.00598567599062968
01-Jul-1990,ucsv_sw07,mcse,0.00876606765357707
01-Oct-1990,ucsv_sw07,mcse,0.00863483447739928
01-Jan-1991,ucsv_sw07,mcse,0.00629211836134381
01-Apr-1991,ucsv_sw07,mcse,0.00546637699809296
01-Jul-1991,ucsv_sw07,mcse,0.00336242092735697
01-Oct-1991,ucsv_sw07,mcse,0.00299171943012834
01-Jan-1992,ucsv_sw07,mcse,0.00312918425716568
01-Apr-1992,ucsv_sw07,mcse,0.00328554585810844
01-Jul-1992,ucsv_sw07,mcse,0.00239890173241425
01-Oct-1992,ucsv_sw07,mcse,0.00293726391062005
01-Jan-1993,ucsv_sw07,mcse,0.00232224892560475
01-Apr-1993,ucsv_sw07,mcse,0.0032524172100599
01-Jul-1993,ucsv_sw07,mcse,0.0035504876597816
01-Oct-1993,ucsv_sw07,mcse,0.00262599434873668
01-Jan-1994,ucsv_sw07,mcse,0.00369238451532579
01-Apr-1994,ucsv_sw07,mcse,0.00219121532600766
01-Jul-1994,ucsv_sw07,mcse,0.00419055968711806
01-Oct-1994,ucsv_sw07,mcse,0.00284313467778778
01-Jan-1995,ucsv_sw07,mcse,0.00280602375308502
01-Apr-1995,ucsv_sw07,mcse,0.00236612273783368
01-Jul-1995,ucsv_sw07,mcse,0.00243064206455693
01-Oct-1995,ucsv_sw07,mcse,0.00249646282484813
01-Jan-1996,ucsv_sw07,mcse,0.00359625570876863
01-Apr-1996,ucsv_sw07,mcse,0.00463320886686365
01-Jul-1996,ucsv_sw07,mcse,0.00324940688287206
01-Oct-1996,ucsv_sw07,mcse,0.00442222713607241
01-Jan-1997,ucsv_sw07,mcse,0.002858675467377
01-Apr-1997,ucsv_sw07,mcse,0.00430027875244852
01-Jul-1997,ucsv_sw07,mcse,0.00462332596320377
01-Oct-1997,ucsv_sw07,mcse,0.00480626035135274
01-Jan-1998,ucsv_sw07,mcse,0.00878891332024549
01-Apr-1998,ucsv_sw07,mcse,0.00653330783054274
01-Jul-1998,ucsv_sw07,mcse,0.00472279330555459
01-Oct-1998,ucsv_sw07,mcse,0.00551351166835666
01-Jan-1999,ucsv_sw07,mcse,0.00506123494536486
01-Apr-1999,ucsv_sw07,mcse,0.00315288559288445
01-Jul-1999,ucsv_sw07,mcse,0.00438657378879121
01-Oct-1999,ucsv_sw07,mcse,0.00589094169297739
01-Jan-2000,ucsv_sw07,mcse,0.00807968166941034
01-Apr-2000,ucsv_sw07,mcse,0.0037507683990056
01-Jul-2000,ucsv_sw07,mcse,0.00486688285902322
01-Oct-2000,ucsv_sw07,mcse,0.00494572307846096
01-Jan-2001,ucsv_sw07,mcse,0.00571437824468866
01-Apr-2001,ucsv_sw07,mcse,0.00548410683094919
01-Jul-2001,ucsv_sw07,mcse,0.0148856073436886
01-Oct-2001,ucsv_sw07,mcse,0.0151842076172083
01-Jan-2002,ucsv_sw07,mcse,0.00962372621730419
01-Apr-2002,ucsv_sw07,mcse,0.00495917843637401
01-Jul-2002,ucsv_sw07,mcse,0.00469975035221547
01-Oct-2002,ucsv_sw07,mcse,0.00411485009414711
01-Jan-2003,ucsv_sw07,mcse,0.0057043613865748
01-Apr-2003,ucsv_sw07,mcse,0.00881900398400842
01-Jul-2003,ucsv_sw07,mcse,0.00351704166696712
01-Oct-2003,ucsv_sw07,mcse,0.00309862781140148
01-Jan-2004,ucsv_sw07,mcse,0.00505429505756945
01-Apr-2004,ucsv_sw07,mcse,0.0044991876063943
01-Jul-2004,ucsv_sw07,mcse,0.00441323270234639
01-Oct-2004,ucsv_sw07,mcse,0.00714601560433424
01-Jan-2005,ucsv_sw07,mcse,0.00623292484629934
01-Apr-2005,ucsv_sw07,mcse,0.007764461405506
01-Jul-2005,ucsv_sw07,mcse,0.0148811357173956
01-Oct-2005,ucsv_sw07,mcse,0.00968206363034453
01-Jan-2006,ucsv_sw07,mcse,0.0061688355425308
01-Apr-2006,ucsv_sw07,mcse,0.00893748657490402
01-Jul-2006,ucsv_sw07,mcse,0.00544782027768662
01-Oct-2006,ucsv_sw07,mcse,0.0308923280971921
01-Jan-2007,ucsv_sw07,mcse,0.0115861097713417
01-Apr-2007,ucsv_sw07,mcse,0.0126032253393553
01-Jul-2007,ucsv_sw07,mcse,0.00657190817917837
01-Oct-2007,ucsv_sw07,mcse,0.0238715372423542
01-Jan-2008,ucsv_sw07,mcse,0.0167178432952255
01-Apr-2008,ucsv_sw07,mcse,0.0263013352403897
01-Jul-2008,ucsv_sw07,mcse,0.0269459966061335
01-Oct-2008,ucsv_sw07,mcse,0.134352667438831
01-Jan-2009,ucsv_sw07,mcse,0.0799689854031153
01-Apr-2009,ucsv_sw07,mcse,0.0140811932888989
01-Jul-2009,ucsv_sw07,mcse,0.0129828556944188
01-Oct-2009,ucsv_sw07,mcse,0.0165038980743681
01-Jan-2010,ucsv_sw07,mcse,0.00961598687826603
01-Apr-2010,ucsv_sw07,mcse,0.0186414023407296
01-Jul-2010,ucsv_sw07,mcse,0.0152028323139596
01-Oct-2010,ucsv_sw07,mcse,0.00879269902471434
01-Jan-2011,ucsv_sw07,mcse,0.0169115356286921
01-Apr-2011,ucsv_sw07,mcse,0.0198606223107455
01-Jul-2011,ucsv_sw07,mcse,0.00574976068046013
01-Oct-2011,ucsv_sw07,mcse,0.00521516554584738
01-Jan-2012,ucsv_sw07,mcse,0.00505666149828997
01-Apr-2012,ucsv_sw07,mcse,0.00662108193316379
01-Jul-2012,ucsv_sw07,mcse,0.00536154608674773
01-Oct-2012,ucsv_sw07,mcse,0.00433427832495354
01-Jan-2013,ucsv_sw07,mcse,0.00479142814817366
01-Apr-2013,ucsv_sw07,mcse,0.00912435930938437
01-Jul-2013,ucsv_sw07,mcse,0.00541233737442629
01-Oct-2013,ucsv_sw07,mcse,0.00407862916342184
01-Jan-2014,ucsv_sw07,mcse,0.00528739474331151
01-Apr-2014,ucsv_sw07,mcse,0.00552680224681204
01-Jul-2014,ucsv_sw07,mcse,0.00622526871364858
01-Oct-2014,ucsv_sw07,mcse,0.0142920455833833
01-Jan-2015,ucsv_sw07,mcse,0.0194973784530668
01-Apr-2015,ucsv_sw07,mcse,0.00698601782451295
01-Jul-2015,ucsv_sw07,mcse,0.00630704313415884
01-Oct-2015,ucsv_sw07,mcse,0.0092763471428552
01-Jan-2016,ucsv_sw07,mcse,0.00692149536368261
01-Apr-2016,ucsv_sw07,mcse,0.00732700110110316
01-Jul-2016,ucsv_sw07,mcse,0.00476775712777547
01-Oct-2016,ucsv_sw07,mcse,0.00523120720314205
01-Jan-2017,ucsv_sw07,mcse,0.00534126017359694
01-Apr-2017,ucsv_sw07,mcse,0.00475130923845496
01-Jul-2017,ucsv_sw07,mcse,0.00473248092707104
01-Oct-2017,ucsv_sw07,mcse,0.00529146771053893
01-Jan-2018,ucsv_sw07,mcse,0.00716895273378941
01-Apr-2018,ucsv_sw07,mcse,0.00418738523665149
01-Jul-2018,ucsv_sw07,mcse,0.00510393299835175
01-Oct-2018,ucsv_sw07,mcse,0.00385919642225289
01-Jan-2019,ucsv_sw07,mcse,0.00657988991613167
01-Apr-2019,ucsv_sw07,mcse,0.00544334918847926
01-Jul-2019,ucsv_sw07,mcse,0.00547760893019093
01-Oct-2019,ucsv_sw07,mcse,0.00531806703434066
01-Jan-2020,ucsv_sw07,mcse,0.00671246069677623
01-Apr-2020,ucsv_sw07,mcse,0.0269903135998052
01-Jul-2020,ucsv_sw07,mcse,0.00841140408882005
01-Oct-2020,ucsv_sw07,mcse,0.0118661410526247
01-Jan-2021,ucsv_sw07,mcse,0.0071154149096059
01-Apr-2021,ucsv_sw07,mcse,0.00972948405539366
01-Jul-2021,ucsv_sw07,mcse,0.0056790472422012
01-Oct-2021,ucsv_sw07,mcse,0.00654179867665892
01-Jan-2022,ucsv_sw07,mcse,0.0113793156247555
01-Apr-2022,ucsv_sw07,mcse,0.0113489951263769
01-Jul-2022,ucsv_sw07,mcse,0.0066173144901559
01-Oct-2022,ucsv_sw07,mcse,0.00499461868816464
01-Jan-2023,ucsv_sw07,mcse,0.00428736184956807
01-Apr-2023,ucsv_sw07,mcse,0.00530373572514072
01-Jul-2023,ucsv_sw07,mcse,0.00503044170429425
01-Oct-2023,ucsv_sw07,mcse,0.00704925994987212
01-Jan-2024,ucsv_sw07,mcse,0.00581259769600389
01-Apr-2024,ucsv_sw07,mcse,0.00487870437006793
01-Jul-2024,ucsv_sw07,mcse,0.00668292046726961
01-Oct-2024,ucsv_sw07,mcse,0.00393708071137569
01-Jan-2025,ucsv_sw07,mcse,0.00528705167594703
01-Apr-2025,ucsv_sw07,mcse,0.00560890044004374
01-Jul-2025,ucsv_sw07,mcse,0.0045287326075147
01-Oct-2025,ucsv_sw07,mcse,0.00543154303302249
01-Jan-2026,ucsv_sw07,mcse,0.00590979451840323
01-Apr-2026,ucsv_sw07,mcse,0.00765504732696319
01-Apr-1947,ucsv_sw07,mean,3.38137812390395
01-Jul-1947,ucsv_sw07,mean,5.84521080600601
01-Oct-1947,ucsv_sw07,mean,7.12234951652267
01-Jan-1948,ucsv_sw07,mean,4.36667287047292
01-Apr-1948,ucsv_sw07,mean,3.86338535274707
01-Jul-1948,ucsv_sw07,mean,4.23268400650071
01-Oct-1948,ucsv_sw07,mean,0.143377573469594
01-Jan-1949,ucsv_sw07,mean,-1.33981931492084
01-Apr-1949,ucsv_sw07,mean,-1.17567385833909
01-Jul-1949,ucsv_sw07,mean,-0.971242395904383
01-Oct-1949,ucsv_sw07,mean,0.137451480607059
01-Jan-1950,ucsv_sw07,mean,0.454772775329064
01-Apr-1950,ucsv_sw07,mean,2.32588828740327
01-Jul-1950,ucsv_sw07,mean,5.89985658428816
01-Oct-1950,ucsv_sw07,mean,5.96340880975513
01-Jan-1951,ucsv_sw07,mean,8.09334697625774
01-Apr-1951,ucsv_sw07,mean,3.5741930396596
01-Jul-1951,ucsv_sw07,mean,1.94051359398231
01-Oct-1951,ucsv_sw07,mean,3.57735659643504
01-Jan-1952,ucsv_sw07,mean,1.93578448826403
01-Apr-1952,ucsv_sw07,mean,1.01569745671181
01-Jul-1952,ucsv_sw07,mean,1.87286004456557
01-Oct-1952,ucsv_sw07,mean,1.19053714447037
01-Jan-1953,ucsv_sw07,mean,1.36655707029314
01-Apr-1953,ucsv_sw07,mean,1.11689769574414
01-Jul-1953,ucsv_sw07,mean,1.64128336034814
01-Oct-1953,ucsv_sw07,mean,1.4966499652007
01-Jan-1954,ucsv_sw07,mean,1.27111831830608
01-Apr-1954,ucsv_sw07,mean,0.143450389904485
01-Jul-1954,ucsv_sw07,mean,-0.276614571965371
01-Oct-1954,ucsv_sw07,mean,0.124915863044474
01-Jan-1955,ucsv_sw07,mean,0.824794935459745
01-Apr-1955,ucsv_sw07,mean,0.845758842101109
01-Jul-1955,ucsv_sw07,mean,1.30414148217758
01-Oct-1955,ucsv_sw07,mean,1.43717425917431
01-Jan-1956,ucsv_sw07,mean,1.85556770202579
01-Apr-1956,ucsv_sw07,mean,2.43949114719802
01-Jul-1956,ucsv_sw07,mean,2.89289642998152
01-Oct-1956,ucsv_sw07,mean,2.69431079844827
01-Jan-1957,ucsv_sw07,mean,2.88391460622797
01-Apr-1957,ucsv_sw07,mean,2.69880027093607
01-Jul-1957,ucsv_sw07,mean,2.71052782729087
01-Oct-1957,ucsv_sw07,mean,2.48409814854247
01-Jan-1958,ucsv_sw07,mean,2.64690617838372
01-Apr-1958,ucsv_sw07,mean,1.72060092729241
01-Jul-1958,ucsv_sw07,mean,1.32728772645023
01-Oct-1958,ucsv_sw07,mean,1.27572716748614
01-Jan-1959,ucsv_sw07,mean,1.77922823983891
01-Apr-1959,ucsv_sw07,mean,1.75046306241042
01-Jul-1959,ucsv_sw07,mean,1.8561426998373
01-Oct-1959,ucsv_sw07,mean,1.72946006663476
01-Jan-1960,ucsv_sw07,mean,1.41521160500881
01-Apr-1960,ucsv_sw07,mean,1.56048237745985
01-Jul-1960,ucsv_sw07,mean,1.44765723756576
01-Oct-1960,ucsv_sw07,mean,1.34357281798563
01-Jan-1961,ucsv_sw07,mean,1.01918860483354
01-Apr-1961,ucsv_sw07,mean,0.82713259048281
01-Jul-1961,ucsv_sw07,mean,1.05664041074896
01-Oct-1961,ucsv_sw07,mean,0.994609033315616
01-Jan-1962,ucsv_sw07,mean,1.27622989278815
01-Apr-1962,ucsv_sw07,mean,1.26942943509609
01-Jul-1962,ucsv_sw07,mean,1.19105819558524
01-Oct-1962,ucsv_sw07,mean,1.19517398023763
01-Jan-1963,ucsv_sw07,mean,1.17383795825763
01-Apr-1963,ucsv_sw07,mean,1.14289400523688
01-Jul-1963,ucsv_sw07,mean,1.48016677157801
01-Oct-1963,ucsv_sw07,mean,1.47309417610128
01-Jan-1964,ucsv_sw07,mean,1.52015306015405
01-Apr-1964,ucsv_sw07,mean,1.24967182649263
01-Jul-1964,ucsv_sw07,mean,1.33039426555366
01-Oct-1964,ucsv_sw07,mean,1.36937152704696
01-Jan-1965,ucsv_sw07,mean,1.45702386667766
01-Apr-1965,ucsv_sw07,mean,1.7361394013614
01-Jul-1965,ucsv_sw07,mean,1.66676411820335
01-Oct-1965,ucsv_sw07,mean,1.76651440815648
01-Jan-1966,ucsv_sw07,mean,2.61666612710121
01-Apr-1966,ucsv_sw07,mean,2.90727505875522
01-Jul-1966,ucsv_sw07,mean,2.87748675226486
01-Oct-1966,ucsv_sw07,mean,2.74589568264885
01-Jan-1967,ucsv_sw07,mean,2.00579091553374
01-Apr-1967,ucsv_sw07,mean,2.348371510552
01-Jul-1967,ucsv_sw07,mean,3.28877514074902
01-Oct-1967,ucsv_sw07,mean,3.52919063091343
01-Jan-1968,ucsv_sw07,mean,3.98045152095088
01-Apr-1968,ucsv_sw07,mean,4.04511513908974
01-Jul-1968,ucsv_sw07,mean,4.13867388432257
01-Oct-1968,ucsv_sw07,mean,4.2847728566472
01-Jan-1969,ucsv_sw07,mean,4.21671624760744
01-Apr-1969,ucsv_sw07,mean,4.74573263513408
01-Jul-1969,ucsv_sw07,mean,4.75232555211702
01-Oct-1969,ucsv_sw07,mean,4.62286045431517
01-Jan-1970,ucsv_sw07,mean,4.56146052506103
01-Apr-1970,ucsv_sw07,mean,4.40983378992406
01-Jul-1970,ucsv_sw07,mean,4.18838538043317
01-Oct-1970,ucsv_sw07,mean,4.65511683467602
01-Jan-1971,ucsv_sw07,mean,4.0840523188519
01-Apr-1971,ucsv_sw07,mean,4.25879491231452
01-Jul-1971,ucsv_sw07,mean,3.8102768087278
01-Oct-1971,ucsv_sw07,mean,3.03604549320447
01-Jan-1972,ucsv_sw07,mean,3.69616615091501
01-Apr-1972,ucsv_sw07,mean,2.81535588859664
01-Jul-1972,ucsv_sw07,mean,3.4144342532934
01-Oct-1972,ucsv_sw07,mean,3.56848322501042
01-Jan-1973,ucsv_sw07,mean,4.95895626403129
01-Apr-1973,ucsv_sw07,mean,7.15612212211012
01-Jul-1973,ucsv_sw07,mean,7.38550363038948
01-Oct-1973,ucsv_sw07,mean,8.41193763050656
01-Jan-1974,ucsv_sw07,mean,11.0968548543785
01-Apr-1974,ucsv_sw07,mean,10.9777650941909
01-Jul-1974,ucsv_sw07,mean,10.5046802097313
01-Oct-1974,ucsv_sw07,mean,9.68988405817075
01-Jan-1975,ucsv_sw07,mean,7.48544626870436
01-Apr-1975,ucsv_sw07,mean,5.60092073408043
01-Jul-1975,ucsv_sw07,mean,6.95704988036397
01-Oct-1975,ucsv_sw07,mean,6.3778904226954
01-Jan-1976,ucsv_sw07,mean,4.73114220221693
01-Apr-1976,ucsv_sw07,mean,4.08069848901977
01-Jul-1976,ucsv_sw07,mean,5.80067650142811
01-Oct-1976,ucsv_sw07,mean,6.27234675976777
01-Jan-1977,ucsv_sw07,mean,6.84767573302426
01-Apr-1977,ucsv_sw07,mean,6.6374640905759
01-Jul-1977,ucsv_sw07,mean,6.13748767449423
01-Oct-1977,ucsv_sw07,mean,5.97841960650475
01-Jan-1978,ucsv_sw07,mean,6.62175722318274
01-Apr-1978,ucsv_sw07,mean,7.6117990524793
01-Jul-1978,ucsv_sw07,mean,7.25340684741717
01-Oct-1978,ucsv_sw07,mean,7.609549591589
01-Jan-1979,ucsv_sw07,mean,8.04345358472137
01-Apr-1979,ucsv_sw07,mean,9.93383956455166
01-Jul-1979,ucsv_sw07,mean,9.82883775875005
01-Oct-1979,ucsv_sw07,mean,9.90247259334426
01-Jan-1980,ucsv_sw07,mean,10.841671826586
01-Apr-1980,ucsv_sw07,mean,9.88010356043941
01-Jul-1980,ucsv_sw07,mean,9.47491386078172
01-Oct-1980,ucsv_sw07,mean,9.53792287933849
01-Jan-1981,ucsv_sw07,mean,9.30287991188439
01-Apr-1981,ucsv_sw07,mean,7.26923702142939
01-Jul-1981,ucsv_sw07,mean,6.59389501250456
01-Oct-1981,ucsv_sw07,mean,5.9764683534549
01-Jan-1982,ucsv_sw07,mean,5.19519885857656
01-Apr-1982,ucsv_sw07,mean,4.63853898356957
01-Jul-1982,ucsv_sw07,mean,5.18498443784098
01-Oct-1982,ucsv_sw07,mean,4.45671154229258
01-Jan-1983,ucsv_sw07,mean,3.88944909231412
01-Apr-1983,ucsv_sw07,mean,3.92596513792958
01-Jul-1983,ucsv_sw07,mean,4.2118057799796
01-Oct-1983,ucsv_sw07,mean,3.58868989505356
01-Jan-1984,ucsv_sw07,mean,3.82618852143765
01-Apr-1984,ucsv_sw07,mean,3.65705458692032
01-Jul-1984,ucsv_sw07,mean,3.33844048662661
01-Oct-1984,ucsv_sw07,mean,3.19925245410599
01-Jan-1985,ucsv_sw07,mean,3.60217831365034
01-Apr-1985,ucsv_sw07,mean,3.27670001745297
01-Jul-1985,ucsv_sw07,mean,3.04563681091266
01-Oct-1985,ucsv_sw07,mean,2.77893025588664
01-Jan-1986,ucsv_sw07,mean,2.49180435285949
01-Apr-1986,ucsv_sw07,mean,1.82697631972934
01-Jul-1986,ucsv_sw07,mean,2.32252771304803
01-Oct-1986,ucsv_sw07,mean,2.73525704229504
01-Jan-1987,ucsv_sw07,mean,3.28906869769574
01-Apr-1987,ucsv_sw07,mean,3.52096046244589
01-Jul-1987,ucsv_sw07,mean,3.60538384242385
01-Oct-1987,ucsv_sw07,mean,3.5989494616041
01-Jan-1988,ucsv_sw07,mean,3.67989458039716
01-Apr-1988,ucsv_sw07,mean,4.05487490950313
01-Jul-1988,ucsv_sw07,mean,4.25611830779084
01-Oct-1988,ucsv_sw07,mean,4.18719596685406
01-Jan-1989,ucsv_sw07,mean,4.26360342763945
01-Apr-1989,ucsv_sw07,mean,4.24640254868165
01-Jul-1989,ucsv_sw07,mean,3.77265711035523
01-Oct-1989,ucsv_sw07,mean,3.85697963226537
01-Jan-1990,ucsv_sw07,mean,4.22120637301937
01-Apr-1990,ucsv_sw07,mean,4.00503229448681
01-Jul-1990,ucsv_sw07,mean,4.07516422320762
01-Oct-1990,ucsv_sw07,mean,3.84682330888619
01-Jan-1991,ucsv_sw07,mean,3.05872978180134
01-Apr-1991,ucsv_sw07,mean,2.78927605520627
01-Jul-1991,ucsv_sw07,mean,2.77644027491502
01-Oct-1991,ucsv_sw07,mean,2.75338923974722
01-Jan-1992,ucsv_sw07,mean,2.64650803396874
01-Apr-1992,ucsv_sw07,mean,2.62373515588201
01-Jul-1992,ucsv_sw07,mean,2.58047552036874
01-Oct-1992,ucsv_sw07,mean,2.57116883853663
01-Jan-1993,ucsv_sw07,mean,2.44624856493744
01-Apr-1993,ucsv_sw07,mean,2.3813951913839
01-Jul-1993,ucsv_sw07,mean,2.14763572293427
01-Oct-1993,ucsv_sw07,mean,2.13603772003008
01-Jan-1994,ucsv_sw07,mean,2.00105626041763
01-Apr-1994,ucsv_sw07,mean,2.15969380340578
01-Jul-1994,ucsv_sw07,mean,2.27740198223019
01-Oct-1994,ucsv_sw07,mean,2.09786314191114
01-Jan-1995,ucsv_sw07,mean,2.0579760995853
01-Apr-1995,ucsv_sw07,mean,2.0729194314735
01-Jul-1995,ucsv_sw07,mean,1.93465544903907
01-Oct-1995,ucsv_sw07,mean,1.95591059545725
01-Jan-1996,ucsv_sw07,mean,2.09210672782985
01-Apr-1996,ucsv_sw07,mean,2.17939298725686
01-Jul-1996,ucsv_sw07,mean,1.99984668920293
01-Oct-1996,ucsv_sw07,mean,2.05556083584664
01-Jan-1997,ucsv_sw07,mean,1.7189801151148
01-Apr-1997,ucsv_sw07,mean,1.3587347329233
01-Jul-1997,ucsv_sw07,mean,1.20276470129472
01-Oct-1997,ucsv_sw07,mean,1.09491635511997
01-Jan-1998,ucsv_sw07,mean,0.813029938242761
01-Apr-1998,ucsv_sw07,mean,0.937845338052977
01-Jul-1998,ucsv_sw07,mean,1.13565300672838
01-Oct-1998,ucsv_sw07,mean,1.21605081434604
01-Jan-1999,ucsv_sw07,mean,1.36071814640939
01-Apr-1999,ucsv_sw07,mean,1.83224428989983
01-Jul-1999,ucsv_sw07,mean,2.04526848450868
01-Oct-1999,ucsv_sw07,mean,2.24003656884837
01-Jan-2000,ucsv_sw07,mean,2.40633228105921
01-Apr-2000,ucsv_sw07,mean,2.23193106241431
01-Jul-2000,ucsv_sw07,mean,2.26559124924239
01-Oct-2000,ucsv_sw07,mean,2.20077888194943
01-Jan-2001,ucsv_sw07,mean,2.1543544065407
01-Apr-2001,ucsv_sw07,mean,1.83306064571031
01-Jul-2001,ucsv_sw07,mean,1.4596567047656
01-Oct-2001,ucsv_sw07,mean,1.39074549294131
01-Jan-2002,ucsv_sw07,mean,1.58158313734215
01-Apr-2002,ucsv_sw07,mean,1.93000162672647
01-Jul-2002,ucsv_sw07,mean,1.98262568246586
01-Oct-2002,ucsv_sw07,mean,2.02549071781562
01-Jan-2003,ucsv_sw07,mean,2.1180257776152
01-Apr-2003,ucsv_sw07,mean,1.99609649984296
01-Jul-2003,ucsv_sw07,mean,2.19617724854249
01-Oct-2003,ucsv_sw07,mean,2.28247598274156
01-Jan-2004,ucsv_sw07,mean,2.44549430651002
01-Apr-2004,ucsv_sw07,mean,2.47977790835909
01-Jul-2004,ucsv_sw07,mean,2.49311879539203
01-Oct-2004,ucsv_sw07,mean,2.6264732415862
01-Jan-2005,ucsv_sw07,mean,2.61980616962141
01-Apr-2005,ucsv_sw07,mean,2.68376433782833
01-Jul-2005,ucsv_sw07,mean,2.80501525075914
01-Oct-2005,ucsv_sw07,mean,2.73825100099709
01-Jan-2006,ucsv_sw07,mean,2.63797164715653
01-Apr-2006,ucsv_sw07,mean,2.64512048366562
01-Jul-2006,ucsv_sw07,mean,2.54454896715933
01-Oct-2006,ucsv_sw07,mean,2.3496206908596
01-Jan-2007,ucsv_sw07,mean,2.53324333646334
01-Apr-2007,ucsv_sw07,mean,2.54697763438399
01-Jul-2007,ucsv_sw07,mean,2.48924050120913
01-Oct-2007,ucsv_sw07,mean,2.53082830188114
01-Jan-2008,ucsv_sw07,mean,2.43773042041979
01-Apr-2008,ucsv_sw07,mean,2.35660132144872
01-Jul-2008,ucsv_sw07,mean,2.17775833999194
01-Oct-2008,ucsv_sw07,mean,1.43609731144991
01-Jan-2009,ucsv_sw07,mean,1.5552428348479
01-Apr-2009,ucsv_sw07,mean,1.83795249199137
01-Jul-2009,ucsv_sw07,mean,1.96520052624787
01-Oct-2009,ucsv_sw07,mean,1.99978757270963
01-Jan-2010,ucsv_sw07,mean,1.89076492240935
01-Apr-2010,ucsv_sw07,mean,1.82604360451624
01-Jul-2010,ucsv_sw07,mean,1.88268758463073
01-Oct-2010,ucsv_sw07,mean,2.08814134695863
01-Jan-2011,ucsv_sw07,mean,2.225272390157
01-Apr-2011,ucsv_sw07,mean,2.24248926054975
01-Jul-2011,ucsv_sw07,mean,2.00803296199684
01-Oct-2011,ucsv_sw07,mean,1.85732730590779
01-Jan-2012,ucsv_sw07,mean,1.83023893661753
01-Apr-2012,ucsv_sw07,mean,1.61519403356531
01-Jul-2012,ucsv_sw07,mean,1.55153427819312
01-Oct-2012,ucsv_sw07,mean,1.57418938605508
01-Jan-2013,ucsv_sw07,mean,1.41922523669755
01-Apr-2013,ucsv_sw07,mean,1.25433504450667
01-Jul-2013,ucsv_sw07,mean,1.35300604630952
01-Oct-2013,ucsv_sw07,mean,1.36452103747876
01-Jan-2014,ucsv_sw07,mean,1.36766419704593
01-Apr-2014,ucsv_sw07,mean,1.24549896482877
01-Jul-2014,ucsv_sw07,mean,0.965042413635421
01-Oct-2014,ucsv_sw07,mean,0.583688201288326
01-Jan-2015,ucsv_sw07,mean,0.427337290998843
01-Apr-2015,ucsv_sw07,mean,0.85301725508344
01-Jul-2015,ucsv_sw07,mean,0.845754744070609
01-Oct-2015,ucsv_sw07,mean,0.735595102259574
01-Jan-2016,ucsv_sw07,mean,0.951295567635673
01-Apr-2016,ucsv_sw07,mean,1.45986872849735
01-Jul-2016,ucsv_sw07,mean,1.4858449437652
01-Oct-2016,ucsv_sw07,mean,1.63247892544463
01-Jan-2017,ucsv_sw07,mean,1.73046705545977
01-Apr-2017,ucsv_sw07,mean,1.49884561658029
01-Jul-2017,ucsv_sw07,mean,1.67398773300907
01-Oct-2017,ucsv_sw07,mean,2.02218353661677
01-Jan-2018,ucsv_sw07,mean,2.18459515897399
01-Apr-2018,ucsv_sw07,mean,1.93825242149443
01-Jul-2018,ucsv_sw07,mean,1.6114446121242
01-Oct-2018,ucsv_sw07,mean,1.51177147941216
01-Jan-2019,ucsv_sw07,mean,1.31969809705751
01-Apr-2019,ucsv_sw07,mean,1.6522959920797
01-Jul-2019,ucsv_sw07,mean,1.30710913029643
01-Oct-2019,ucsv_sw07,mean,1.39027961899722
01-Jan-2020,ucsv_sw07,mean,1.19907588975478
01-Apr-2020,ucsv_sw07,mean,0.369765556902009
01-Jul-2020,ucsv_sw07,mean,2.32069572921791
01-Oct-2020,ucsv_sw07,mean,2.63674630797343
01-Jan-2021,ucsv_sw07,mean,4.24681575903853
01-Apr-2021,ucsv_sw07,mean,5.44357850844456
01-Jul-2021,ucsv_sw07,mean,5.61304667576693
01-Oct-2021,ucsv_sw07,mean,6.40042715664233
01-Jan-2022,ucsv_sw07,mean,6.93571734212504
01-Apr-2022,ucsv_sw07,mean,6.59243849313431
01-Jul-2022,ucsv_sw07,mean,4.90179675560633
01-Oct-2022,ucsv_sw07,mean,4.17956506220437
01-Jan-2023,ucsv_sw07,mean,3.72973287833268
01-Apr-2023,ucsv_sw07,mean,3.07803605449205
01-Jul-2023,ucsv_sw07,mean,2.72346604776507
01-Oct-2023,ucsv_sw07,mean,2.31835939481143
01-Jan-2024,ucsv_sw07,mean,3.0161493838047
01-Apr-2024,ucsv_sw07,mean,2.55655040282298
01-Jul-2024,ucsv_sw07,mean,2.11618941528432
01-Oct-2024,ucsv_sw07,mean,2.52717383576563
01-Jan-2025,ucsv_sw07,mean,2.97719716429564
01-Apr-2025,ucsv_sw07,mean,2.48289042483491
01-Jul-2025,ucsv_sw07,mean,2.8102424041816
01-Oct-2025,ucsv_sw07,mean,3.136199511543
01-Jan-2026,ucsv_sw07,mean,4.22695131406662
01-Apr-2026,ucsv_sw07,mean,4.75709159537511
01-Apr-1947,ucsv_sw07,p05,1.26911065435964
01-Jul-1947,ucsv_sw07,p05,1.82231914601883
01-Oct-1947,ucsv_sw07,p05,1.86766675881244
01-Jan-1948,ucsv_sw07,p05,1.70318372551152
01-Apr-1948,ucsv_sw07,p05,1.45129884691691
01-Jul-1948,ucsv_sw07,p05,1.13488465478251
01-Oct-1948,ucsv_sw07,p05,-2.17357212272
01-Jan-1949,ucsv_sw07,p05,-4.08045637877385
01-Apr-1949,ucsv_sw07,p05,-3.80573688854396
01-Jul-1949,ucsv_sw07,p05,-3.44763551605017
01-Oct-1949,ucsv_sw07,p05,-2.04629109500021
01-Jan-1950,ucsv_sw07,p05,-1.72261126970406
01-Apr-1950,ucsv_sw07,p05,0.552026228420826
01-Jul-1950,ucsv_sw07,p05,1.66282142956037
01-Oct-1950,ucsv_sw07,p05,1.79192454908263
01-Jan-1951,ucsv_sw07,p05,1.81594951430047
01-Apr-1951,ucsv_sw07,p05,1.51704962518902
01-Jul-1951,ucsv_sw07,p05,0.0564270256688862
01-Oct-1951,ucsv_sw07,p05,1.25008158809845
01-Jan-1952,ucsv_sw07,p05,0.505621338691301
01-Apr-1952,ucsv_sw07,p05,-0.584429241073763
01-Jul-1952,ucsv_sw07,p05,0.444142344918404
01-Oct-1952,ucsv_sw07,p05,-0.0421875059448739
01-Jan-1953,ucsv_sw07,p05,0.199370852666231
01-Apr-1953,ucsv_sw07,p05,-0.0068948414643426
01-Jul-1953,ucsv_sw07,p05,0.461888147714767
01-Oct-1953,ucsv_sw07,p05,0.363759734424666
01-Jan-1954,ucsv_sw07,p05,0.141409816066958
01-Apr-1954,ucsv_sw07,p05,-1.01101028948465
01-Jul-1954,ucsv_sw07,p05,-1.57460549039576
01-Oct-1954,ucsv_sw07,p05,-0.957298661471506
01-Jan-1955,ucsv_sw07,p05,-0.149896953469221
01-Apr-1955,ucsv_sw07,p05,-0.0781601039624674
01-Jul-1955,ucsv_sw07,p05,0.418601793172987
01-Oct-1955,ucsv_sw07,p05,0.538960874217506
01-Jan-1956,ucsv_sw07,p05,1.00266736800033
01-Apr-1956,ucsv_sw07,p05,1.52770014606905
01-Jul-1956,ucsv_sw07,p05,1.81889397899725
01-Oct-1956,ucsv_sw07,p05,1.78222193692113
01-Jan-1957,ucsv_sw07,p05,1.887151701844
01-Apr-1957,ucsv_sw07,p05,1.80317302333499
01-Jul-1957,ucsv_sw07,p05,1.77407133527871
01-Oct-1957,ucsv_sw07,p05,1.59217641228238
01-Jan-1958,ucsv_sw07,p05,1.52747916348988
01-Apr-1958,ucsv_sw07,p05,0.715246756265593
01-Jul-1958,ucsv_sw07,p05,0.184823429509927
01-Oct-1958,ucsv_sw07,p05,0.0767097998093621
01-Jan-1959,ucsv_sw07,p05,0.980453438583418
01-Apr-1959,ucsv_sw07,p05,1.0112907860238
01-Jul-1959,ucsv_sw07,p05,1.10306185987177
01-Oct-1959,ucsv_sw07,p05,1.02115297496714
01-Jan-1960,ucsv_sw07,p05,0.699276349147753
01-Apr-1960,ucsv_sw07,p05,0.923421783813885
01-Jul-1960,ucsv_sw07,p05,0.832817578557536
01-Oct-1960,ucsv_sw07,p05,0.72487273535389
01-Jan-1961,ucsv_sw07,p05,0.379654741783207
01-Apr-1961,ucsv_sw07,p05,0.0986323690632316
01-Jul-1961,ucsv_sw07,p05,0.477682229717967
01-Oct-1961,ucsv_sw07,p05,0.399384950285493
01-Jan-1962,ucsv_sw07,p05,0.738700953872917
01-Apr-1962,ucsv_sw07,p05,0.754475044910499
01-Jul-1962,ucsv_sw07,p05,0.704983568313799
01-Oct-1962,ucsv_sw07,p05,0.717278898939863
01-Jan-1963,ucsv_sw07,p05,0.693217634566744
01-Apr-1963,ucsv_sw07,p05,0.626474340818828
01-Jul-1963,ucsv_sw07,p05,0.98865384408885
01-Oct-1963,ucsv_sw07,p05,0.993950259341718
01-Jan-1964,ucsv_sw07,p05,1.03793167938709
01-Apr-1964,ucsv_sw07,p05,0.754047373788614
01-Jul-1964,ucsv_sw07,p05,0.850123159122571
01-Oct-1964,ucsv_sw07,p05,0.894832792379214
01-Jan-1965,ucsv_sw07,p05,0.972576852772708
01-Apr-1965,ucsv_sw07,p05,1.21136366445906
01-Jul-1965,ucsv_sw07,p05,1.14149852046792
01-Oct-1965,ucsv_sw07,p05,1.15269476549934
01-Jan-1966,ucsv_sw07,p05,1.94402714898899
01-Apr-1966,ucsv_sw07,p05,2.20935241781376
01-Jul-1966,ucsv_sw07,p05,2.24090409309065
01-Oct-1966,ucsv_sw07,p05,2.12114565361377
01-Jan-1967,ucsv_sw07,p05,1.17905289619637
01-Apr-1967,ucsv_sw07,p05,1.68224115953908
01-Jul-1967,ucsv_sw07,p05,2.66928016558032
01-Oct-1967,ucsv_sw07,p05,2.95885441911986
01-Jan-1968,ucsv_sw07,p05,3.37123485226328
01-Apr-1968,ucsv_sw07,p05,3.50076770861679
01-Jul-1968,ucsv_sw07,p05,3.61704964340233
01-Oct-1968,ucsv_sw07,p05,3.75434005071841
01-Jan-1969,ucsv_sw07,p05,3.68298583788995
01-Apr-1969,ucsv_sw07,p05,4.16349628126417
01-Jul-1969,ucsv_sw07,p05,4.19944663770653
01-Oct-1969,ucsv_sw07,p05,4.08200689489706
01-Jan-1970,ucsv_sw07,p05,4.0050648403382
01-Apr-1970,ucsv_sw07,p05,3.83157941205436
01-Jul-1970,ucsv_sw07,p05,3.59868584918298
01-Oct-1970,ucsv_sw07,p05,3.94831642816833
01-Jan-1971,ucsv_sw07,p05,3.44572318508515
01-Apr-1971,ucsv_sw07,p05,3.56061287738428
01-Jul-1971,ucsv_sw07,p05,3.12693186739821
01-Oct-1971,ucsv_sw07,p05,2.26571812489504
01-Jan-1972,ucsv_sw07,p05,2.85626214088592
01-Apr-1972,ucsv_sw07,p05,2.01667420402286
01-Jul-1972,ucsv_sw07,p05,2.62869686357185
01-Oct-1972,ucsv_sw07,p05,2.75674908194011
01-Jan-1973,ucsv_sw07,p05,4.1223093777643
01-Apr-1973,ucsv_sw07,p05,6.06937106928272
01-Jul-1973,ucsv_sw07,p05,6.52088638210734
01-Oct-1973,ucsv_sw07,p05,7.54654470045911
01-Jan-1974,ucsv_sw07,p05,9.74432054531095
01-Apr-1974,ucsv_sw07,p05,9.87907997808948
01-Jul-1974,ucsv_sw07,p05,9.43997825518437
01-Oct-1974,ucsv_sw07,p05,8.56476515589674
01-Jan-1975,ucsv_sw07,p05,6.5749451663953
01-Apr-1975,ucsv_sw07,p05,4.5651354897896
01-Jul-1975,ucsv_sw07,p05,5.85956060721082
01-Oct-1975,ucsv_sw07,p05,5.33630949482646
01-Jan-1976,ucsv_sw07,p05,3.79051938884326
01-Apr-1976,ucsv_sw07,p05,3.05147574419824
01-Jul-1976,ucsv_sw07,p05,4.86168943254889
01-Oct-1976,ucsv_sw07,p05,5.39116592880996
01-Jan-1977,ucsv_sw07,p05,5.87776689608995
01-Apr-1977,ucsv_sw07,p05,5.75208876305518
01-Jul-1977,ucsv_sw07,p05,5.30496635107375
01-Oct-1977,ucsv_sw07,p05,5.12226714075608
01-Jan-1978,ucsv_sw07,p05,5.7894765977913
01-Apr-1978,ucsv_sw07,p05,6.63427313304848
01-Jul-1978,ucsv_sw07,p05,6.38738023473196
01-Oct-1978,ucsv_sw07,p05,6.74075080423162
01-Jan-1979,ucsv_sw07,p05,7.1031189009954
01-Apr-1979,ucsv_sw07,p05,8.74279120182471
01-Jul-1979,ucsv_sw07,p05,8.8777399418843
01-Oct-1979,ucsv_sw07,p05,8.96391083602268
01-Jan-1980,ucsv_sw07,p05,9.56645786901402
01-Apr-1980,ucsv_sw07,p05,8.89441847924293
01-Jul-1980,ucsv_sw07,p05,8.51315493867174
01-Oct-1980,ucsv_sw07,p05,8.46372467814571
01-Jan-1981,ucsv_sw07,p05,8.02652663841892
01-Apr-1981,ucsv_sw07,p05,6.26945001426904
01-Jul-1981,ucsv_sw07,p05,5.60584896326291
01-Oct-1981,ucsv_sw07,p05,5.00023297517033
01-Jan-1982,ucsv_sw07,p05,4.28445934016478
01-Apr-1982,ucsv_sw07,p05,3.65997580697679
01-Jul-1982,ucsv_sw07,p05,4.11713531442185
01-Oct-1982,ucsv_sw07,p05,3.5349138456629
01-Jan-1983,ucsv_sw07,p05,2.94806789053789
01-Apr-1983,ucsv_sw07,p05,3.0203490174204
01-Jul-1983,ucsv_sw07,p05,3.25353437326755
01-Oct-1983,ucsv_sw07,p05,2.66181850907553
01-Jan-1984,ucsv_sw07,p05,2.95864414164596
01-Apr-1984,ucsv_sw07,p05,2.8010699961614
01-Jul-1984,ucsv_sw07,p05,2.48922552852126
01-Oct-1984,ucsv_sw07,p05,2.32615248867502
01-Jan-1985,ucsv_sw07,p05,2.67053547690843
01-Apr-1985,ucsv_sw07,p05,2.45462567146792
01-Jul-1985,ucsv_sw07,p05,2.18579834297918
01-Oct-1985,ucsv_sw07,p05,1.90822384254081
01-Jan-1986,ucsv_sw07,p05,1.57284204105478
01-Apr-1986,ucsv_sw07,p05,0.290263343234286
01-Jul-1986,ucsv_sw07,p05,1.34365759919777
01-Oct-1986,ucsv_sw07,p05,1.89022335644466
01-Jan-1987,ucsv_sw07,p05,2.49995478298012
01-Apr-1987,ucsv_sw07,p05,2.7550972593262
01-Jul-1987,ucsv_sw07,p05,2.86459611339028
01-Oct-1987,ucsv_sw07,p05,2.87821160195143
01-Jan-1988,ucsv_sw07,p05,2.92904663919148
01-Apr-1988,ucsv_sw07,p05,3.29878356191206
01-Jul-1988,ucsv_sw07,p05,3.46815712661582
01-Oct-1988,ucsv_sw07,p05,3.43006235408987
01-Jan-1989,ucsv_sw07,p05,3.4701399450311
01-Apr-1989,ucsv_sw07,p05,3.40346966794506
01-Jul-1989,ucsv_sw07,p05,2.79581470162088
01-Oct-1989,ucsv_sw07,p05,3.02115667845402
01-Jan-1990,ucsv_sw07,p05,3.32760716596408
01-Apr-1990,ucsv_sw07,p05,3.20002445185941
01-Jul-1990,ucsv_sw07,p05,3.18017578162634
01-Oct-1990,ucsv_sw07,p05,2.99537525307665
01-Jan-1991,ucsv_sw07,p05,2.2638542313295
01-Apr-1991,ucsv_sw07,p05,2.06701906723278
01-Jul-1991,ucsv_sw07,p05,2.17573099859336
01-Oct-1991,ucsv_sw07,p05,2.1991719564122
01-Jan-1992,ucsv_sw07,p05,2.1234189092339
01-Apr-1992,ucsv_sw07,p05,2.12745412671496
01-Jul-1992,ucsv_sw07,p05,2.102008217452
01-Oct-1992,ucsv_sw07,p05,2.10117666469362
01-Jan-1993,ucsv_sw07,p05,1.991756901529
01-Apr-1993,ucsv_sw07,p05,1.93846983460163
01-Jul-1993,ucsv_sw07,p05,1.69116161160166
01-Oct-1993,ucsv_sw07,p05,1.69613572745198
01-Jan-1994,ucsv_sw07,p05,1.51685305727003
01-Apr-1994,ucsv_sw07,p05,1.72506158579452
01-Jul-1994,ucsv_sw07,p05,1.81924932528434
01-Oct-1994,ucsv_sw07,p05,1.67660802434645
01-Jan-1995,ucsv_sw07,p05,1.64449171922371
01-Apr-1995,ucsv_sw07,p05,1.65094604244066
01-Jul-1995,ucsv_sw07,p05,1.49700418859091
01-Oct-1995,ucsv_sw07,p05,1.5303448402838
01-Jan-1996,ucsv_sw07,p05,1.65055906004843
01-Apr-1996,ucsv_sw07,p05,1.69022266406692
01-Jul-1996,ucsv_sw07,p05,1.53639741525954
01-Oct-1996,ucsv_sw07,p05,1.52671058954126
01-Jan-1997,ucsv_sw07,p05,1.25073518362374
01-Apr-1997,ucsv_sw07,p05,0.856552038443845
01-Jul-1997,ucsv_sw07,p05,0.699358593246749
01-Oct-1997,ucsv_sw07,p05,0.576621341586642
01-Jan-1998,ucsv_sw07,p05,0.161647189905073
01-Apr-1998,ucsv_sw07,p05,0.368182788005056
01-Jul-1998,ucsv_sw07,p05,0.608110870241719
01-Oct-1998,ucsv_sw07,p05,0.671446986800577
01-Jan-1999,ucsv_sw07,p05,0.791599203749342
01-Apr-1999,ucsv_sw07,p05,1.2825353319629
01-Jul-1999,ucsv_sw07,p05,1.47617466342186
01-Oct-1999,ucsv_sw07,p05,1.63239857928583
01-Jan-2000,ucsv_sw07,p05,1.72948334354063
01-Apr-2000,ucsv_sw07,p05,1.65869472273835
01-Jul-2000,ucsv_sw07,p05,1.64683034132498
01-Oct-2000,ucsv_sw07,p05,1.58817630160774
01-Jan-2001,ucsv_sw07,p05,1.50965726642912
01-Apr-2001,ucsv_sw07,p05,1.1748078673104
01-Jul-2001,ucsv_sw07,p05,0.4926787732111
01-Oct-2001,ucsv_sw07,p05,0.372881539358753
01-Jan-2002,ucsv_sw07,p05,0.763605692592651
01-Apr-2002,ucsv_sw07,p05,1.2579304387016
01-Jul-2002,ucsv_sw07,p05,1.33563147362311
01-Oct-2002,ucsv_sw07,p05,1.36327331875758
01-Jan-2003,ucsv_sw07,p05,1.44507886326344
01-Apr-2003,ucsv_sw07,p05,1.23569183606098
01-Jul-2003,ucsv_sw07,p05,1.53041584915556
01-Oct-2003,ucsv_sw07,p05,1.64767818330401
01-Jan-2004,ucsv_sw07,p05,1.79722717119664
01-Apr-2004,ucsv_sw07,p05,1.83499704911386
01-Jul-2004,ucsv_sw07,p05,1.8319540059911
01-Oct-2004,ucsv_sw07,p05,1.93845594665171
01-Jan-2005,ucsv_sw07,p05,1.93167946112751
01-Apr-2005,ucsv_sw07,p05,1.97516655097358
01-Jul-2005,ucsv_sw07,p05,2.0252631778787
01-Oct-2005,ucsv_sw07,p05,1.98112511168388
01-Jan-2006,ucsv_sw07,p05,1.88830322527723
01-Apr-2006,ucsv_sw07,p05,1.86461413152071
01-Jul-2006,ucsv_sw07,p05,1.73581688731406
01-Oct-2006,ucsv_sw07,p05,1.27706193891295
01-Jan-2007,ucsv_sw07,p05,1.67214688294897
01-Apr-2007,ucsv_sw07,p05,1.65690315137554
01-Jul-2007,ucsv_sw07,p05,1.59596284646416
01-Oct-2007,ucsv_sw07,p05,1.5720776141794
01-Jan-2008,ucsv_sw07,p05,1.46424656066992
01-Apr-2008,ucsv_sw07,p05,1.32149884763427
01-Jul-2008,ucsv_sw07,p05,1.04804213490581
01-Oct-2008,ucsv_sw07,p05,-3.70663004826456
01-Jan-2009,ucsv_sw07,p05,-1.64300830168387
01-Apr-2009,ucsv_sw07,p05,0.677242542463271
01-Jul-2009,ucsv_sw07,p05,0.91346086697657
01-Oct-2009,ucsv_sw07,p05,1.0157225931506
01-Jan-2010,ucsv_sw07,p05,0.90045746028845
01-Apr-2010,ucsv_sw07,p05,0.783824217175543
01-Jul-2010,ucsv_sw07,p05,0.922044151899796
01-Oct-2010,ucsv_sw07,p05,1.24826054440344
01-Jan-2011,ucsv_sw07,p05,1.35787491141128
01-Apr-2011,ucsv_sw07,p05,1.36948469242604
01-Jul-2011,ucsv_sw07,p05,1.23907566507373
01-Oct-2011,ucsv_sw07,p05,1.1007612158543
01-Jan-2012,ucsv_sw07,p05,1.06745452508957
01-Apr-2012,ucsv_sw07,p05,0.872546019176603
01-Jul-2012,ucsv_sw07,p05,0.836586683145646
01-Oct-2012,ucsv_sw07,p05,0.87817758627212
01-Jan-2013,ucsv_sw07,p05,0.72054391147963
01-Apr-2013,ucsv_sw07,p05,0.457953764874229
01-Jul-2013,ucsv_sw07,p05,0.64233726333797
01-Oct-2013,ucsv_sw07,p05,0.638873804278196
01-Jan-2014,ucsv_sw07,p05,0.618987653029046
01-Apr-2014,ucsv_sw07,p05,0.496625335932205
01-Jul-2014,ucsv_sw07,p05,0.16028925483205
01-Oct-2014,ucsv_sw07,p05,-0.471923608883088
01-Jan-2015,ucsv_sw07,p05,-0.900786769100122
01-Apr-2015,ucsv_sw07,p05,-0.023557462166481
01-Jul-2015,ucsv_sw07,p05,-0.0122578477504543
01-Oct-2015,ucsv_sw07,p05,-0.219196151483601
01-Jan-2016,ucsv_sw07,p05,0.084077333819321
01-Apr-2016,ucsv_sw07,p05,0.674479981913679
01-Jul-2016,ucsv_sw07,p05,0.751514517020422
01-Oct-2016,ucsv_sw07,p05,0.884439147557527
01-Jan-2017,ucsv_sw07,p05,0.977632516901584
01-Apr-2017,ucsv_sw07,p05,0.724166297176763
01-Jul-2017,ucsv_sw07,p05,0.936409884995145
01-Oct-2017,ucsv_sw07,p05,1.2482829370147
01-Jan-2018,ucsv_sw07,p05,1.34311405728338
01-Apr-2018,ucsv_sw07,p05,1.18514563640344
01-Jul-2018,ucsv_sw07,p05,0.867512379434645
01-Oct-2018,ucsv_sw07,p05,0.748246674699445
01-Jan-2019,ucsv_sw07,p05,0.513206455793111
01-Apr-2019,ucsv_sw07,p05,0.803813924774839
01-Jul-2019,ucsv_sw07,p05,0.448900087354438
01-Oct-2019,ucsv_sw07,p05,0.46492501935567
01-Jan-2020,ucsv_sw07,p05,0.217368348462496
01-Apr-2020,ucsv_sw07,p05,-1.47513300979346
01-Jul-2020,ucsv_sw07,p05,1.16391541052266
01-Oct-2020,ucsv_sw07,p05,1.61858313846045
01-Jan-2021,ucsv_sw07,p05,3.17772576103408
01-Apr-2021,ucsv_sw07,p05,4.29098301622334
01-Jul-2021,ucsv_sw07,p05,4.6541816249754
01-Oct-2021,ucsv_sw07,p05,5.3190785762038
01-Jan-2022,ucsv_sw07,p05,5.62325696828287
01-Apr-2022,ucsv_sw07,p05,5.30394300954386
01-Jul-2022,ucsv_sw07,p05,4.05701719476559
01-Oct-2022,ucsv_sw07,p05,3.3785523338343
01-Jan-2023,ucsv_sw07,p05,2.94054403318916
01-Apr-2023,ucsv_sw07,p05,2.31662948678831
01-Jul-2023,ucsv_sw07,p05,1.97940936881022
01-Oct-2023,ucsv_sw07,p05,1.54851243580527
01-Jan-2024,ucsv_sw07,p05,2.16124498519717
01-Apr-2024,ucsv_sw07,p05,1.83362911820097
01-Jul-2024,ucsv_sw07,p05,1.38216814142321
01-Oct-2024,ucsv_sw07,p05,1.82118487228302
01-Jan-2025,ucsv_sw07,p05,2.19337538211004
01-Apr-2025,ucsv_sw07,p05,1.77148889637018
01-Jul-2025,ucsv_sw07,p05,2.11501300184333
01-Oct-2025,ucsv_sw07,p05,2.43401350265919
01-Jan-2026,ucsv_sw07,p05,3.29864828520925
01-Apr-2026,ucsv_sw07,p05,3.59363133782795
01-Apr-1947,ucsv_sw07,p16,2.22633387084152
01-Jul-1947,ucsv_sw07,p16,3.32588237593972
01-Oct-1947,ucsv_sw07,p16,3.38945958419376
01-Jan-1948,ucsv_sw07,p16,2.92940378287011
01-Apr-1948,ucsv_sw07,p16,2.53922773602668
01-Jul-1948,ucsv_sw07,p16,2.27203596504612
01-Oct-1948,ucsv_sw07,p16,-1.4658171851043
01-Jan-1949,ucsv_sw07,p16,-3.38378891683252
01-Apr-1949,ucsv_sw07,p16,-2.98666411804409
01-Jul-1949,ucsv_sw07,p16,-2.71022813895509
01-Oct-1949,ucsv_sw07,p16,-1.21549716891703
01-Jan-1950,ucsv_sw07,p16,-1.00041237536787
01-Apr-1950,ucsv_sw07,p16,1.30054091832573
01-Jul-1950,ucsv_sw07,p16,2.80363756549247
01-Oct-1950,ucsv_sw07,p16,3.01232197025388
01-Jan-1951,ucsv_sw07,p16,3.02974037159107
01-Apr-1951,ucsv_sw07,p16,2.35730246155644
01-Jul-1951,ucsv_sw07,p16,0.58635785081265
01-Oct-1951,ucsv_sw07,p16,2.03584495478004
01-Jan-1952,ucsv_sw07,p16,1.10757711189118
01-Apr-1952,ucsv_sw07,p16,-0.0765380725500717
01-Jul-1952,ucsv_sw07,p16,1.06506701818024
01-Oct-1952,ucsv_sw07,p16,0.452277312680263
01-Jan-1953,ucsv_sw07,p16,0.704449968721411
01-Apr-1953,ucsv_sw07,p16,0.431425496339003
01-Jul-1953,ucsv_sw07,p16,0.957047154427141
01-Oct-1953,ucsv_sw07,p16,0.833321723632082
01-Jan-1954,ucsv_sw07,p16,0.591175904542069
01-Apr-1954,ucsv_sw07,p16,-0.596869549151223
01-Jul-1954,ucsv_sw07,p16,-1.16509550773679
01-Oct-1954,ucsv_sw07,p16,-0.552342529255166
01-Jan-1955,ucsv_sw07,p16,0.266389545847435
01-Apr-1955,ucsv_sw07,p16,0.29864274478803
01-Jul-1955,ucsv_sw07,p16,0.801310398476365
01-Oct-1955,ucsv_sw07,p16,0.914416055805064
01-Jan-1956,ucsv_sw07,p16,1.35928955930959
01-Apr-1956,ucsv_sw07,p16,1.90022627380741
01-Jul-1956,ucsv_sw07,p16,2.25878774203371
01-Oct-1956,ucsv_sw07,p16,2.16517604580703
01-Jan-1957,ucsv_sw07,p16,2.30259760658483
01-Apr-1957,ucsv_sw07,p16,2.16523736677691
01-Jul-1957,ucsv_sw07,p16,2.14638187838395
01-Oct-1957,ucsv_sw07,p16,1.93100858611895
01-Jan-1958,ucsv_sw07,p16,1.91991922702161
01-Apr-1958,ucsv_sw07,p16,1.12930489045308
01-Jul-1958,ucsv_sw07,p16,0.640922268455775
01-Oct-1958,ucsv_sw07,p16,0.601613922265257
01-Jan-1959,ucsv_sw07,p16,1.30048910942273
01-Apr-1959,ucsv_sw07,p16,1.31119506066843
01-Jul-1959,ucsv_sw07,p16,1.4064033531407
01-Oct-1959,ucsv_sw07,p16,1.31589935401557
01-Jan-1960,ucsv_sw07,p16,0.995367052530924
01-Apr-1960,ucsv_sw07,p16,1.16920851112737
01-Jul-1960,ucsv_sw07,p16,1.07520296974449
01-Oct-1960,ucsv_sw07,p16,0.977875338198379
01-Jan-1961,ucsv_sw07,p16,0.644872618586893
01-Apr-1961,ucsv_sw07,p16,0.405630523838261
01-Jul-1961,ucsv_sw07,p16,0.723273190575889
01-Oct-1961,ucsv_sw07,p16,0.651338639774198
01-Jan-1962,ucsv_sw07,p16,0.963263916144277
01-Apr-1962,ucsv_sw07,p16,0.973664618421908
01-Jul-1962,ucsv_sw07,p16,0.908995854970527
01-Oct-1962,ucsv_sw07,p16,0.919728017373251
01-Jan-1963,ucsv_sw07,p16,0.892276349049849
01-Apr-1963,ucsv_sw07,p16,0.840620259606913
01-Jul-1963,ucsv_sw07,p16,1.18372743922287
01-Oct-1963,ucsv_sw07,p16,1.19564003285011
01-Jan-1964,ucsv_sw07,p16,1.23430960045642
01-Apr-1964,ucsv_sw07,p16,0.950279663190368
01-Jul-1964,ucsv_sw07,p16,1.05055861362573
01-Oct-1964,ucsv_sw07,p16,1.08916520762329
01-Jan-1965,ucsv_sw07,p16,1.16656684720813
01-Apr-1965,ucsv_sw07,p16,1.42986356585104
01-Jul-1965,ucsv_sw07,p16,1.34613203882117
01-Oct-1965,ucsv_sw07,p16,1.38042549600227
01-Jan-1966,ucsv_sw07,p16,2.22350053510038
01-Apr-1966,ucsv_sw07,p16,2.50002451072478
01-Jul-1966,ucsv_sw07,p16,2.51081844473302
01-Oct-1966,ucsv_sw07,p16,2.38058670541712
01-Jan-1967,ucsv_sw07,p16,1.45150365651771
01-Apr-1967,ucsv_sw07,p16,1.91495898499461
01-Jul-1967,ucsv_sw07,p16,2.91856583250618
01-Oct-1967,ucsv_sw07,p16,3.20511628143855
01-Jan-1968,ucsv_sw07,p16,3.64101811536713
01-Apr-1968,ucsv_sw07,p16,3.7317327771165
01-Jul-1968,ucsv_sw07,p16,3.84131988257731
01-Oct-1968,ucsv_sw07,p16,3.98169768694285
01-Jan-1969,ucsv_sw07,p16,3.88883105371887
01-Apr-1969,ucsv_sw07,p16,4.39938877074594
01-Jul-1969,ucsv_sw07,p16,4.4308105148067
01-Oct-1969,ucsv_sw07,p16,4.30975811743979
01-Jan-1970,ucsv_sw07,p16,4.23857520915295
01-Apr-1970,ucsv_sw07,p16,4.08445491616904
01-Jul-1970,ucsv_sw07,p16,3.82709400232793
01-Oct-1970,ucsv_sw07,p16,4.24690366628869
01-Jan-1971,ucsv_sw07,p16,3.70796107647245
01-Apr-1971,ucsv_sw07,p16,3.85862858527069
01-Jul-1971,ucsv_sw07,p16,3.41480884433641
01-Oct-1971,ucsv_sw07,p16,2.53327300479213
01-Jan-1972,ucsv_sw07,p16,3.21890863135381
01-Apr-1972,ucsv_sw07,p16,2.3050880760515
01-Jul-1972,ucsv_sw07,p16,2.96784639316281
01-Oct-1972,ucsv_sw07,p16,3.0654672428793
01-Jan-1973,ucsv_sw07,p16,4.4747505400967
01-Apr-1973,ucsv_sw07,p16,6.58757040263824
01-Jul-1973,ucsv_sw07,p16,6.89795355259871
01-Oct-1973,ucsv_sw07,p16,7.88871610890714
01-Jan-1974,ucsv_sw07,p16,10.4151254166792
01-Apr-1974,ucsv_sw07,p16,10.4314254293306
01-Jul-1974,ucsv_sw07,p16,9.95752735543027
01-Oct-1974,ucsv_sw07,p16,9.10704624128311
01-Jan-1975,ucsv_sw07,p16,6.94384671030279
01-Apr-1975,ucsv_sw07,p16,4.88457233429334
01-Jul-1975,ucsv_sw07,p16,6.3684726060639
01-Oct-1975,ucsv_sw07,p16,5.81247471601636
01-Jan-1976,ucsv_sw07,p16,4.15496277857061
01-Apr-1976,ucsv_sw07,p16,3.38454107918953
01-Jul-1976,ucsv_sw07,p16,5.27137266465979
01-Oct-1976,ucsv_sw07,p16,5.7754868858732
01-Jan-1977,ucsv_sw07,p16,6.32036306634176
01-Apr-1977,ucsv_sw07,p16,6.1391614355564
01-Jul-1977,ucsv_sw07,p16,5.6486250712682
01-Oct-1977,ucsv_sw07,p16,5.4546170199025
01-Jan-1978,ucsv_sw07,p16,6.13055518255223
01-Apr-1978,ucsv_sw07,p16,7.0521459135331
01-Jul-1978,ucsv_sw07,p16,6.74980400808965
01-Oct-1978,ucsv_sw07,p16,7.08972814472108
01-Jan-1979,ucsv_sw07,p16,7.45444296659989
01-Apr-1979,ucsv_sw07,p16,9.24229189444568
01-Jul-1979,ucsv_sw07,p16,9.28591362309601
01-Oct-1979,ucsv_sw07,p16,9.34841552956795
01-Jan-1980,ucsv_sw07,p16,10.0984794823588
01-Apr-1980,ucsv_sw07,p16,9.31594214647865
01-Jul-1980,ucsv_sw07,p16,8.91381043469731
01-Oct-1980,ucsv_sw07,p16,8.94478636141349
01-Jan-1981,ucsv_sw07,p16,8.57790035359146
01-Apr-1981,ucsv_sw07,p16,6.6524740662586
01-Jul-1981,ucsv_sw07,p16,6.01584780248243
01-Oct-1981,ucsv_sw07,p16,5.40252756281612
01-Jan-1982,ucsv_sw07,p16,4.63957688685844
01-Apr-1982,ucsv_sw07,p16,4.03030548786817
01-Jul-1982,ucsv_sw07,p16,4.54547319488562
01-Oct-1982,ucsv_sw07,p16,3.91846474832403
01-Jan-1983,ucsv_sw07,p16,3.32264886944095
01-Apr-1983,ucsv_sw07,p16,3.39568596864368
01-Jul-1983,ucsv_sw07,p16,3.62947351190635
01-Oct-1983,ucsv_sw07,p16,3.03924623322169
01-Jan-1984,ucsv_sw07,p16,3.31492524399545
01-Apr-1984,ucsv_sw07,p16,3.15679578146667
01-Jul-1984,ucsv_sw07,p16,2.83627767917024
01-Oct-1984,ucsv_sw07,p16,2.67868886509551
01-Jan-1985,ucsv_sw07,p16,3.04554134438555
01-Apr-1985,ucsv_sw07,p16,2.78100483570661
01-Jul-1985,ucsv_sw07,p16,2.55490197675236
01-Oct-1985,ucsv_sw07,p16,2.27398643014182
01-Jan-1986,ucsv_sw07,p16,1.94961394377816
01-Apr-1986,ucsv_sw07,p16,0.94513441161827
01-Jul-1986,ucsv_sw07,p16,1.73387397264571
01-Oct-1986,ucsv_sw07,p16,2.22861110741063
01-Jan-1987,ucsv_sw07,p16,2.82046085296291
01-Apr-1987,ucsv_sw07,p16,3.06234601095533
01-Jul-1987,ucsv_sw07,p16,3.16472778031729
01-Oct-1987,ucsv_sw07,p16,3.16741236505077
01-Jan-1988,ucsv_sw07,p16,3.24591695623827
01-Apr-1988,ucsv_sw07,p16,3.60923552042415
01-Jul-1988,ucsv_sw07,p16,3.78159577122851
01-Oct-1988,ucsv_sw07,p16,3.73713091257801
01-Jan-1989,ucsv_sw07,p16,3.78159394748361
01-Apr-1989,ucsv_sw07,p16,3.74106259102647
01-Jul-1989,ucsv_sw07,p16,3.25710054104754
01-Oct-1989,ucsv_sw07,p16,3.3664959901522
01-Jan-1990,ucsv_sw07,p16,3.65650472589499
01-Apr-1990,ucsv_sw07,p16,3.51142071161649
01-Jul-1990,ucsv_sw07,p16,3.51430237302516
01-Oct-1990,ucsv_sw07,p16,3.29470669703961
01-Jan-1991,ucsv_sw07,p16,2.61356882524622
01-Apr-1991,ucsv_sw07,p16,2.36078404121676
01-Jul-1991,ucsv_sw07,p16,2.42508695625601
01-Oct-1991,ucsv_sw07,p16,2.43452669277414
01-Jan-1992,ucsv_sw07,p16,2.34222565727716
01-Apr-1992,ucsv_sw07,p16,2.33637523745126
01-Jul-1992,ucsv_sw07,p16,2.30296653434173
01-Oct-1992,ucsv_sw07,p16,2.29780190636869
01-Jan-1993,ucsv_sw07,p16,2.18125491413148
01-Apr-1993,ucsv_sw07,p16,2.11971331369464
01-Jul-1993,ucsv_sw07,p16,1.87757262394726
01-Oct-1993,ucsv_sw07,p16,1.87781205817202
01-Jan-1994,ucsv_sw07,p16,1.70881044313394
01-Apr-1994,ucsv_sw07,p16,1.91015780188953
01-Jul-1994,ucsv_sw07,p16,1.99922048039052
01-Oct-1994,ucsv_sw07,p16,1.84346763507308
01-Jan-1995,ucsv_sw07,p16,1.81063299442251
01-Apr-1995,ucsv_sw07,p16,1.82324933445288
01-Jul-1995,ucsv_sw07,p16,1.67684810006827
01-Oct-1995,ucsv_sw07,p16,1.70680304505526
01-Jan-1996,ucsv_sw07,p16,1.83329997661776
01-Apr-1996,ucsv_sw07,p16,1.88388365748092
01-Jul-1996,ucsv_sw07,p16,1.73082314899481
01-Oct-1996,ucsv_sw07,p16,1.72991296729315
01-Jan-1997,ucsv_sw07,p16,1.44050980991719
01-Apr-1997,ucsv_sw07,p16,1.05674763978389
01-Jul-1997,ucsv_sw07,p16,0.896296283965983
01-Oct-1997,ucsv_sw07,p16,0.790435741468796
01-Jan-1998,ucsv_sw07,p16,0.410284750542309
01-Apr-1998,ucsv_sw07,p16,0.591012873245745
01-Jul-1998,ucsv_sw07,p16,0.816453757315656
01-Oct-1998,ucsv_sw07,p16,0.892246641230362
01-Jan-1999,ucsv_sw07,p16,1.01603117666862
01-Apr-1999,ucsv_sw07,p16,1.50403123817056
01-Jul-1999,ucsv_sw07,p16,1.71140958160916
01-Oct-1999,ucsv_sw07,p16,1.87588698020764
01-Jan-2000,ucsv_sw07,p16,1.98529123041176
01-Apr-2000,ucsv_sw07,p16,1.88502816303548
01-Jul-2000,ucsv_sw07,p16,1.90449343034839
01-Oct-2000,ucsv_sw07,p16,1.82976447621058
01-Jan-2001,ucsv_sw07,p16,1.76141687005879
01-Apr-2001,ucsv_sw07,p16,1.44372732496606
01-Jul-2001,ucsv_sw07,p16,0.894354670413173
01-Oct-2001,ucsv_sw07,p16,0.797734557118904
01-Jan-2002,ucsv_sw07,p16,1.11376242647499
01-Apr-2002,ucsv_sw07,p16,1.53767411217325
01-Jul-2002,ucsv_sw07,p16,1.59480744081764
01-Oct-2002,ucsv_sw07,p16,1.63977192337029
01-Jan-2003,ucsv_sw07,p16,1.72799468381292
01-Apr-2003,ucsv_sw07,p16,1.57740790336058
01-Jul-2003,ucsv_sw07,p16,1.81388716410711
01-Oct-2003,ucsv_sw07,p16,1.9115985796619
01-Jan-2004,ucsv_sw07,p16,2.05595282358608
01-Apr-2004,ucsv_sw07,p16,2.09088215364804
01-Jul-2004,ucsv_sw07,p16,2.1071078564547
01-Oct-2004,ucsv_sw07,p16,2.21884155603068
01-Jan-2005,ucsv_sw07,p16,2.2175939321091
01-Apr-2005,ucsv_sw07,p16,2.26068594087689
01-Jul-2005,ucsv_sw07,p16,2.32485873435974
01-Oct-2005,ucsv_sw07,p16,2.28367227953169
01-Jan-2006,ucsv_sw07,p16,2.18369671668422
01-Apr-2006,ucsv_sw07,p16,2.17334859797967
01-Jul-2006,ucsv_sw07,p16,2.07999667868047
01-Oct-2006,ucsv_sw07,p16,1.86946769015327
01-Jan-2007,ucsv_sw07,p16,2.01370378905278
01-Apr-2007,ucsv_sw07,p16,2.00460733658585
01-Jul-2007,ucsv_sw07,p16,1.95394001788263
01-Oct-2007,ucsv_sw07,p16,1.93349146651443
01-Jan-2008,ucsv_sw07,p16,1.84368306242155
01-Apr-2008,ucsv_sw07,p16,1.73928751606494
01-Jul-2008,ucsv_sw07,p16,1.53381608234469
01-Oct-2008,ucsv_sw07,p16,0.987816043422812
01-Jan-2009,ucsv_sw07,p16,0.921581399320673
01-Apr-2009,ucsv_sw07,p16,1.22503536043968
01-Jul-2009,ucsv_sw07,p16,1.37651612100523
01-Oct-2009,ucsv_sw07,p16,1.42942700018116
01-Jan-2010,ucsv_sw07,p16,1.34633647555087
01-Apr-2010,ucsv_sw07,p16,1.27460387474945
01-Jul-2010,ucsv_sw07,p16,1.36023907429055
01-Oct-2010,ucsv_sw07,p16,1.58544764188323
01-Jan-2011,ucsv_sw07,p16,1.67607185235445
01-Apr-2011,ucsv_sw07,p16,1.68518457568657
01-Jul-2011,ucsv_sw07,p16,1.54440749539128
01-Oct-2011,ucsv_sw07,p16,1.41672145658463
01-Jan-2012,ucsv_sw07,p16,1.39074147182556
01-Apr-2012,ucsv_sw07,p16,1.18498789277443
01-Jul-2012,ucsv_sw07,p16,1.13973376494505
01-Oct-2012,ucsv_sw07,p16,1.1614010836685
01-Jan-2013,ucsv_sw07,p16,1.0117148296431
01-Apr-2013,ucsv_sw07,p16,0.812522041246944
01-Jul-2013,ucsv_sw07,p16,0.93684458666494
01-Oct-2013,ucsv_sw07,p16,0.946184683846911
01-Jan-2014,ucsv_sw07,p16,0.930481706199151
01-Apr-2014,ucsv_sw07,p16,0.796534123473328
01-Jul-2014,ucsv_sw07,p16,0.502426982911155
01-Oct-2014,ucsv_sw07,p16,-0.0205097906761831
01-Jan-2015,ucsv_sw07,p16,-0.251841879884686
01-Apr-2015,ucsv_sw07,p16,0.337110343299872
01-Jul-2015,ucsv_sw07,p16,0.355418383968509
01-Oct-2015,ucsv_sw07,p16,0.181052254638319
01-Jan-2016,ucsv_sw07,p16,0.446319867122461
01-Apr-2016,ucsv_sw07,p16,0.985914310618414
01-Jul-2016,ucsv_sw07,p16,1.05196791554702
01-Oct-2016,ucsv_sw07,p16,1.1830674367871
01-Jan-2017,ucsv_sw07,p16,1.28203618072866
01-Apr-2017,ucsv_sw07,p16,1.03983462552936
01-Jul-2017,ucsv_sw07,p16,1.25062362533914
01-Oct-2017,ucsv_sw07,p16,1.54722285996201
01-Jan-2018,ucsv_sw07,p16,1.68069159309272
01-Apr-2018,ucsv_sw07,p16,1.48637001692602
01-Jul-2018,ucsv_sw07,p16,1.16295099957625
01-Oct-2018,ucsv_sw07,p16,1.06754701260676
01-Jan-2019,ucsv_sw07,p16,0.827409666809538
01-Apr-2019,ucsv_sw07,p16,1.13737061834298
01-Jul-2019,ucsv_sw07,p16,0.794086740741075
01-Oct-2019,ucsv_sw07,p16,0.850856821532518
01-Jan-2020,ucsv_sw07,p16,0.620672906885577
01-Apr-2020,ucsv_sw07,p16,-0.819957886782926
01-Jul-2020,ucsv_sw07,p16,1.64923464979066
01-Oct-2020,ucsv_sw07,p16,1.98921866005713
01-Jan-2021,ucsv_sw07,p16,3.65347957640571
01-Apr-2021,ucsv_sw07,p16,4.81282832786216
01-Jul-2021,ucsv_sw07,p16,5.08315972376355
01-Oct-2021,ucsv_sw07,p16,5.82919537217727
01-Jan-2022,ucsv_sw07,p16,6.25841603994144
01-Apr-2022,ucsv_sw07,p16,5.89820238134038
01-Jul-2022,ucsv_sw07,p16,4.40742119468713
01-Oct-2022,ucsv_sw07,p16,3.71543479547574
01-Jan-2023,ucsv_sw07,p16,3.27567698820068
01-Apr-2023,ucsv_sw07,p16,2.64074393153493
01-Jul-2023,ucsv_sw07,p16,2.30218401708298
01-Oct-2023,ucsv_sw07,p16,1.81702381920245
01-Jan-2024,ucsv_sw07,p16,2.52697045334889
01-Apr-2024,ucsv_sw07,p16,2.14468578901885
01-Jul-2024,ucsv_sw07,p16,1.64501211311674
01-Oct-2024,ucsv_sw07,p16,2.13274420874544
01-Jan-2025,ucsv_sw07,p16,2.53608449267619
01-Apr-2025,ucsv_sw07,p16,2.0442583346453
01-Jul-2025,ucsv_sw07,p16,2.40613692015945
01-Oct-2025,ucsv_sw07,p16,2.71735577572457
01-Jan-2026,ucsv_sw07,p16,3.758779094832
01-Apr-2026,ucsv_sw07,p16,4.17325630746661
01-Apr-1947,ucsv_sw07,p84,4.57119873873463
01-Jul-1947,ucsv_sw07,p84,7.6989867316464
01-Oct-1947,ucsv_sw07,p84,9.82865718744188
01-Jan-1948,ucsv_sw07,p84,5.70308628186354
01-Apr-1948,ucsv_sw07,p84,5.06357397563471
01-Jul-1948,ucsv_sw07,p84,6.02630413447855
01-Oct-1948,ucsv_sw07,p84,2.12321722727789
01-Jan-1949,ucsv_sw07,p84,1.60549238884351
01-Apr-1949,ucsv_sw07,p84,1.47950215304754
01-Jul-1949,ucsv_sw07,p84,1.48597725567809
01-Oct-1949,ucsv_sw07,p84,1.77913379958009
01-Jan-1950,ucsv_sw07,p84,2.18609136861486
01-Apr-1950,ucsv_sw07,p84,3.41390897371275
01-Jul-1950,ucsv_sw07,p84,8.28848630005671
01-Oct-1950,ucsv_sw07,p84,7.97068464031678
01-Jan-1951,ucsv_sw07,p84,12.2228950493593
01-Apr-1951,ucsv_sw07,p84,4.82510535607903
01-Jul-1951,ucsv_sw07,p84,3.31872996036785
01-Oct-1951,ucsv_sw07,p84,5.09930946422163
01-Jan-1952,ucsv_sw07,p84,2.77261673415264
01-Apr-1952,ucsv_sw07,p84,2.09685545729784
01-Jul-1952,ucsv_sw07,p84,2.67247915713053
01-Oct-1952,ucsv_sw07,p84,1.94577717045629
01-Jan-1953,ucsv_sw07,p84,2.02967051538601
01-Apr-1953,ucsv_sw07,p84,1.81279299777565
01-Jul-1953,ucsv_sw07,p84,2.31825091019459
01-Oct-1953,ucsv_sw07,p84,2.13393364681929
01-Jan-1954,ucsv_sw07,p84,1.93330837306167
01-Apr-1954,ucsv_sw07,p84,0.917097989855806
01-Jul-1954,ucsv_sw07,p84,0.635462833888986
01-Oct-1954,ucsv_sw07,p84,0.843827938686771
01-Jan-1955,ucsv_sw07,p84,1.38462728484805
01-Apr-1955,ucsv_sw07,p84,1.40078089437726
01-Jul-1955,ucsv_sw07,p84,1.80938075502912
01-Oct-1955,ucsv_sw07,p84,1.96725272528657
01-Jan-1956,ucsv_sw07,p84,2.36037865925367
01-Apr-1956,ucsv_sw07,p84,2.96450650315023
01-Jul-1956,ucsv_sw07,p84,3.53262005369424
01-Oct-1956,ucsv_sw07,p84,3.23597883807043
01-Jan-1957,ucsv_sw07,p84,3.46829929435139
01-Apr-1957,ucsv_sw07,p84,3.227317238907
01-Jul-1957,ucsv_sw07,p84,3.27815151577092
01-Oct-1957,ucsv_sw07,p84,3.03872761121728
01-Jan-1958,ucsv_sw07,p84,3.39387788861903
01-Apr-1958,ucsv_sw07,p84,2.28781078906667
01-Jul-1958,ucsv_sw07,p84,1.97046172741124
01-Oct-1958,ucsv_sw07,p84,1.91344976108592
01-Jan-1959,ucsv_sw07,p84,2.26074114198949
01-Apr-1959,ucsv_sw07,p84,2.19295957182176
01-Jul-1959,ucsv_sw07,p84,2.31487076830141
01-Oct-1959,ucsv_sw07,p84,2.1504222000195
01-Jan-1960,ucsv_sw07,p84,1.82458169142622
01-Apr-1960,ucsv_sw07,p84,1.94798478064563
01-Jul-1960,ucsv_sw07,p84,1.81738507528958
01-Oct-1960,ucsv_sw07,p84,1.70719656890833
01-Jan-1961,ucsv_sw07,p84,1.38575592458585
01-Apr-1961,ucsv_sw07,p84,1.2427776822438
01-Jul-1961,ucsv_sw07,p84,1.38583492494587
01-Oct-1961,ucsv_sw07,p84,1.33111783259336
01-Jan-1962,ucsv_sw07,p84,1.5968620772953
01-Apr-1962,ucsv_sw07,p84,1.56355820141728
01-Jul-1962,ucsv_sw07,p84,1.47472712522652
01-Oct-1962,ucsv_sw07,p84,1.47334883497356
01-Jan-1963,ucsv_sw07,p84,1.45402835654726
01-Apr-1963,ucsv_sw07,p84,1.44606170597671
01-Jul-1963,ucsv_sw07,p84,1.77720464375738
01-Oct-1963,ucsv_sw07,p84,1.76177523754661
01-Jan-1964,ucsv_sw07,p84,1.80815331960171
01-Apr-1964,ucsv_sw07,p84,1.54569468815667
01-Jul-1964,ucsv_sw07,p84,1.61148396038268
01-Oct-1964,ucsv_sw07,p84,1.65158810527614
01-Jan-1965,ucsv_sw07,p84,1.74252320569237
01-Apr-1965,ucsv_sw07,p84,2.04068274116917
01-Jul-1965,ucsv_sw07,p84,1.99205904334902
01-Oct-1965,ucsv_sw07,p84,2.14434952104375
01-Jan-1966,ucsv_sw07,p84,3.00722436253779
01-Apr-1966,ucsv_sw07,p84,3.2955076207305
01-Jul-1966,ucsv_sw07,p84,3.23499025339827
01-Oct-1966,ucsv_sw07,p84,3.1044217482716
01-Jan-1967,ucsv_sw07,p84,2.5411021657735
01-Apr-1967,ucsv_sw07,p84,2.78818281358843
01-Jul-1967,ucsv_sw07,p84,3.64676016401246
01-Oct-1967,ucsv_sw07,p84,3.85637320144628
01-Jan-1968,ucsv_sw07,p84,4.31175109780453
01-Apr-1968,ucsv_sw07,p84,4.35760336999754
01-Jul-1968,ucsv_sw07,p84,4.43737547763002
01-Oct-1968,ucsv_sw07,p84,4.58599421098755
01-Jan-1969,ucsv_sw07,p84,4.5420793655426
01-Apr-1969,ucsv_sw07,p84,5.07850678786397
01-Jul-1969,ucsv_sw07,p84,5.06283727197161
01-Oct-1969,ucsv_sw07,p84,4.93241351415693
01-Jan-1970,ucsv_sw07,p84,4.88403849593653
01-Apr-1970,ucsv_sw07,p84,4.73683218365236
01-Jul-1970,ucsv_sw07,p84,4.54777496547602
01-Oct-1970,ucsv_sw07,p84,5.06445370511159
01-Jan-1971,ucsv_sw07,p84,4.4696825885943
01-Apr-1971,ucsv_sw07,p84,4.6495890199724
01-Jul-1971,ucsv_sw07,p84,4.19592290238399
01-Oct-1971,ucsv_sw07,p84,3.53647592422805
01-Jan-1972,ucsv_sw07,p84,4.15847329856698
01-Apr-1972,ucsv_sw07,p84,3.33470219530022
01-Jul-1972,ucsv_sw07,p84,3.86137622209945
01-Oct-1972,ucsv_sw07,p84,4.09614638497846
01-Jan-1973,ucsv_sw07,p84,5.4508383326347
01-Apr-1973,ucsv_sw07,p84,7.70392855211961
01-Jul-1973,ucsv_sw07,p84,7.89199472747781
01-Oct-1973,ucsv_sw07,p84,8.95049020803395
01-Jan-1974,ucsv_sw07,p84,11.7677483694354
01-Apr-1974,ucsv_sw07,p84,11.5316561749183
01-Jul-1974,ucsv_sw07,p84,11.0509226999925
01-Oct-1974,ucsv_sw07,p84,10.257774611626
01-Jan-1975,ucsv_sw07,p84,8.03471328988962
01-Apr-1975,ucsv_sw07,p84,6.35575353179304
01-Jul-1975,ucsv_sw07,p84,7.52541900582646
01-Oct-1975,ucsv_sw07,p84,6.92044602717097
01-Jan-1976,ucsv_sw07,p84,5.33058350577082
01-Apr-1976,ucsv_sw07,p84,4.80849645458553
01-Jul-1976,ucsv_sw07,p84,6.31647110829726
01-Oct-1976,ucsv_sw07,p84,6.77388895570338
01-Jan-1977,ucsv_sw07,p84,7.35981548503757
01-Apr-1977,ucsv_sw07,p84,7.13241901596706
01-Jul-1977,ucsv_sw07,p84,6.63655183313037
01-Oct-1977,ucsv_sw07,p84,6.51191707644248
01-Jan-1978,ucsv_sw07,p84,7.1180237144461
01-Apr-1978,ucsv_sw07,p84,8.16120001395346
01-Jul-1978,ucsv_sw07,p84,7.77966606920558
01-Oct-1978,ucsv_sw07,p84,8.122950991789
01-Jan-1979,ucsv_sw07,p84,8.64187004937205
01-Apr-1979,ucsv_sw07,p84,10.6227862531397
01-Jul-1979,ucsv_sw07,p84,10.3842116636706
01-Oct-1979,ucsv_sw07,p84,10.4582724366551
01-Jan-1980,ucsv_sw07,p84,11.5857269738914
01-Apr-1980,ucsv_sw07,p84,10.4425844029784
01-Jul-1980,ucsv_sw07,p84,10.0395947406309
01-Oct-1980,ucsv_sw07,p84,10.1143740537974
01-Jan-1981,ucsv_sw07,p84,10.0253798022378
01-Apr-1981,ucsv_sw07,p84,7.90812982963574
01-Jul-1981,ucsv_sw07,p84,7.17624299906773
01-Oct-1981,ucsv_sw07,p84,6.54215706700929
01-Jan-1982,ucsv_sw07,p84,5.75443208845583
01-Apr-1982,ucsv_sw07,p84,5.24754537242094
01-Jul-1982,ucsv_sw07,p84,5.83109672153672
01-Oct-1982,ucsv_sw07,p84,4.9972427207343
01-Jan-1983,ucsv_sw07,p84,4.46310049760753
01-Apr-1983,ucsv_sw07,p84,4.46775101644905
01-Jul-1983,ucsv_sw07,p84,4.79653528338233
01-Oct-1983,ucsv_sw07,p84,4.12756436072492
01-Jan-1984,ucsv_sw07,p84,4.34554238214436
01-Apr-1984,ucsv_sw07,p84,4.15307018734501
01-Jul-1984,ucsv_sw07,p84,3.83947002144033
01-Oct-1984,ucsv_sw07,p84,3.71652107865215
01-Jan-1985,ucsv_sw07,p84,4.17534421897193
01-Apr-1985,ucsv_sw07,p84,3.76730605627417
01-Jul-1985,ucsv_sw07,p84,3.54140426003363
01-Oct-1985,ucsv_sw07,p84,3.28332548737723
01-Jan-1986,ucsv_sw07,p84,3.03368660141439
01-Apr-1986,ucsv_sw07,p84,2.68069867767946
01-Jul-1986,ucsv_sw07,p84,2.92157742804245
01-Oct-1986,ucsv_sw07,p84,3.23262273181214
01-Jan-1987,ucsv_sw07,p84,3.76033432740536
01-Apr-1987,ucsv_sw07,p84,3.96515911954953
01-Jul-1987,ucsv_sw07,p84,4.03526660911492
01-Oct-1987,ucsv_sw07,p84,4.02787668250679
01-Jan-1988,ucsv_sw07,p84,4.11871939201956
01-Apr-1988,ucsv_sw07,p84,4.50146361400162
01-Jul-1988,ucsv_sw07,p84,4.7368098344094
01-Oct-1988,ucsv_sw07,p84,4.64018387473726
01-Jan-1989,ucsv_sw07,p84,4.74067716091261
01-Apr-1989,ucsv_sw07,p84,4.75040868251044
01-Jul-1989,ucsv_sw07,p84,4.29065695742809
01-Oct-1989,ucsv_sw07,p84,4.34324672580703
01-Jan-1990,ucsv_sw07,p84,4.79065474217959
01-Apr-1990,ucsv_sw07,p84,4.49419105475513
01-Jul-1990,ucsv_sw07,p84,4.65258155833862
01-Oct-1990,ucsv_sw07,p84,4.41323769279138
01-Jan-1991,ucsv_sw07,p84,3.50053396721904
01-Apr-1991,ucsv_sw07,p84,3.2097503138559
01-Jul-1991,ucsv_sw07,p84,3.13178441120488
01-Oct-1991,ucsv_sw07,p84,3.08080047915275
01-Jan-1992,ucsv_sw07,p84,2.9566695714267
01-Apr-1992,ucsv_sw07,p84,2.90840679621242
01-Jul-1992,ucsv_sw07,p84,2.85596029114136
01-Oct-1992,ucsv_sw07,p84,2.8443560682318
01-Jan-1993,ucsv_sw07,p84,2.71046995196303
01-Apr-1993,ucsv_sw07,p84,2.6439565013044
01-Jul-1993,ucsv_sw07,p84,2.41868277311023
01-Oct-1993,ucsv_sw07,p84,2.39450013143852
01-Jan-1994,ucsv_sw07,p84,2.283281851455
01-Apr-1994,ucsv_sw07,p84,2.41443179025331
01-Jul-1994,ucsv_sw07,p84,2.561494770461
01-Oct-1994,ucsv_sw07,p84,2.34645060510809
01-Jan-1995,ucsv_sw07,p84,2.30253657543242
01-Apr-1995,ucsv_sw07,p84,2.32251209015544
01-Jul-1995,ucsv_sw07,p84,2.19575780328277
01-Oct-1995,ucsv_sw07,p84,2.21084982931244
01-Jan-1996,ucsv_sw07,p84,2.34745790238004
01-Apr-1996,ucsv_sw07,p84,2.48299244084478
01-Jul-1996,ucsv_sw07,p84,2.26655285480472
01-Oct-1996,ucsv_sw07,p84,2.38060300492368
01-Jan-1997,ucsv_sw07,p84,1.9996533034018
01-Apr-1997,ucsv_sw07,p84,1.66054590266119
01-Jul-1997,ucsv_sw07,p84,1.50666115166843
01-Oct-1997,ucsv_sw07,p84,1.40433468794212
01-Jan-1998,ucsv_sw07,p84,1.22024081541055
01-Apr-1998,ucsv_sw07,p84,1.28701249319374
01-Jul-1998,ucsv_sw07,p84,1.45547160310667
01-Oct-1998,ucsv_sw07,p84,1.54046202119669
01-Jan-1999,ucsv_sw07,p84,1.69988843733279
01-Apr-1999,ucsv_sw07,p84,2.15676458741074
01-Jul-1999,ucsv_sw07,p84,2.38125131947113
01-Oct-1999,ucsv_sw07,p84,2.60672607062437
01-Jan-2000,ucsv_sw07,p84,2.82581294105692
01-Apr-2000,ucsv_sw07,p84,2.57546561256991
01-Jul-2000,ucsv_sw07,p84,2.6285244090179
01-Oct-2000,ucsv_sw07,p84,2.56802550413007
01-Jan-2001,ucsv_sw07,p84,2.54547608098044
01-Apr-2001,ucsv_sw07,p84,2.21407353026809
01-Jul-2001,ucsv_sw07,p84,1.99178783963951
01-Oct-2001,ucsv_sw07,p84,1.95681859148587
01-Jan-2002,ucsv_sw07,p84,2.04814028982501
01-Apr-2002,ucsv_sw07,p84,2.31504669224526
01-Jul-2002,ucsv_sw07,p84,2.36377522764434
01-Oct-2002,ucsv_sw07,p84,2.40064703436143
01-Jan-2003,ucsv_sw07,p84,2.50547317965543
01-Apr-2003,ucsv_sw07,p84,2.41361572524153
01-Jul-2003,ucsv_sw07,p84,2.57850940188213
01-Oct-2003,ucsv_sw07,p84,2.64910294742287
01-Jan-2004,ucsv_sw07,p84,2.83630419002274
01-Apr-2004,ucsv_sw07,p84,2.86355976227085
01-Jul-2004,ucsv_sw07,p84,2.87719673667298
01-Oct-2004,ucsv_sw07,p84,3.03839677607333
01-Jan-2005,ucsv_sw07,p84,3.02570336318513
01-Apr-2005,ucsv_sw07,p84,3.11577882742292
01-Jul-2005,ucsv_sw07,p84,3.28650006678909
01-Oct-2005,ucsv_sw07,p84,3.19271019017274
01-Jan-2006,ucsv_sw07,p84,3.09259273645267
01-Apr-2006,ucsv_sw07,p84,3.11710662089362
01-Jul-2006,ucsv_sw07,p84,3.0189801517081
01-Oct-2006,ucsv_sw07,p84,2.91556413446845
01-Jan-2007,ucsv_sw07,p84,3.05601249405659
01-Apr-2007,ucsv_sw07,p84,3.09008728809466
01-Jul-2007,ucsv_sw07,p84,3.02528800192278
01-Oct-2007,ucsv_sw07,p84,3.12001167273221
01-Jan-2008,ucsv_sw07,p84,3.02732996518387
01-Apr-2008,ucsv_sw07,p84,2.95458082262069
01-Jul-2008,ucsv_sw07,p84,2.77625642259432
01-Oct-2008,ucsv_sw07,p84,2.47496041222893
01-Jan-2009,ucsv_sw07,p84,2.42210025444699
01-Apr-2009,ucsv_sw07,p84,2.447095367993
01-Jul-2009,ucsv_sw07,p84,2.54026211419313
01-Oct-2009,ucsv_sw07,p84,2.55784567628536
01-Jan-2010,ucsv_sw07,p84,2.43019434230749
01-Apr-2010,ucsv_sw07,p84,2.37398463309354
01-Jul-2010,ucsv_sw07,p84,2.41035746270592
01-Oct-2010,ucsv_sw07,p84,2.59788359111129
01-Jan-2011,ucsv_sw07,p84,2.77494007960691
01-Apr-2011,ucsv_sw07,p84,2.7997291639731
01-Jul-2011,ucsv_sw07,p84,2.47401779554649
01-Oct-2011,ucsv_sw07,p84,2.30015352065938
01-Jan-2012,ucsv_sw07,p84,2.27151932259959
01-Apr-2012,ucsv_sw07,p84,2.04646556381296
01-Jul-2012,ucsv_sw07,p84,1.96088371522036
01-Oct-2012,ucsv_sw07,p84,1.98373517642013
01-Jan-2013,ucsv_sw07,p84,1.81919564138289
01-Apr-2013,ucsv_sw07,p84,1.69294924774091
01-Jul-2013,ucsv_sw07,p84,1.7670510139146
01-Oct-2013,ucsv_sw07,p84,1.77888119831973
01-Jan-2014,ucsv_sw07,p84,1.80765486844993
01-Apr-2014,ucsv_sw07,p84,1.6901335574996
01-Jul-2014,ucsv_sw07,p84,1.41872541336369
01-Oct-2014,ucsv_sw07,p84,1.16872064218983
01-Jan-2015,ucsv_sw07,p84,1.10646033456424
01-Apr-2015,ucsv_sw07,p84,1.37279334433693
01-Jul-2015,ucsv_sw07,p84,1.33416646217522
01-Oct-2015,ucsv_sw07,p84,1.27951084861008
01-Jan-2016,ucsv_sw07,p84,1.4578544073579
01-Apr-2016,ucsv_sw07,p84,1.93463554862328
01-Jul-2016,ucsv_sw07,p84,1.91791545237422
01-Oct-2016,ucsv_sw07,p84,2.07778631543828
01-Jan-2017,ucsv_sw07,p84,2.18497873947738
01-Apr-2017,ucsv_sw07,p84,1.95101263813504
01-Jul-2017,ucsv_sw07,p84,2.10436561073513
01-Oct-2017,ucsv_sw07,p84,2.48527742285411
01-Jan-2018,ucsv_sw07,p84,2.69034023739145
01-Apr-2018,ucsv_sw07,p84,2.37802185246262
01-Jul-2018,ucsv_sw07,p84,2.05418558877191
01-Oct-2018,ucsv_sw07,p84,1.95559794581898
01-Jan-2019,ucsv_sw07,p84,1.82207784960947
01-Apr-2019,ucsv_sw07,p84,2.16394609200853
01-Jul-2019,ucsv_sw07,p84,1.82800964955132
01-Oct-2019,ucsv_sw07,p84,1.92768774085023
01-Jan-2020,ucsv_sw07,p84,1.78839399926144
01-Apr-2020,ucsv_sw07,p84,1.48008133899834
01-Jul-2020,ucsv_sw07,p84,2.99204093660358
01-Oct-2020,ucsv_sw07,p84,3.28627526445938
01-Jan-2021,ucsv_sw07,p84,4.83128276235282
01-Apr-2021,ucsv_sw07,p84,6.06758559843804
01-Jul-2021,ucsv_sw07,p84,6.15565526241915
01-Oct-2021,ucsv_sw07,p84,6.96337199053986
01-Jan-2022,ucsv_sw07,p84,7.59145110610565
01-Apr-2022,ucsv_sw07,p84,7.26190720664597
01-Jul-2022,ucsv_sw07,p84,5.4110819425872
01-Oct-2022,ucsv_sw07,p84,4.65118954942863
01-Jan-2023,ucsv_sw07,p84,4.17904626656176
01-Apr-2023,ucsv_sw07,p84,3.5326958489889
01-Jul-2023,ucsv_sw07,p84,3.14864854042307
01-Oct-2023,ucsv_sw07,p84,2.82207356266837
01-Jan-2024,ucsv_sw07,p84,3.49218970039304
01-Apr-2024,ucsv_sw07,p84,2.96708731247774
01-Jul-2024,ucsv_sw07,p84,2.60682690604037
01-Oct-2024,ucsv_sw07,p84,2.93282136567549
01-Jan-2025,ucsv_sw07,p84,3.40813007907622
01-Apr-2025,ucsv_sw07,p84,2.94245904861595
01-Jul-2025,ucsv_sw07,p84,3.22404118380211
01-Oct-2025,ucsv_sw07,p84,3.58748831486287
01-Jan-2026,ucsv_sw07,p84,4.6710647683223
01-Apr-2026,ucsv_sw07,p84,5.28020053707838
01-Apr-1947,ucsv_sw07,p95,5.61824750236648
01-Jul-1947,ucsv_sw07,p95,8.40846933037878
01-Oct-1947,ucsv_sw07,p95,10.4216429810697
01-Jan-1948,ucsv_sw07,p95,6.71331546480619
01-Apr-1948,ucsv_sw07,p95,6.00973713752067
01-Jul-1948,ucsv_sw07,p95,6.59632677937556
01-Oct-1948,ucsv_sw07,p95,3.31924154018254
01-Jan-1949,ucsv_sw07,p95,2.95104008971343
01-Apr-1949,ucsv_sw07,p95,2.84851815974089
01-Jul-1949,ucsv_sw07,p95,2.82046589865358
01-Oct-1949,ucsv_sw07,p95,2.9941723084039
01-Jan-1950,ucsv_sw07,p95,3.26520778615162
01-Apr-1950,ucsv_sw07,p95,4.3715286465451
01-Jul-1950,ucsv_sw07,p95,8.89690873747524
01-Oct-1950,ucsv_sw07,p95,8.8630605507231
01-Jan-1951,ucsv_sw07,p95,12.8045773447863
01-Apr-1951,ucsv_sw07,p95,5.83339646903686
01-Jul-1951,ucsv_sw07,p95,4.31088559998941
01-Oct-1951,ucsv_sw07,p95,5.62989505522864
01-Jan-1952,ucsv_sw07,p95,3.52077932942904
01-Apr-1952,ucsv_sw07,p95,2.78337468507055
01-Jul-1952,ucsv_sw07,p95,3.15831637945795
01-Oct-1952,ucsv_sw07,p95,2.51023112646695
01-Jan-1953,ucsv_sw07,p95,2.51387824005961
01-Apr-1953,ucsv_sw07,p95,2.31763935702066
01-Jul-1953,ucsv_sw07,p95,2.74140177860294
01-Oct-1953,ucsv_sw07,p95,2.58526167321772
01-Jan-1954,ucsv_sw07,p95,2.35666607165069
01-Apr-1954,ucsv_sw07,p95,1.44125816896223
01-Jul-1954,ucsv_sw07,p95,1.24154017713789
01-Oct-1954,ucsv_sw07,p95,1.36036237096273
01-Jan-1955,ucsv_sw07,p95,1.74291074047475
01-Apr-1955,ucsv_sw07,p95,1.7899889971593
01-Jul-1955,ucsv_sw07,p95,2.1843677054735
01-Oct-1955,ucsv_sw07,p95,2.33729375607132
01-Jan-1956,ucsv_sw07,p95,2.74120832574177
01-Apr-1956,ucsv_sw07,p95,3.323833514315
01-Jul-1956,ucsv_sw07,p95,3.92077139865151
01-Oct-1956,ucsv_sw07,p95,3.60091245648832
01-Jan-1957,ucsv_sw07,p95,3.84423296209277
01-Apr-1957,ucsv_sw07,p95,3.60624662387977
01-Jul-1957,ucsv_sw07,p95,3.65198351826712
01-Oct-1957,ucsv_sw07,p95,3.41192973648072
01-Jan-1958,ucsv_sw07,p95,4.1070471047989
01-Apr-1958,ucsv_sw07,p95,2.68424941683788
01-Jul-1958,ucsv_sw07,p95,2.34614588676158
01-Oct-1958,ucsv_sw07,p95,2.24792795869495
01-Jan-1959,ucsv_sw07,p95,2.61694486505491
01-Apr-1959,ucsv_sw07,p95,2.49910191793517
01-Jul-1959,ucsv_sw07,p95,2.6516680366307
01-Oct-1959,ucsv_sw07,p95,2.4563955418937
01-Jan-1960,ucsv_sw07,p95,2.10963779175189
01-Apr-1960,ucsv_sw07,p95,2.23581028028103
01-Jul-1960,ucsv_sw07,p95,2.08460787284796
01-Oct-1960,ucsv_sw07,p95,1.96891221208593
01-Jan-1961,ucsv_sw07,p95,1.62685126612109
01-Apr-1961,ucsv_sw07,p95,1.47460823210426
01-Jul-1961,ucsv_sw07,p95,1.61420077115818
01-Oct-1961,ucsv_sw07,p95,1.54837284883393
01-Jan-1962,ucsv_sw07,p95,1.81817393835204
01-Apr-1962,ucsv_sw07,p95,1.77980231879936
01-Jul-1962,ucsv_sw07,p95,1.6742224660279
01-Oct-1962,ucsv_sw07,p95,1.66758238623406
01-Jan-1963,ucsv_sw07,p95,1.64715154817833
01-Apr-1963,ucsv_sw07,p95,1.63998857501067
01-Jul-1963,ucsv_sw07,p95,1.9883785143641
01-Oct-1963,ucsv_sw07,p95,1.95231232234424
01-Jan-1964,ucsv_sw07,p95,2.0078177035185
01-Apr-1964,ucsv_sw07,p95,1.75602891515114
01-Jul-1964,ucsv_sw07,p95,1.80721079052013
01-Oct-1964,ucsv_sw07,p95,1.85009308299336
01-Jan-1965,ucsv_sw07,p95,1.95908621543174
01-Apr-1965,ucsv_sw07,p95,2.25127720381065
01-Jul-1965,ucsv_sw07,p95,2.22621535268637
01-Oct-1965,ucsv_sw07,p95,2.41258610219599
01-Jan-1966,ucsv_sw07,p95,3.23598773227238
01-Apr-1966,ucsv_sw07,p95,3.52901179314542
01-Jul-1966,ucsv_sw07,p95,3.4647416758548
01-Oct-1966,ucsv_sw07,p95,3.32565332845127
01-Jan-1967,ucsv_sw07,p95,2.89226697928369
01-Apr-1967,ucsv_sw07,p95,3.10178042098294
01-Jul-1967,ucsv_sw07,p95,3.86670693736079
01-Oct-1967,ucsv_sw07,p95,4.09623677326695
01-Jan-1968,ucsv_sw07,p95,4.52652938322314
01-Apr-1968,ucsv_sw07,p95,4.56930226693898
01-Jul-1968,ucsv_sw07,p95,4.66063237498764
01-Oct-1968,ucsv_sw07,p95,4.79484075911444
01-Jan-1969,ucsv_sw07,p95,4.77381463433405
01-Apr-1969,ucsv_sw07,p95,5.29679478361787
01-Jul-1969,ucsv_sw07,p95,5.28568886574618
01-Oct-1969,ucsv_sw07,p95,5.1483517911621
01-Jan-1970,ucsv_sw07,p95,5.10684522486323
01-Apr-1970,ucsv_sw07,p95,4.98548231466637
01-Jul-1970,ucsv_sw07,p95,4.81444646277501
01-Oct-1970,ucsv_sw07,p95,5.30608952322927
01-Jan-1971,ucsv_sw07,p95,4.75904524651846
01-Apr-1971,ucsv_sw07,p95,4.91245971754729
01-Jul-1971,ucsv_sw07,p95,4.49137350509761
01-Oct-1971,ucsv_sw07,p95,3.90843414749646
01-Jan-1972,ucsv_sw07,p95,4.43351403052897
01-Apr-1972,ucsv_sw07,p95,3.75609950116931
01-Jul-1972,ucsv_sw07,p95,4.2044134550145
01-Oct-1972,ucsv_sw07,p95,4.53554102613317
01-Jan-1973,ucsv_sw07,p95,5.86015125145329
01-Apr-1973,ucsv_sw07,p95,8.03281061368521
01-Jul-1973,ucsv_sw07,p95,8.30460939149366
01-Oct-1973,ucsv_sw07,p95,9.39901783324569
01-Jan-1974,ucsv_sw07,p95,12.0738895412462
01-Apr-1974,ucsv_sw07,p95,11.9000193174349
01-Jul-1974,ucsv_sw07,p95,11.430640252411
01-Oct-1974,ucsv_sw07,p95,10.6099511775968
01-Jan-1975,ucsv_sw07,p95,8.46551866441615
01-Apr-1975,ucsv_sw07,p95,7.01555641963496
01-Jul-1975,ucsv_sw07,p95,7.86654837195132
01-Oct-1975,ucsv_sw07,p95,7.30412200994396
01-Jan-1976,ucsv_sw07,p95,5.85516109935186
01-Apr-1976,ucsv_sw07,p95,5.46758543782575
01-Jul-1976,ucsv_sw07,p95,6.66467925574795
01-Oct-1976,ucsv_sw07,p95,7.12986782076849
01-Jan-1977,ucsv_sw07,p95,7.69257344033904
01-Apr-1977,ucsv_sw07,p95,7.47996733787813
01-Jul-1977,ucsv_sw07,p95,7.02376453161636
01-Oct-1977,ucsv_sw07,p95,6.95968517712178
01-Jan-1978,ucsv_sw07,p95,7.50336853357555
01-Apr-1978,ucsv_sw07,p95,8.50346973329266
01-Jul-1978,ucsv_sw07,p95,8.18814213044776
01-Oct-1978,ucsv_sw07,p95,8.53499422086818
01-Jan-1979,ucsv_sw07,p95,9.1034468850278
01-Apr-1979,ucsv_sw07,p95,10.9730340826966
01-Jul-1979,ucsv_sw07,p95,10.7692761463929
01-Oct-1979,ucsv_sw07,p95,10.8794207378977
01-Jan-1980,ucsv_sw07,p95,11.9710573478678
01-Apr-1980,ucsv_sw07,p95,10.8807940339922
01-Jul-1980,ucsv_sw07,p95,10.4752359848884
01-Oct-1980,ucsv_sw07,p95,10.5108045849266
01-Jan-1981,ucsv_sw07,p95,10.4254885400694
01-Apr-1981,ucsv_sw07,p95,8.37074863719654
01-Jul-1981,ucsv_sw07,p95,7.59276486054928
01-Oct-1981,ucsv_sw07,p95,6.92156836776592
01-Jan-1982,ucsv_sw07,p95,6.17609084560339
01-Apr-1982,ucsv_sw07,p95,5.67503242905825
01-Jul-1982,ucsv_sw07,p95,6.2474843984562
01-Oct-1982,ucsv_sw07,p95,5.37735717176377
01-Jan-1983,ucsv_sw07,p95,4.85204301484414
01-Apr-1983,ucsv_sw07,p95,4.83346371583589
01-Jul-1983,ucsv_sw07,p95,5.19352060898206
01-Oct-1983,ucsv_sw07,p95,4.50822536554509
01-Jan-1984,ucsv_sw07,p95,4.67639066085632
01-Apr-1984,ucsv_sw07,p95,4.48045245020549
01-Jul-1984,ucsv_sw07,p95,4.17282912099
01-Oct-1984,ucsv_sw07,p95,4.05651596263291
01-Jan-1985,ucsv_sw07,p95,4.54432882805315
01-Apr-1985,ucsv_sw07,p95,4.1055366295051
01-Jul-1985,ucsv_sw07,p95,3.88305432188884
01-Oct-1985,ucsv_sw07,p95,3.62772218479887
01-Jan-1986,ucsv_sw07,p95,3.39966126578236
01-Apr-1986,ucsv_sw07,p95,3.123056508027
01-Jul-1986,ucsv_sw07,p95,3.31668715287691
01-Oct-1986,ucsv_sw07,p95,3.57516436986011
01-Jan-1987,ucsv_sw07,p95,4.07886127642369
01-Apr-1987,ucsv_sw07,p95,4.29953747084589
01-Jul-1987,ucsv_sw07,p95,4.34952509380344
01-Oct-1987,ucsv_sw07,p95,4.33331814953123
01-Jan-1988,ucsv_sw07,p95,4.42464583130026
01-Apr-1988,ucsv_sw07,p95,4.82688100054297
01-Jul-1988,ucsv_sw07,p95,5.07292489883229
01-Oct-1988,ucsv_sw07,p95,4.94782225293998
01-Jan-1989,ucsv_sw07,p95,5.06886689374452
01-Apr-1989,ucsv_sw07,p95,5.12017117107327
01-Jul-1989,ucsv_sw07,p95,4.62463840465016
01-Oct-1989,ucsv_sw07,p95,4.66677921998136
01-Jan-1990,ucsv_sw07,p95,5.24910071301368
01-Apr-1990,ucsv_sw07,p95,4.83492669823215
01-Jul-1990,ucsv_sw07,p95,5.06324604695921
01-Oct-1990,ucsv_sw07,p95,4.86177176266618
01-Jan-1991,ucsv_sw07,p95,3.78769999911132
01-Apr-1991,ucsv_sw07,p95,3.47700390372195
01-Jul-1991,ucsv_sw07,p95,3.3724383397325
01-Oct-1991,ucsv_sw07,p95,3.30379494434367
01-Jan-1992,ucsv_sw07,p95,3.17477721154461
01-Apr-1992,ucsv_sw07,p95,3.11970945956408
01-Jul-1992,ucsv_sw07,p95,3.06171557902087
01-Oct-1992,ucsv_sw07,p95,3.04824382313176
01-Jan-1993,ucsv_sw07,p95,2.90385982286892
01-Apr-1993,ucsv_sw07,p95,2.82575867212454
01-Jul-1993,ucsv_sw07,p95,2.60081639693226
01-Oct-1993,ucsv_sw07,p95,2.57285439822056
01-Jan-1994,ucsv_sw07,p95,2.46976349194118
01-Apr-1994,ucsv_sw07,p95,2.59448953508242
01-Jul-1994,ucsv_sw07,p95,2.76611763243568
01-Oct-1994,ucsv_sw07,p95,2.53464553716901
01-Jan-1995,ucsv_sw07,p95,2.4878833712069
01-Apr-1995,ucsv_sw07,p95,2.49199273994863
01-Jul-1995,ucsv_sw07,p95,2.36834949800234
01-Oct-1995,ucsv_sw07,p95,2.38112249354369
01-Jan-1996,ucsv_sw07,p95,2.53648007740118
01-Apr-1996,ucsv_sw07,p95,2.68908298663446
01-Jul-1996,ucsv_sw07,p95,2.47215522852976
01-Oct-1996,ucsv_sw07,p95,2.60154783956786
01-Jan-1997,ucsv_sw07,p95,2.18795249542149
01-Apr-1997,ucsv_sw07,p95,1.8575087236376
01-Jul-1997,ucsv_sw07,p95,1.73656009170845
01-Oct-1997,ucsv_sw07,p95,1.63521967476995
01-Jan-1998,ucsv_sw07,p95,1.50347212695549
01-Apr-1998,ucsv_sw07,p95,1.54997284907048
01-Jul-1998,ucsv_sw07,p95,1.69109095450621
01-Oct-1998,ucsv_sw07,p95,1.76382628587709
01-Jan-1999,ucsv_sw07,p95,1.93132206979875
01-Apr-1999,ucsv_sw07,p95,2.38558026895883
01-Jul-1999,ucsv_sw07,p95,2.61078395350666
01-Oct-1999,ucsv_sw07,p95,2.84542437112281
01-Jan-2000,ucsv_sw07,p95,3.11117882610405
01-Apr-2000,ucsv_sw07,p95,2.81383724358165
01-Jul-2000,ucsv_sw07,p95,2.87642083512181
01-Oct-2000,ucsv_sw07,p95,2.82356260749878
01-Jan-2001,ucsv_sw07,p95,2.8403249179929
01-Apr-2001,ucsv_sw07,p95,2.46930258438384
01-Jul-2001,ucsv_sw07,p95,2.25788449059961
01-Oct-2001,ucsv_sw07,p95,2.23045332022236
01-Jan-2002,ucsv_sw07,p95,2.30653717608793
01-Apr-2002,ucsv_sw07,p95,2.60407521370553
01-Jul-2002,ucsv_sw07,p95,2.60990854468389
01-Oct-2002,ucsv_sw07,p95,2.6577168184684
01-Jan-2003,ucsv_sw07,p95,2.78067445349539
01-Apr-2003,ucsv_sw07,p95,2.6713667144608
01-Jul-2003,ucsv_sw07,p95,2.83835449931435
01-Oct-2003,ucsv_sw07,p95,2.92104274380175
01-Jan-2004,ucsv_sw07,p95,3.11249190946251
01-Apr-2004,ucsv_sw07,p95,3.14126574145417
01-Jul-2004,ucsv_sw07,p95,3.14753152324096
01-Oct-2004,ucsv_sw07,p95,3.34665151697026
01-Jan-2005,ucsv_sw07,p95,3.31342837521102
01-Apr-2005,ucsv_sw07,p95,3.43591800876882
01-Jul-2005,ucsv_sw07,p95,3.67250242145416
01-Oct-2005,ucsv_sw07,p95,3.56768578987253
01-Jan-2006,ucsv_sw07,p95,3.44517784412514
01-Apr-2006,ucsv_sw07,p95,3.49023483814013
01-Jul-2006,ucsv_sw07,p95,3.36367152466165
01-Oct-2006,ucsv_sw07,p95,3.26650650217773
01-Jan-2007,ucsv_sw07,p95,3.48997709443904
01-Apr-2007,ucsv_sw07,p95,3.5260594049451
01-Jul-2007,ucsv_sw07,p95,3.43074652669256
01-Oct-2007,ucsv_sw07,p95,3.71096474325934
01-Jan-2008,ucsv_sw07,p95,3.55260384574293
01-Apr-2008,ucsv_sw07,p95,3.60501073113447
01-Jul-2008,ucsv_sw07,p95,3.41550405604671
01-Oct-2008,ucsv_sw07,p95,2.86726081895309
01-Jan-2009,ucsv_sw07,p95,2.79579999254288
01-Apr-2009,ucsv_sw07,p95,2.82634069654536
01-Jul-2009,ucsv_sw07,p95,2.98094977811177
01-Oct-2009,ucsv_sw07,p95,3.03630005902668
01-Jan-2010,ucsv_sw07,p95,2.79903256603237
01-Apr-2010,ucsv_sw07,p95,2.72371433363741
01-Jul-2010,ucsv_sw07,p95,2.73758241244165
01-Oct-2010,ucsv_sw07,p95,2.97111457473198
01-Jan-2011,ucsv_sw07,p95,3.2526592774577
01-Apr-2011,ucsv_sw07,p95,3.33531452142504
01-Jul-2011,ucsv_sw07,p95,2.80840062411058
01-Oct-2011,ucsv_sw07,p95,2.60607120133857
01-Jan-2012,ucsv_sw07,p95,2.59700765678055
01-Apr-2012,ucsv_sw07,p95,2.34274959627335
01-Jul-2012,ucsv_sw07,p95,2.24785992659559
01-Oct-2012,ucsv_sw07,p95,2.29031907457822
01-Jan-2013,ucsv_sw07,p95,2.11541535831689
01-Apr-2013,ucsv_sw07,p95,1.98121738862436
01-Jul-2013,ucsv_sw07,p95,2.06631943868812
01-Oct-2013,ucsv_sw07,p95,2.07703419146568
01-Jan-2014,ucsv_sw07,p95,2.12626458975657
01-Apr-2014,ucsv_sw07,p95,2.00236640777623
01-Jul-2014,ucsv_sw07,p95,1.72411422935174
01-Oct-2014,ucsv_sw07,p95,1.49930861996549
01-Jan-2015,ucsv_sw07,p95,1.43666850383587
01-Apr-2015,ucsv_sw07,p95,1.71521148728958
01-Jul-2015,ucsv_sw07,p95,1.65497138994211
01-Oct-2015,ucsv_sw07,p95,1.59910170634904
01-Jan-2016,ucsv_sw07,p95,1.74655191094544
01-Apr-2016,ucsv_sw07,p95,2.30797655864692
01-Jul-2016,ucsv_sw07,p95,2.22520254511208
01-Oct-2016,ucsv_sw07,p95,2.38192155402043
01-Jan-2017,ucsv_sw07,p95,2.48640972530134
01-Apr-2017,ucsv_sw07,p95,2.2513985305743
01-Jul-2017,ucsv_sw07,p95,2.40645612543492
01-Oct-2017,ucsv_sw07,p95,2.7948467571407
01-Jan-2018,ucsv_sw07,p95,3.02263363302905
01-Apr-2018,ucsv_sw07,p95,2.69643192425293
01-Jul-2018,ucsv_sw07,p95,2.37739704901734
01-Oct-2018,ucsv_sw07,p95,2.27621642431753
01-Jan-2019,ucsv_sw07,p95,2.15060669791386
01-Apr-2019,ucsv_sw07,p95,2.49158953322968
01-Jul-2019,ucsv_sw07,p95,2.21540059742948
01-Oct-2019,ucsv_sw07,p95,2.29875833407102
01-Jan-2020,ucsv_sw07,p95,2.19379540431086
01-Apr-2020,ucsv_sw07,p95,2.1066704597893
01-Jul-2020,ucsv_sw07,p95,3.38122767549485
01-Oct-2020,ucsv_sw07,p95,3.77468076610056
01-Jan-2021,ucsv_sw07,p95,5.20008382530225
01-Apr-2021,ucsv_sw07,p95,6.42349872427304
01-Jul-2021,ucsv_sw07,p95,6.58276679084909
01-Oct-2021,ucsv_sw07,p95,7.31745112456189
01-Jan-2022,ucsv_sw07,p95,7.91424402953561
01-Apr-2022,ucsv_sw07,p95,7.56382305334873
01-Jul-2022,ucsv_sw07,p95,5.80392024089804
01-Oct-2022,ucsv_sw07,p95,5.03963909598931
01-Jan-2023,ucsv_sw07,p95,4.51107724058209
01-Apr-2023,ucsv_sw07,p95,3.88685841413791
01-Jul-2023,ucsv_sw07,p95,3.49428979357815
01-Oct-2023,ucsv_sw07,p95,3.21419122780558
01-Jan-2024,ucsv_sw07,p95,3.75921478467701
01-Apr-2024,ucsv_sw07,p95,3.28610610220412
01-Jul-2024,ucsv_sw07,p95,2.96369032792969
01-Oct-2024,ucsv_sw07,p95,3.24262387827418
01-Jan-2025,ucsv_sw07,p95,3.66188737788428
01-Apr-2025,ucsv_sw07,p95,3.30915149032848
01-Jul-2025,ucsv_sw07,p95,3.56602345064289
01-Oct-2025,ucsv_sw07,p95,3.93387003300449
01-Jan-2026,ucsv_sw07,p95,4.95625023809693
01-Apr-2026,ucsv_sw07,p95,5.59258407121498
